-- MySQL dump 10.13  Distrib 5.7.23, for Linux (x86_64)
--
-- Host: localhost    Database: travel_development
-- ------------------------------------------------------
-- Server version	5.7.23-0ubuntu0.16.04.1

/*!40101 SET @OLD_CHARACTER_SET_CLIENT=@@CHARACTER_SET_CLIENT */;
/*!40101 SET @OLD_CHARACTER_SET_RESULTS=@@CHARACTER_SET_RESULTS */;
/*!40101 SET @OLD_COLLATION_CONNECTION=@@COLLATION_CONNECTION */;
/*!40101 SET NAMES utf8 */;
/*!40103 SET @OLD_TIME_ZONE=@@TIME_ZONE */;
/*!40103 SET TIME_ZONE='+00:00' */;
/*!40014 SET @OLD_UNIQUE_CHECKS=@@UNIQUE_CHECKS, UNIQUE_CHECKS=0 */;
/*!40014 SET @OLD_FOREIGN_KEY_CHECKS=@@FOREIGN_KEY_CHECKS, FOREIGN_KEY_CHECKS=0 */;
/*!40101 SET @OLD_SQL_MODE=@@SQL_MODE, SQL_MODE='NO_AUTO_VALUE_ON_ZERO' */;
/*!40111 SET @OLD_SQL_NOTES=@@SQL_NOTES, SQL_NOTES=0 */;

--
-- Table structure for table `agents`
--

DROP TABLE IF EXISTS `agents`;
/*!40101 SET @saved_cs_client     = @@character_set_client */;
/*!40101 SET character_set_client = utf8 */;
CREATE TABLE `agents` (
  `id` int(11) NOT NULL AUTO_INCREMENT,
  `first_name` varchar(255) COLLATE utf8_unicode_ci DEFAULT NULL,
  `middel_name` varchar(255) COLLATE utf8_unicode_ci DEFAULT NULL,
  `last_name` varchar(255) COLLATE utf8_unicode_ci DEFAULT NULL,
  `mobile_number` varchar(255) COLLATE utf8_unicode_ci DEFAULT NULL,
  `status` tinyint(1) DEFAULT NULL,
  `created_at` datetime NOT NULL,
  `updated_at` datetime NOT NULL,
  PRIMARY KEY (`id`)
) ENGINE=InnoDB AUTO_INCREMENT=8 DEFAULT CHARSET=utf8 COLLATE=utf8_unicode_ci;
/*!40101 SET character_set_client = @saved_cs_client */;

--
-- Dumping data for table `agents`
--

LOCK TABLES `agents` WRITE;
/*!40000 ALTER TABLE `agents` DISABLE KEYS */;
INSERT INTO `agents` VALUES (2,'PRAVIN','','SURYAVANSHI','9965321470',1,'2018-09-19 11:37:43','2018-09-19 11:37:43'),(3,'Rajesh','','giri','8888280680',1,'2018-09-25 07:41:09','2018-09-25 07:47:05'),(4,'VIJAY','','GADE','9145428292',1,'2018-09-25 07:42:40','2018-09-25 07:48:49'),(5,'FIROZ','','SHAIKH','8380892680',1,'2018-09-25 07:43:47','2018-09-25 07:48:57'),(6,'VIJAY','','ALTE','9158970184',1,'2018-09-25 07:46:35','2018-09-25 07:46:35'),(7,'VIJAY','','GANDRE','8605891500',1,'2018-09-25 08:58:22','2018-09-25 08:58:22');
/*!40000 ALTER TABLE `agents` ENABLE KEYS */;
UNLOCK TABLES;

--
-- Table structure for table `booking_communications`
--

DROP TABLE IF EXISTS `booking_communications`;
/*!40101 SET @saved_cs_client     = @@character_set_client */;
/*!40101 SET character_set_client = utf8 */;
CREATE TABLE `booking_communications` (
  `id` int(11) NOT NULL AUTO_INCREMENT,
  `vehicle_booking_id` int(11) DEFAULT NULL,
  `variant` varchar(255) COLLATE utf8_unicode_ci DEFAULT NULL,
  `vc_number` varchar(255) COLLATE utf8_unicode_ci DEFAULT NULL,
  `quality` varchar(255) COLLATE utf8_unicode_ci DEFAULT NULL,
  `company_name` varchar(255) COLLATE utf8_unicode_ci DEFAULT NULL,
  `designation` varchar(255) COLLATE utf8_unicode_ci DEFAULT NULL,
  `customer_po_no` varchar(255) COLLATE utf8_unicode_ci DEFAULT NULL,
  `insurance` varchar(255) COLLATE utf8_unicode_ci DEFAULT NULL,
  `registration` varchar(255) COLLATE utf8_unicode_ci DEFAULT NULL,
  `delivery_location` varchar(255) COLLATE utf8_unicode_ci DEFAULT NULL,
  `expected_delivery` date DEFAULT NULL,
  `sales_person` varchar(255) COLLATE utf8_unicode_ci DEFAULT NULL,
  `ex_showroom_price` varchar(255) COLLATE utf8_unicode_ci DEFAULT NULL,
  `insurance_amount` varchar(255) COLLATE utf8_unicode_ci DEFAULT NULL,
  `registration_amount` varchar(255) COLLATE utf8_unicode_ci DEFAULT NULL,
  `accessories_vat_amount` varchar(255) COLLATE utf8_unicode_ci DEFAULT NULL,
  `txtenaea_warranty_amount` varchar(255) COLLATE utf8_unicode_ci DEFAULT NULL,
  `amc_amount` varchar(255) COLLATE utf8_unicode_ci DEFAULT NULL,
  `exchange_amount` varchar(255) COLLATE utf8_unicode_ci DEFAULT NULL,
  `exchange_discount` varchar(255) COLLATE utf8_unicode_ci DEFAULT NULL,
  `logistics_charges` varchar(255) COLLATE utf8_unicode_ci DEFAULT NULL,
  `corporate_offer` varchar(255) COLLATE utf8_unicode_ci DEFAULT NULL,
  `taxes_levies` varchar(255) COLLATE utf8_unicode_ci DEFAULT NULL,
  `tatoal_recevivable_amount` varchar(255) COLLATE utf8_unicode_ci DEFAULT NULL,
  `finance_by` varchar(255) COLLATE utf8_unicode_ci DEFAULT NULL,
  `finance_amount` varchar(255) COLLATE utf8_unicode_ci DEFAULT NULL,
  `down_payment` varchar(255) COLLATE utf8_unicode_ci DEFAULT NULL,
  `emi_amount` varchar(255) COLLATE utf8_unicode_ci DEFAULT NULL,
  `car_model` varchar(255) COLLATE utf8_unicode_ci DEFAULT NULL,
  `make` varchar(255) COLLATE utf8_unicode_ci DEFAULT NULL,
  `year_of_manufacture` varchar(255) COLLATE utf8_unicode_ci DEFAULT NULL,
  `varluation_amount` varchar(255) COLLATE utf8_unicode_ci DEFAULT NULL,
  `special_insurance` text COLLATE utf8_unicode_ci,
  `created_at` datetime NOT NULL,
  `updated_at` datetime NOT NULL,
  `accessories` tinyint(1) DEFAULT NULL,
  `extended_warranty` tinyint(1) DEFAULT NULL,
  `amc` tinyint(1) DEFAULT NULL,
  `other` tinyint(1) DEFAULT NULL,
  `other1` tinyint(1) DEFAULT NULL,
  PRIMARY KEY (`id`),
  KEY `index_booking_communications_on_vehicle_booking_id` (`vehicle_booking_id`),
  CONSTRAINT `fk_rails_66dc8886ea` FOREIGN KEY (`vehicle_booking_id`) REFERENCES `vehicle_bookings` (`id`)
) ENGINE=InnoDB AUTO_INCREMENT=3 DEFAULT CHARSET=utf8 COLLATE=utf8_unicode_ci;
/*!40101 SET character_set_client = @saved_cs_client */;

--
-- Dumping data for table `booking_communications`
--

LOCK TABLES `booking_communications` WRITE;
/*!40000 ALTER TABLE `booking_communications` DISABLE KEYS */;
INSERT INTO `booking_communications` VALUES (1,10,'ZEST XM QJT 75 PLUS','','1','','','','IN HOUSE','IN HOUSE','BSE CABS','2018-09-21','RAHUL MARKAD','725318','45000','21245','','','','','','6500','600','','798663','','','','','','','','','10 TO 15 DAYS','2018-09-19 07:16:01','2018-09-19 07:16:01',0,0,0,0,0),(2,10,'ZEST XM QJT 75 PLUS','','1','','','','IN HOUSE','IN HOUSE','BSE CABS','2018-09-21','RAHUL MARKAD','725318','45000','21245','','','','','','6500','600','','798663','','','','','','','','','10 TO 15 DAYS','2018-09-19 07:16:02','2018-09-19 07:16:02',0,0,0,0,0);
/*!40000 ALTER TABLE `booking_communications` ENABLE KEYS */;
UNLOCK TABLES;

--
-- Table structure for table `branches`
--

DROP TABLE IF EXISTS `branches`;
/*!40101 SET @saved_cs_client     = @@character_set_client */;
/*!40101 SET character_set_client = utf8 */;
CREATE TABLE `branches` (
  `id` int(11) NOT NULL AUTO_INCREMENT,
  `code` varchar(255) COLLATE utf8_unicode_ci DEFAULT NULL,
  `name` varchar(255) COLLATE utf8_unicode_ci DEFAULT NULL,
  `address` text COLLATE utf8_unicode_ci,
  `email` varchar(255) COLLATE utf8_unicode_ci DEFAULT NULL,
  `contact_no` varchar(255) COLLATE utf8_unicode_ci DEFAULT NULL,
  `status` tinyint(1) DEFAULT NULL,
  `created_at` datetime DEFAULT NULL,
  `updated_at` datetime DEFAULT NULL,
  `company_id` int(11) DEFAULT NULL,
  PRIMARY KEY (`id`),
  KEY `fk_rails_9d5c1c06e3` (`company_id`),
  CONSTRAINT `fk_rails_9d5c1c06e3` FOREIGN KEY (`company_id`) REFERENCES `companies` (`id`)
) ENGINE=InnoDB AUTO_INCREMENT=5 DEFAULT CHARSET=utf8 COLLATE=utf8_unicode_ci;
/*!40101 SET character_set_client = @saved_cs_client */;

--
-- Dumping data for table `branches`
--

LOCK TABLES `branches` WRITE;
/*!40000 ALTER TABLE `branches` DISABLE KEYS */;
INSERT INTO `branches` VALUES (1,'B001','Pune','Magarpatta','b001@gmail.com','1234567890',1,'2018-07-20 05:58:19','2018-07-20 05:58:19',1),(2,'B002','Nashik','','','',1,'2018-08-09 07:45:53','2018-08-11 09:44:46',1),(3,'C003','Mumbai','Thane','b003@gmail.com','8887762345',1,'2018-08-09 07:50:40','2018-08-09 07:50:40',1),(4,'B004','Delhi','Delhi','b004@gmail.com','8596743215',1,'2018-08-10 12:28:12','2018-08-10 12:28:12',1);
/*!40000 ALTER TABLE `branches` ENABLE KEYS */;
UNLOCK TABLES;

--
-- Table structure for table `companies`
--

DROP TABLE IF EXISTS `companies`;
/*!40101 SET @saved_cs_client     = @@character_set_client */;
/*!40101 SET character_set_client = utf8 */;
CREATE TABLE `companies` (
  `id` int(11) NOT NULL AUTO_INCREMENT,
  `code` varchar(255) COLLATE utf8_unicode_ci DEFAULT NULL,
  `name` varchar(255) COLLATE utf8_unicode_ci DEFAULT NULL,
  `address` text COLLATE utf8_unicode_ci,
  `country` varchar(255) COLLATE utf8_unicode_ci DEFAULT NULL,
  `state` varchar(255) COLLATE utf8_unicode_ci DEFAULT NULL,
  `district` varchar(255) COLLATE utf8_unicode_ci DEFAULT NULL,
  `city` varchar(255) COLLATE utf8_unicode_ci DEFAULT NULL,
  `pin_code` int(11) DEFAULT NULL,
  `email` varchar(255) COLLATE utf8_unicode_ci DEFAULT NULL,
  `contact_no` varchar(255) COLLATE utf8_unicode_ci DEFAULT NULL,
  `status` tinyint(1) DEFAULT NULL,
  `created_at` datetime DEFAULT NULL,
  `updated_at` datetime DEFAULT NULL,
  `logo_file_name` varchar(255) COLLATE utf8_unicode_ci DEFAULT NULL,
  `logo_content_type` varchar(255) COLLATE utf8_unicode_ci DEFAULT NULL,
  `logo_file_size` int(11) DEFAULT NULL,
  `logo_updated_at` datetime DEFAULT NULL,
  PRIMARY KEY (`id`)
) ENGINE=InnoDB AUTO_INCREMENT=2 DEFAULT CHARSET=utf8 COLLATE=utf8_unicode_ci;
/*!40101 SET character_set_client = @saved_cs_client */;

--
-- Dumping data for table `companies`
--

LOCK TABLES `companies` WRITE;
/*!40000 ALTER TABLE `companies` DISABLE KEYS */;
INSERT INTO `companies` VALUES (1,'C001','BSE Cabs','Akurdi, Pune, Maharashtra.411035','India','Maharashtra','Pune','Pune',411035,'abc@gmail.com','9632785410',1,'2018-07-20 05:58:19','2018-09-18 05:22:11','logo.jpeg','image/jpeg',81464,'2018-07-20 09:18:53');
/*!40000 ALTER TABLE `companies` ENABLE KEYS */;
UNLOCK TABLES;

--
-- Table structure for table `document_lists`
--

DROP TABLE IF EXISTS `document_lists`;
/*!40101 SET @saved_cs_client     = @@character_set_client */;
/*!40101 SET character_set_client = utf8 */;
CREATE TABLE `document_lists` (
  `id` int(11) NOT NULL AUTO_INCREMENT,
  `employee_id` int(11) DEFAULT NULL,
  `document_master_id` int(11) DEFAULT NULL,
  `vehicle_booking_id` int(11) DEFAULT NULL,
  `status` tinyint(1) DEFAULT NULL,
  `created_at` datetime NOT NULL,
  `updated_at` datetime NOT NULL,
  PRIMARY KEY (`id`),
  KEY `index_document_lists_on_employee_id` (`employee_id`),
  KEY `index_document_lists_on_document_master_id` (`document_master_id`),
  KEY `index_document_lists_on_vehicle_booking_id` (`vehicle_booking_id`),
  CONSTRAINT `fk_rails_141cc2c46f` FOREIGN KEY (`document_master_id`) REFERENCES `document_masters` (`id`),
  CONSTRAINT `fk_rails_42afe1ea1c` FOREIGN KEY (`employee_id`) REFERENCES `employees` (`id`),
  CONSTRAINT `fk_rails_c297ee7287` FOREIGN KEY (`vehicle_booking_id`) REFERENCES `vehicle_bookings` (`id`)
) ENGINE=InnoDB AUTO_INCREMENT=106 DEFAULT CHARSET=utf8 COLLATE=utf8_unicode_ci;
/*!40101 SET character_set_client = @saved_cs_client */;

--
-- Dumping data for table `document_lists`
--

LOCK TABLES `document_lists` WRITE;
/*!40000 ALTER TABLE `document_lists` DISABLE KEYS */;
INSERT INTO `document_lists` VALUES (67,NULL,2,13,0,'2018-09-18 11:36:09','2018-09-18 11:36:09'),(68,NULL,3,13,0,'2018-09-18 11:36:09','2018-09-18 11:36:09'),(69,NULL,4,13,0,'2018-09-18 11:36:09','2018-09-18 11:36:09'),(70,NULL,5,13,0,'2018-09-18 11:36:09','2018-09-18 11:36:09'),(71,NULL,6,13,0,'2018-09-18 11:36:09','2018-09-18 11:36:09'),(72,NULL,7,13,0,'2018-09-18 11:36:09','2018-09-18 11:36:09'),(73,NULL,8,13,0,'2018-09-18 11:36:09','2018-09-18 11:36:09'),(74,NULL,9,13,0,'2018-09-18 11:36:09','2018-09-18 11:36:09'),(75,NULL,10,13,0,'2018-09-18 11:36:09','2018-09-18 11:36:09'),(76,NULL,11,13,0,'2018-09-18 11:36:09','2018-09-18 11:36:09'),(77,NULL,12,13,0,'2018-09-18 11:36:09','2018-09-18 11:36:09'),(78,NULL,13,13,0,'2018-09-18 11:36:09','2018-09-18 11:36:09'),(79,NULL,14,13,0,'2018-09-18 11:36:09','2018-09-18 11:36:09'),(80,NULL,2,14,0,'2018-09-18 12:03:17','2018-09-18 12:03:17'),(81,NULL,3,14,0,'2018-09-18 12:03:17','2018-09-18 12:03:17'),(82,NULL,4,14,0,'2018-09-18 12:03:17','2018-09-18 12:03:17'),(83,NULL,5,14,0,'2018-09-18 12:03:17','2018-09-18 12:03:17'),(84,NULL,6,14,0,'2018-09-18 12:03:17','2018-09-18 12:03:17'),(85,NULL,7,14,0,'2018-09-18 12:03:17','2018-09-18 12:03:17'),(86,NULL,8,14,0,'2018-09-18 12:03:17','2018-09-18 12:03:17'),(87,NULL,9,14,0,'2018-09-18 12:03:17','2018-09-18 12:03:17'),(88,NULL,10,14,0,'2018-09-18 12:03:17','2018-09-18 12:03:17'),(89,NULL,11,14,0,'2018-09-18 12:03:17','2018-09-18 12:03:17'),(90,NULL,12,14,0,'2018-09-18 12:03:17','2018-09-18 12:03:17'),(91,NULL,13,14,0,'2018-09-18 12:03:17','2018-09-18 12:03:17'),(92,NULL,14,14,0,'2018-09-18 12:03:17','2018-09-18 12:03:17'),(93,NULL,2,15,0,'2018-09-19 05:43:10','2018-09-19 05:43:10'),(94,NULL,3,15,0,'2018-09-19 05:43:10','2018-09-19 05:43:10'),(95,NULL,4,15,0,'2018-09-19 05:43:10','2018-09-19 05:43:10'),(96,NULL,5,15,0,'2018-09-19 05:43:10','2018-09-19 05:43:10'),(97,NULL,6,15,0,'2018-09-19 05:43:10','2018-09-19 05:43:10'),(98,NULL,7,15,0,'2018-09-19 05:43:10','2018-09-19 05:43:10'),(99,NULL,8,15,0,'2018-09-19 05:43:10','2018-09-19 05:43:10'),(100,NULL,9,15,0,'2018-09-19 05:43:10','2018-09-19 05:43:10'),(101,NULL,10,15,0,'2018-09-19 05:43:10','2018-09-19 05:43:10'),(102,NULL,11,15,0,'2018-09-19 05:43:10','2018-09-19 05:43:10'),(103,NULL,12,15,0,'2018-09-19 05:43:10','2018-09-19 05:43:10'),(104,NULL,13,15,0,'2018-09-19 05:43:10','2018-09-19 05:43:10'),(105,NULL,14,15,0,'2018-09-19 05:43:10','2018-09-19 05:43:10');
/*!40000 ALTER TABLE `document_lists` ENABLE KEYS */;
UNLOCK TABLES;

--
-- Table structure for table `document_masters`
--

DROP TABLE IF EXISTS `document_masters`;
/*!40101 SET @saved_cs_client     = @@character_set_client */;
/*!40101 SET character_set_client = utf8 */;
CREATE TABLE `document_masters` (
  `id` int(11) NOT NULL AUTO_INCREMENT,
  `code` varchar(255) COLLATE utf8_unicode_ci DEFAULT NULL,
  `name` varchar(255) COLLATE utf8_unicode_ci DEFAULT NULL,
  `description` text COLLATE utf8_unicode_ci,
  `status` tinyint(1) DEFAULT NULL,
  `created_at` datetime NOT NULL,
  `updated_at` datetime NOT NULL,
  PRIMARY KEY (`id`)
) ENGINE=InnoDB AUTO_INCREMENT=15 DEFAULT CHARSET=utf8 COLLATE=utf8_unicode_ci;
/*!40101 SET character_set_client = @saved_cs_client */;

--
-- Dumping data for table `document_masters`
--

LOCK TABLES `document_masters` WRITE;
/*!40000 ALTER TABLE `document_masters` DISABLE KEYS */;
INSERT INTO `document_masters` VALUES (2,'D_101','APPLICANT PAN','APPLICANT PAN',1,'2018-08-09 10:22:00','2018-08-22 09:58:13'),(3,'D_102','APPLICANT AADHAR','APPLICANT AADHAR',1,'2018-08-22 09:58:39','2018-08-22 09:58:39'),(4,'D_103','APPLICANT TR LICENCE','APPLICANT TR LICENCE',1,'2018-08-22 11:28:34','2018-08-22 11:28:34'),(5,'D_104','APPLICANT RENT AGREE','APPLICANT RENT AGREE',1,'2018-08-22 11:29:01','2018-08-22 11:29:01'),(6,'D_105','APPLICANT LIGHT BILL','APPLICANT LIGHT BILL',1,'2018-08-22 11:29:28','2018-08-22 11:29:28'),(7,'D_106','APPLICANT BANK STATEMENT 6M','BANK STATEMENT 6M ',1,'2018-08-22 11:29:57','2018-08-22 11:29:57'),(8,'D_107','APPLICANT PHOTO','APPLICANT PHOTO',1,'2018-08-22 11:30:20','2018-08-22 11:30:20'),(9,'D_108','GURANTOR PAN','GURANTOR PAN',1,'2018-08-22 11:30:45','2018-08-22 11:30:45'),(10,'D_109','GURANTOR  AADHAR','GURANTOR  AADHAR',1,'2018-08-22 11:31:08','2018-08-22 11:31:08'),(11,'D_110','GURANTOR RENT AGREE','GURANTOR RENT AGREE',1,'2018-08-22 11:31:42','2018-08-22 11:31:42'),(12,'D_111','GURANTOR LIGHT BILL','GURANTOR LIGHT BILL',1,'2018-08-22 11:32:08','2018-08-22 11:32:08'),(13,'D_112','GURANTOR BANK STATEMENT 6M','GURANTOR BANK STATEMENT 6M',1,'2018-08-22 11:32:35','2018-08-22 11:32:35'),(14,'D_113','GURANTOR PHOTO','GURANTOR PHOTO',1,'2018-08-22 11:33:05','2018-08-22 11:33:05');
/*!40000 ALTER TABLE `document_masters` ENABLE KEYS */;
UNLOCK TABLES;

--
-- Table structure for table `employees`
--

DROP TABLE IF EXISTS `employees`;
/*!40101 SET @saved_cs_client     = @@character_set_client */;
/*!40101 SET character_set_client = utf8 */;
CREATE TABLE `employees` (
  `id` int(11) NOT NULL AUTO_INCREMENT,
  `code` varchar(255) COLLATE utf8_unicode_ci DEFAULT NULL,
  `prefix` varchar(255) COLLATE utf8_unicode_ci DEFAULT NULL,
  `first_name` varchar(255) COLLATE utf8_unicode_ci DEFAULT NULL,
  `middle_name` varchar(255) COLLATE utf8_unicode_ci DEFAULT NULL,
  `last_name` varchar(255) COLLATE utf8_unicode_ci DEFAULT NULL,
  `date_of_birth` date DEFAULT NULL,
  `gender` varchar(255) COLLATE utf8_unicode_ci DEFAULT NULL,
  `contact_no` varchar(255) COLLATE utf8_unicode_ci DEFAULT NULL,
  `email` varchar(255) COLLATE utf8_unicode_ci DEFAULT NULL,
  `blood_group` varchar(255) COLLATE utf8_unicode_ci DEFAULT NULL,
  `address` varchar(255) COLLATE utf8_unicode_ci DEFAULT NULL,
  `country` varchar(255) COLLATE utf8_unicode_ci DEFAULT NULL,
  `state` varchar(255) COLLATE utf8_unicode_ci DEFAULT NULL,
  `district` varchar(255) COLLATE utf8_unicode_ci DEFAULT NULL,
  `city` varchar(255) COLLATE utf8_unicode_ci DEFAULT NULL,
  `pin_code` int(11) DEFAULT NULL,
  `adhar_no` varchar(255) COLLATE utf8_unicode_ci DEFAULT NULL,
  `status` tinyint(1) DEFAULT NULL,
  `created_at` datetime DEFAULT NULL,
  `updated_at` datetime DEFAULT NULL,
  `company_id` int(11) DEFAULT NULL,
  `branch_id` int(11) DEFAULT NULL,
  PRIMARY KEY (`id`),
  KEY `fk_rails_15ca1438d5` (`company_id`),
  KEY `fk_rails_8604ac23f2` (`branch_id`),
  CONSTRAINT `fk_rails_15ca1438d5` FOREIGN KEY (`company_id`) REFERENCES `companies` (`id`),
  CONSTRAINT `fk_rails_8604ac23f2` FOREIGN KEY (`branch_id`) REFERENCES `branches` (`id`)
) ENGINE=InnoDB AUTO_INCREMENT=10 DEFAULT CHARSET=utf8 COLLATE=utf8_unicode_ci;
/*!40101 SET character_set_client = @saved_cs_client */;

--
-- Dumping data for table `employees`
--

LOCK TABLES `employees` WRITE;
/*!40000 ALTER TABLE `employees` DISABLE KEYS */;
INSERT INTO `employees` VALUES (1,'10001','Mr.','Admin','BSE','Cab',NULL,'Male','9876543210','admin@gmail.com','B+','Akurdi.','India','Maharashtra','Pune','Pune',123654,'',1,'2018-07-20 05:58:19','2018-09-18 13:27:10',1,1),(2,'10002','Mrs.','Rahul','BSE','Cab',NULL,'Male','','telecaller@gmail.com','','Akurdi','India','Maharashtra','Mumbai','',NULL,'',1,'2018-07-20 11:45:17','2018-09-18 13:27:50',1,1),(3,'10003','','Tejaswita','Prakash','Kadam','1990-12-28','Female','8788260877','ktejaswita28@gmail.com','AB+','Akurdi','India','Maharashtra','Pune','Akurdi',111117,'',1,'2018-08-10 12:32:17','2018-08-22 09:47:15',1,1),(4,'10004','Miss.','Surekha','Ghavate','Kaluram ','1990-10-25','Female','8208911060','surekhakumari2018@gmail.com','B+','Akurdi','India','Maharashtra','Pune','Pune',123654,'',1,'2018-08-22 09:49:25','2018-09-18 13:25:01',1,1),(9,'10006','Mr.','Kalpesh','Anil','Pangerkar','1986-12-23','Male','8999862651','pangerkarkalpesh888@gmail.com','A+','Akurdi','India','Maharashtra','Pune','PUNE',411035,'',1,'2018-09-07 09:52:06','2018-09-18 13:25:58',1,1);
/*!40000 ALTER TABLE `employees` ENABLE KEYS */;
UNLOCK TABLES;

--
-- Table structure for table `enquiries`
--

DROP TABLE IF EXISTS `enquiries`;
/*!40101 SET @saved_cs_client     = @@character_set_client */;
/*!40101 SET character_set_client = utf8 */;
CREATE TABLE `enquiries` (
  `id` int(11) NOT NULL AUTO_INCREMENT,
  `mobile_no` varchar(255) COLLATE utf8_unicode_ci DEFAULT NULL,
  `name_first` varchar(255) COLLATE utf8_unicode_ci DEFAULT NULL,
  `middle_name` varchar(255) COLLATE utf8_unicode_ci DEFAULT NULL,
  `last_name` varchar(255) COLLATE utf8_unicode_ci DEFAULT NULL,
  `email` varchar(255) COLLATE utf8_unicode_ci DEFAULT NULL,
  `address` text COLLATE utf8_unicode_ci,
  `place` varchar(255) COLLATE utf8_unicode_ci DEFAULT NULL,
  `user_id` int(11) DEFAULT NULL,
  `created_at` datetime DEFAULT NULL,
  `updated_at` datetime DEFAULT NULL,
  `vehicle_type_id` int(11) DEFAULT NULL,
  `scheme_id` int(11) DEFAULT NULL,
  `enquiry_date` date DEFAULT NULL,
  `description` text COLLATE utf8_unicode_ci,
  `status` varchar(255) COLLATE utf8_unicode_ci DEFAULT NULL,
  PRIMARY KEY (`id`),
  KEY `index_enquiries_on_user_id` (`user_id`),
  KEY `fk_rails_c8404dfc83` (`vehicle_type_id`),
  KEY `fk_rails_97a38ddb44` (`scheme_id`),
  CONSTRAINT `fk_rails_4cb86fa9ea` FOREIGN KEY (`user_id`) REFERENCES `users` (`id`),
  CONSTRAINT `fk_rails_97a38ddb44` FOREIGN KEY (`scheme_id`) REFERENCES `schemes` (`id`),
  CONSTRAINT `fk_rails_c8404dfc83` FOREIGN KEY (`vehicle_type_id`) REFERENCES `vehicle_types` (`id`)
) ENGINE=InnoDB AUTO_INCREMENT=607 DEFAULT CHARSET=utf8 COLLATE=utf8_unicode_ci;
/*!40101 SET character_set_client = @saved_cs_client */;

--
-- Dumping data for table `enquiries`
--

LOCK TABLES `enquiries` WRITE;
/*!40000 ALTER TABLE `enquiries` DISABLE KEYS */;
INSERT INTO `enquiries` VALUES (18,'8888951118','Rakesh','','Shinde','','Lonikand','Pune',3,'2018-08-30 11:54:08','2018-09-18 11:36:09',NULL,13,'2018-08-30','Inquiry abhout w/r in office. Customer  will tomorrow with doc.','Booked'),(19,'9922138338','Santosh','','Shinkar','','SHIRUR','',4,'2018-08-30 11:55:48','2018-08-30 11:55:48',NULL,12,'2018-08-30','will come to office ','Interested'),(20,'9511699413','Pawar','','','','Katraj','Pune',3,'2018-08-30 11:57:58','2018-09-18 12:03:17',NULL,13,'2018-08-30','Inquiry about w/r on call','Booked'),(21,'9765027865','Siraj','Kasim ','Shaikh','','','hadapsar',4,'2018-08-31 04:38:30','2018-08-31 05:02:32',NULL,8,'2018-08-31','','Interested'),(22,'7775911097','DEEPAK','','','','','warje',4,'2018-08-31 05:22:40','2018-08-31 05:22:40',NULL,9,'2018-08-31','','Interested'),(23,'7083438787','Tushar','','Gaikwad','','Bavdhan','Pune',3,'2018-08-31 07:58:56','2018-09-01 05:37:05',NULL,13,'2018-08-31','Inquiry abhout tata zest cng in office.customer will come tomorrow with doc. (swig i customer)','Interested'),(24,'8698697354','Sachin','','Aalapure','','Narhe','Pune',3,'2018-08-31 10:08:41','2018-09-03 12:23:56',NULL,13,'2018-08-31','Customer Asked abhout axcent.give him doc list .he will come tomorrow .','Booked'),(25,'8484944051','Laxman','','Oval','','','Kothrud',4,'2018-08-31 11:11:09','2018-08-31 11:11:09',NULL,8,'2018-08-31','Will come to the office on 31/8','1'),(26,'8668521641','Gangadhar','','Dindore','','Sangvi','Pune',3,'2018-09-01 04:14:47','2018-09-05 10:26:36',NULL,8,'2018-09-01','Inauiry about w/r','Interested'),(27,'7888191923','Santosh','','Gavade','','pune','katraj',4,'2018-09-01 04:53:26','2018-09-01 04:53:26',NULL,9,'2018-09-01','TR Not available-NT lic','Interested'),(28,'9665049868','JOYDRATH','','BHANDARWAD','','shivne','pune',3,'2018-09-01 04:58:22','2018-09-01 04:58:22',NULL,1,'2018-08-31','Inquiry about Zest .','Interested'),(29,'9730137920','Rajkumar','','','','Pune','Kalewadi',1,'2018-09-01 04:58:48','2018-09-17 14:17:30',NULL,8,'2018-09-01','will come to office on 1/9/2018','Interested'),(30,'7011312181','jitendra','','','','','mayur vihar',4,'2018-09-01 05:07:18','2018-09-01 05:07:18',NULL,6,'2018-09-01','','Interested'),(31,'7972226977','YOGESH','','','','wagholi','pune',3,'2018-09-01 05:10:42','2018-09-01 05:10:42',NULL,6,'2018-09-01','Inquiry about Zest on call.','Interested'),(32,'9860822600','AMAR','','PATHAN','','MOSHI','pune',3,'2018-09-01 05:14:00','2018-09-01 05:14:00',NULL,1,'2018-09-01','Inquiry about Dezire & X-Cent on call. (Reference  mahesh shinde custome. )','Interested'),(33,'8668583330','Shankar','','Kamble','','','',3,'2018-09-01 05:15:36','2018-09-01 05:15:36',NULL,10,'2018-09-01','Inquiry about w/r  on call.','Interested'),(34,'7083636777','krushna','','Chate','','','',3,'2018-09-01 05:22:17','2018-09-01 05:22:17',NULL,1,'2018-09-01','Inquiry about Zest on call','Interested'),(35,'8208824929','Sanjay ','','Thorve','','','',3,'2018-09-01 05:31:15','2018-09-01 05:31:15',NULL,6,'2018-09-01','Inquiry about x-cent on call ,but he has RS 40000 down payment .','Interested'),(36,'9325366614','Nilesh','','rajavat','','','Bawdhan',4,'2018-09-01 05:33:22','2018-09-01 05:33:22',NULL,4,'2018-09-01','inquired about innova','Interested'),(37,'8956396621','Sunil','','rathod','','','hadapsar',4,'2018-09-01 05:34:03','2018-09-01 05:34:03',NULL,8,'2018-09-01','','Interested'),(38,'7507937742','ankush','','bhad','','','chakan',4,'2018-09-01 05:46:48','2018-09-01 09:53:16',NULL,3,'2018-09-01','','Booked'),(39,'9730019333','Tushar','','Waghmare','','','',3,'2018-09-01 05:49:11','2018-09-01 05:49:11',NULL,6,'2018-09-01','Inquiry about Zest & x-cent in office. ','Interested'),(40,'9595588687','kunal','','dafale','','','chakan',4,'2018-09-01 05:50:47','2018-09-01 05:50:47',NULL,12,'2018-09-01','','Interested'),(41,'8788957080','Raju ','','Sakat','','Nigdi','pune',3,'2018-09-01 05:52:53','2018-09-01 05:52:53',NULL,6,'2018-09-01','Inquiry about Zest & x-cent in office. ','Interested'),(42,'9689151193','Amol','','Dhage','','Utthamnagar','pune',3,'2018-09-01 05:54:30','2018-09-01 05:54:30',NULL,3,'2018-09-01','Inquiry about Zest .','Interested'),(43,'9146073351','Shivanand','','Mochi','','','',3,'2018-09-01 06:00:19','2018-09-01 06:00:19',NULL,12,'2018-09-01','Inquiry about w/r on call.','Interested'),(44,'8830772994','Chandrashakhar ','','Patil','','','',3,'2018-09-01 06:41:28','2018-09-01 06:41:28',NULL,13,'2018-09-01','Inquiry about innova','Interested'),(45,'7030471029','Mukund','','','','','',3,'2018-09-01 06:46:42','2018-09-01 06:46:42',NULL,13,'2018-09-01','Inquiry about innova on call.','Interested'),(46,'7219672727','CHETAN','','AGHATE','','','BHOR',4,'2018-09-01 08:17:15','2018-09-01 08:17:15',NULL,3,'2018-09-01','','Interested'),(47,'976407005','SATISH','J','','','','NARHE',4,'2018-09-01 08:18:33','2018-09-01 08:18:33',NULL,8,'2018-09-01','','Interested'),(48,'9881334115','HARIBHAU','','SADGHAR','','KATRAJ','pune',3,'2018-09-01 08:25:29','2018-09-01 08:25:29',NULL,8,'2018-09-01','Inquiry about Dezire on call.','Interested'),(49,'9511251197','GURUPRASAD','','GUDE','','','',3,'2018-09-01 08:44:22','2018-09-01 08:44:22',NULL,6,'2018-09-01','INQUIRY ABOUT X-CENT ON CALL.','Interested'),(50,'9890606947','SANDEEP','','','','','NIGDI',4,'2018-09-01 08:46:24','2018-09-01 08:46:24',NULL,6,'2018-09-01','','Interested'),(51,'9922638810','VIJAY','','G','','','SHIVANE',1,'2018-09-01 08:50:10','2018-09-17 14:18:14',NULL,13,'2018-09-01','','Interested'),(52,'9881980487','AMIT','','PATEL','','','MUNDHAWA',4,'2018-09-01 09:02:50','2018-09-01 09:02:50',NULL,3,'2018-09-01','','Interested'),(53,'9881039782','TEJAS','','THORAT','','pimpri','pune',3,'2018-09-01 09:09:25','2018-09-01 09:09:25',NULL,8,'2018-09-01','Inquiry about Dzire on call','Interested'),(54,'7588001712','CHIMTE','','SANJAY','','SHIVAJINAGAR','pune',3,'2018-09-01 09:11:11','2018-09-01 09:11:11',NULL,8,'2018-09-01','Inquiry about Dezire  on call','Interested'),(55,'7972292609','RUSHABH','','DAHATONDE','','NIGDI','PUNE',3,'2018-09-01 10:38:39','2018-09-04 09:14:42',NULL,13,'2018-09-01','will come to office ','Interested'),(56,'8788366932','SHARAD','','WADKAR','','','BHOSARI',4,'2018-09-01 10:43:44','2018-09-01 10:43:44',NULL,4,'2018-09-01','','Interested'),(57,'9604653947','PRAVIN','','SURYANSHI','','DIGHI','PUNE',3,'2018-09-01 10:51:55','2018-09-01 10:51:55',NULL,7,'2018-09-01','will come to office .Inquiry about x-cent','Interested'),(58,'9766371822','KASHINATH','','AWATE','','','PUNE',4,'2018-09-01 11:01:54','2018-09-01 11:01:54',NULL,8,'2018-09-01','WILL COME TO THE OFFICE','Interested'),(59,'9689891197','Vikas','','Gaikwad','','Ravet','PUNE',3,'2018-09-01 11:16:47','2018-09-01 11:16:47',NULL,12,'2018-09-01','will come to office inquiry for w/r.','Interested'),(60,'7875700336','UMESH','','DHANE','','','VIMARNAGAR',4,'2018-09-01 11:18:07','2018-09-01 11:18:07',NULL,4,'2018-09-01','INNOVA','Interested'),(61,'703047981','SUNIL','','RATHOD','','HADPSAR','PUNE',3,'2018-09-01 11:28:34','2018-09-01 11:28:34',NULL,3,'2018-09-01','will come to office ','Interested'),(62,'9158610098','suraj ','','mohite','','','vishrantwadi',4,'2018-09-01 11:42:28','2018-09-01 11:42:28',NULL,6,'2018-09-01','','Interested'),(63,'9881796326','akash ','salunkhe','','','','PUNE',4,'2018-09-01 11:44:15','2018-09-01 11:44:15',NULL,8,'2018-09-01','','Interested'),(64,'9823068804','Abhijit','','Ahire','','Kalewadi pimpri','pune',1,'2018-09-03 04:53:16','2018-09-03 06:14:09',NULL,8,'2018-09-03','enquiry about Dezire on call','Interested'),(65,'8806528804','Ramesh','','','','','bhosari',4,'2018-09-03 04:54:27','2018-09-03 04:54:27',NULL,13,'2018-09-01','Inquired about w-r','Interested'),(66,'7020192433','SHARAD','','GORE','','VISHRANTWADI','pune',3,'2018-09-03 04:55:09','2018-09-03 04:55:09',NULL,8,'2018-09-03','Inquiry about Dezire on call. but he is interested in old car. ','Interested'),(67,'9881050810','DNYNESHWAR','','GANGNE','','Kalewadi','pune',3,'2018-09-03 05:03:11','2018-09-03 05:03:11',NULL,8,'2018-09-03','Inquiry about Dezire .','Interested'),(68,'9623218707','abhay','s','andhale','','Pune','dhankawadi',4,'2018-09-03 05:10:09','2018-09-03 05:11:14',NULL,13,'2018-09-03','innova crysta','Interested'),(69,'9607422518','NO NAME ','','','','KARADH','SATARA',3,'2018-09-03 05:28:42','2018-09-03 06:39:13',NULL,13,'2018-09-03','Inquiry aboutX-CENT. customer will com in office after 2 days.','Interested'),(70,'7350746546','Sujit','','Rathod','','','PUNE',4,'2018-09-03 05:34:25','2018-09-03 05:34:25',NULL,1,'2018-09-03','inquired about zest','Interested'),(71,'7559440507','Vijay','','','','','talegaon',4,'2018-09-03 05:45:39','2018-09-03 05:45:39',NULL,12,'2018-09-03','will come to office ','Interested'),(72,'7264899289','sujit','','rathod','','','',3,'2018-09-03 05:46:56','2018-09-03 05:46:56',NULL,1,'2018-09-03','','Interested'),(73,'9767670647','swechha ','','vaishnav','','','',3,'2018-09-03 06:12:32','2018-09-03 06:12:32',NULL,8,'2018-09-03','private car','Interested'),(74,'8668580700','AKSHAY','','ATHAVLE','','VISHRANTWADI','PUNE',3,'2018-09-03 06:25:41','2018-09-03 06:38:14',NULL,1,'2018-09-03','Inquiry about Zest .','Interested'),(75,'9657001112','AMIT','','WAKADKAR','','HINJWADI','PUNE',3,'2018-09-03 06:27:35','2018-09-03 06:27:35',NULL,13,'2018-09-03','Inquiry about Zest , W/R...','Interested'),(76,'988105810','SASHIKANT','','MARAKALE','','HINJWADI','PUNE',3,'2018-09-03 06:35:55','2018-09-03 06:35:55',NULL,9,'2018-09-03','Inquiry about Zest CNG. Customer will come office.','Interested'),(77,'7745034918','Natin','','Bansode','','Narhe','PUNE',3,'2018-09-03 06:52:24','2018-09-03 06:52:24',NULL,8,'2018-09-03','Inquiry about Dezire on call. will come in office.','Interested'),(78,'9309871212','SAGAR','VITTAL','GAIKWAD','','Kothrud','PUNE',3,'2018-09-03 07:01:38','2018-09-03 12:21:14',NULL,2,'2018-09-03','BOOKED','Booked'),(79,'7350095252','RAMACHANDRA','','TALEKAR','','','WAKAD',3,'2018-09-03 07:03:31','2018-09-03 07:03:31',NULL,3,'2018-09-03','','Interested'),(80,'9921003680','ASHISH','KUMAR','GUPTA','','PUNE','KALYANINAGAR',3,'2018-09-03 07:21:31','2018-09-03 07:21:31',NULL,12,'2018-09-03','Will visit the office on 4/9/2018','Interested'),(81,'9922060506','Dattu','','Kamble','','','warje',3,'2018-09-03 07:31:06','2018-09-03 07:31:06',NULL,12,'2018-09-03','will come to office ','Interested'),(82,'8766855256','DNYNESHWAR','','RAUT','','RASTA PETH','PUNE',3,'2018-09-03 07:59:08','2018-09-03 07:59:08',NULL,7,'2018-09-03','Inquiry about X-cent on call','Interested'),(83,'9823331951','Rahul','','Awale','','','wanawadi',4,'2018-09-03 09:09:03','2018-09-03 09:09:03',NULL,2,'2018-09-03','visited on 3/9/2018,will book on 4/9/2018','Interested'),(84,'9325512130','Ajay ','','Tonpurkar','','','wadgaon',4,'2018-09-03 09:10:30','2018-09-03 09:10:30',NULL,1,'2018-09-03','will visit the office on 4/9/2018','Interested'),(85,'9689053093','Amol','','Shete','','Pune','Chikhali',4,'2018-09-03 09:12:56','2018-09-03 09:12:56',NULL,12,'2018-09-03','Visit the office on 3/9/2018-will confirm in 2-3 days.TR Lic new ','Interested'),(86,'8329658726','DEEPAK','','JADHAV','','KOTHRUD','PUNE',3,'2018-09-03 09:29:59','2018-09-03 09:29:59',NULL,13,'2018-09-03','Inquiry about In nova car on call.','Interested'),(87,'9168532700','DEEPAK','','SONAVNE','','BHOSARI','PUNE',3,'2018-09-03 09:31:05','2018-09-03 09:31:05',NULL,13,'2018-09-03','Inquiry about innova on call.','Interested'),(88,'9359774771','Amit','','lad','','','PUNE',4,'2018-09-03 10:22:03','2018-09-03 10:22:03',NULL,8,'2018-09-03','TR Not available-NT lic','Interested'),(89,'8408816958','GOPAL','','YADHAV','','BANER','PUNE',3,'2018-09-03 10:29:06','2018-09-03 10:29:06',NULL,13,'2018-09-03','Inquiry about Zest on call. ','Interested'),(90,'7774033643','mahesh','','bodake','','','PUNE',4,'2018-09-03 10:33:08','2018-09-03 10:33:08',NULL,12,'2018-09-03','inquired about private car','Interested'),(91,'9359435363','Samadhan','','','','','CHIKHALI',4,'2018-09-03 10:56:40','2018-09-03 10:56:40',NULL,8,'2018-09-03','will visit the office on 5/09/2018','Interested'),(92,'8975128072','VIKAS','','CHAVAN','','','',4,'2018-09-03 11:06:52','2018-09-03 11:06:52',NULL,6,'2018-09-03','WILL VISIT THE OFFICE BUT NT LIC','Interested'),(93,'9324010244','IRAN','','KHAN','','AKURDI','PUNE',3,'2018-09-03 11:15:50','2018-09-04 12:41:35',NULL,13,'2018-09-03','Inquiry about W/R on call.','Interested'),(94,'9834102181','BAPU','','THORAT','','','MOSHI',4,'2018-09-03 11:16:59','2018-09-03 11:16:59',NULL,12,'2018-09-03','will come to office ON 04/09/2018','Interested'),(95,'9637073687','MADAN','','LODHAL','','','HINJEWADI',4,'2018-09-03 11:23:32','2018-09-03 11:23:32',NULL,6,'2018-09-03','will come to office ','Interested'),(96,'7350427427','BALASAHEB','','ROKDE','','','hadapsar',4,'2018-09-03 11:36:55','2018-09-04 06:14:38',NULL,8,'2018-09-03','will come to office ON 04/9/2018','Interested'),(97,'9702554073','Pravin','','Fanse','','VISHRANTWADI','PUNE',3,'2018-09-03 11:44:09','2018-09-03 11:44:09',NULL,13,'2018-09-03','Inquiry about W/R,zest, x-cent on call.','Interested'),(98,'7028627362','SIDHESH','','PAWAR','','','HADAPSAR',4,'2018-09-03 12:09:14','2018-09-03 12:09:14',NULL,9,'2018-09-03','inquired about SWIFT DEZIRE','Interested'),(99,'9834618851','SHRESHA','','SHETTY','','','PUNE',4,'2018-09-03 12:21:15','2018-09-03 12:21:15',NULL,8,'2018-09-03','TR Not available','Interested'),(100,'9762905472','RAMESH','','AVHAD','','KHARADI','PUNE',3,'2018-09-03 12:32:42','2018-09-03 12:32:42',NULL,1,'2018-09-03','Inquiry about Zest ,Customer will come with doc.','Interested'),(101,'9075976868','Kalyan ','','Naikwadi','','Kalewadi Phata','Pune',4,'2018-09-04 04:51:16','2018-09-04 04:51:16',NULL,12,'2018-09-04','will visit the office on 5/9/2018','Interested'),(102,'9325883443','RAMESHWAR','','','','KENDUR','PUNE',3,'2018-09-04 06:13:05','2018-09-04 06:13:05',NULL,13,'2018-09-04','Inquiry about innova on call.','Interested'),(103,'8180881592','SAINATH','','LAHUNDE','','SHIRDI','',3,'2018-09-04 06:14:43','2018-09-04 06:14:43',NULL,13,'2018-09-04','Inquiry about Dezire on call','Interested'),(104,'7057975791','ALKESH','','MORE','','KOTHRUD','PUNE',3,'2018-09-04 06:15:41','2018-09-04 06:15:41',NULL,13,'2018-09-04','Inquiry about w/r  on call.','Interested'),(105,'9923435444','VIJAY','','','','','PUNE',4,'2018-09-04 06:16:32','2018-09-04 06:16:57',NULL,13,'2018-09-04','inquired about innova crysta','Interested'),(106,'7218749890','MARUTI','','NIMBEL','','PAWANANAGAR PUNE','PUNE',3,'2018-09-04 06:16:49','2018-09-04 06:16:49',NULL,13,'2018-09-04','Inquiry about w/r  on call.','Interested'),(107,'9011211901','SURESH','','SHINDE','','BIBVEWADI','PUNE',3,'2018-09-04 06:17:56','2018-09-04 06:17:56',NULL,13,'2018-09-04','Inquiry about w/r  on call.','Interested'),(108,'9079157382','Monusingh','','','','Bihar','Dhanpur',4,'2018-09-04 06:18:31','2018-09-04 06:18:31',NULL,13,'2018-09-04','inquired about innova','Interested'),(109,'9309937531','Ashish','','','','','Beed',4,'2018-09-04 06:26:00','2018-09-04 06:26:00',NULL,6,'2018-09-04','TR Not available-NT lic','Interested'),(110,'8605119222','TULSHIRAM ','','GUNDE ','','','WARJE',4,'2018-09-04 06:52:44','2018-09-04 06:52:44',NULL,13,'2018-09-04','inquired about innova','Interested'),(111,'8459811736','SURAJ','','RATHOD','','','PUNE',4,'2018-09-04 06:55:33','2018-09-04 06:55:33',NULL,8,'2018-09-04','will come to office ','Interested'),(112,'9595952138','BALIRAM','','JADHAV','','NIGDI','PUNE',3,'2018-09-04 06:56:09','2018-09-04 06:56:09',NULL,13,'2018-09-04','WILL COME TO THE OFFICE','Interested'),(113,'7776841111','DHIRAJ','','','','KARVENAGAR','PUNE',3,'2018-09-04 06:57:16','2018-09-04 06:57:16',NULL,13,'2018-09-04','Inquiry about Zest & x-cent in office. ','Interested'),(114,'9834477136','RAHUL','','CHAUDHARI','','PUNE','DIGHI',4,'2018-09-04 06:58:45','2018-09-04 06:58:45',NULL,13,'2018-09-04','inquired about innova crysta','Interested'),(115,'755920512','UMESH','','VOSS','','','PINE',4,'2018-09-04 07:07:07','2018-09-04 07:07:07',NULL,12,'2018-09-04','NEED OLD CAR','Interested'),(116,'9740425614','PATIL','','','','KATRAJ','PUNE',3,'2018-09-04 07:08:37','2018-09-04 07:08:37',NULL,13,'2018-09-04','Inquiry about Hexa on call.','Interested'),(117,'8888005458','VIKRAM','','WAJE','','HINJWADI','PUNE',3,'2018-09-04 08:49:33','2018-09-04 08:49:33',NULL,13,'2018-09-04','inquired about innova','Interested'),(118,'8459329149','SAGAR','','RANPISE','','NIGDI','PUNE',3,'2018-09-04 08:51:18','2018-09-04 08:51:18',NULL,13,'2018-09-04','Inquired about w-r','Interested'),(120,'9822398053','YOGESH','','PAKHALE','','MOSHI','PUNE',3,'2018-09-04 08:55:26','2018-09-04 08:55:26',NULL,13,'2018-09-04','inquired about zest IN office.','Interested'),(121,'8308050328','SACHIN','','THORAT','','MOSHI','PUNE',3,'2018-09-04 08:56:39','2018-09-04 08:56:39',NULL,13,'2018-09-04','inquired about zest IN office.','Interested'),(122,'9325462897','SURAJ','','AALAKH','','Pune','PUNE',3,'2018-09-04 09:03:09','2018-09-04 09:03:09',NULL,13,'2018-09-04','Inquired about X-cent','Interested'),(123,'7040779498','MHEBOOB ','','SHAIKH','','PUNE','DAPODI',4,'2018-09-04 09:25:42','2018-09-04 09:25:42',NULL,6,'2018-09-04','WILL COME  TO THE OFFICE ON 5/9/2018','Interested'),(124,'9011230944','SHWENA','','','','','LATUR',4,'2018-09-04 09:27:08','2018-09-04 09:27:08',NULL,8,'2018-09-04','2ND HAND CAR','Interested'),(125,'8421411363','KAILAS','','','','','CAMP',4,'2018-09-04 09:28:21','2018-09-04 09:28:21',NULL,13,'2018-09-04','INQUIRED ABOUT ETIOS','Interested'),(126,'8065119222','KASIM','','','','PUNE','WARJE',4,'2018-09-04 09:47:19','2018-09-04 09:47:19',NULL,13,'2018-09-04','Inquired about innova','Interested'),(127,'9359537539','Musheer','','','','','pune',4,'2018-09-04 09:48:58','2018-09-04 09:48:58',NULL,12,'2018-09-04','interested in private car','Interested'),(128,'7020108410','Ganesh','','Kakade','','','Pune',4,'2018-09-04 09:50:02','2018-09-04 09:50:02',NULL,12,'2018-09-04','will visit the office','Interested'),(129,'7558511644','BIRAJDAR','','KISHOR','','KATRAJ','PUNE',3,'2018-09-04 09:55:01','2018-09-04 09:55:01',NULL,13,'2018-09-04','will come to office ','Interested'),(130,'9518775510','AMERSINHA ','','PANDIT','','PUNE','PUNE',3,'2018-09-04 10:14:34','2018-09-04 10:14:34',NULL,13,'2018-09-04','INQUIRY ABOUT ITOST','Interested'),(131,'8390112000','DINESH','','IRPACHE','','PUNE','PUNE',3,'2018-09-04 10:45:17','2018-09-04 10:45:17',NULL,13,'2018-09-04','inquired about DEZIRE ON CALL.','Interested'),(132,'9921302777','YOGESH','','AUSARNAL','','CHINCHWAD','PUNE',3,'2018-09-04 12:32:34','2018-09-04 12:32:34',NULL,13,'2018-09-04','inquired about Zest on call.','Interested'),(133,'7559205212','Umesh','','Voss','','','Pune',4,'2018-09-05 04:43:21','2018-09-05 04:43:21',NULL,12,'2018-09-03','Interested in used car','Interested'),(134,'8308619234','Janardan','','Waghmare','','','HINJEWADI',4,'2018-09-05 04:45:18','2018-09-05 04:45:18',NULL,8,'2018-09-03','will come to office ','Interested'),(135,'9595203638','Suraj','','','','','bhor',4,'2018-09-05 04:46:02','2018-09-05 04:46:39',NULL,1,'2018-09-03','will come to office ','Interested'),(136,'9595897834','Nilesh','','Ghodke','','','kolhapur',4,'2018-09-05 04:53:17','2018-09-05 04:53:17',NULL,12,'2018-09-03','','Interested'),(137,'9657808920','Dhairya','','','','','kolhapur',4,'2018-09-05 04:54:11','2018-09-05 04:54:11',NULL,1,'2018-09-03','','Interested'),(139,'9860629259','PANDHARINATH','','','','NARHE','PUNE',3,'2018-09-05 05:02:27','2018-09-05 05:02:27',NULL,13,'2018-09-05','Inquiry about w/r  on call.','Interested'),(140,'8482945607','Sumit','','Chopde','','','Kalewadi',4,'2018-09-05 05:03:21','2018-09-05 05:03:21',NULL,3,'2018-09-04','visit the office on 4/8/2018 hot','Interested'),(141,'9518541191','SIDDHARTH','','','','KOTHRUD','PUNE',3,'2018-09-05 05:28:21','2018-09-05 05:28:21',NULL,13,'2018-09-05','Inquiry about X-cent on call.','Interested'),(142,'7020523338','KIRAN','','BHOKRE','','KHARADI','',3,'2018-09-05 05:29:20','2018-09-05 05:29:20',NULL,13,'2018-09-05','Inquiry about Hexa.','Interested'),(143,'9860841540','DNYNESHWAR','','INGLE','','pimpri','PUNE',3,'2018-09-05 05:46:36','2018-09-05 05:46:36',NULL,13,'2018-09-05','Inquiry about ZEST & HEXA ON CALL.','Interested'),(144,'9326174892','PRASHANT','','KALE','','CHINCHWAD','PUNE',3,'2018-09-05 06:17:20','2018-09-05 06:17:20',NULL,13,'2018-09-05','Inquiry about Dezire on call.','Interested'),(145,'9767288193','KISHOR ','','GAVDE','','','CHINCHWAD',4,'2018-09-05 06:20:31','2018-09-05 06:20:31',NULL,12,'2018-09-04','will come to office ','Interested'),(146,'7447686722','NARSINGH','','MULE','','','HINJEWADI',4,'2018-09-05 06:21:52','2018-09-05 06:21:52',NULL,8,'2018-09-04','will come to office ','Interested'),(147,'9511626283','SANJAY','','CHOUDHARY','','warje','PUNE',3,'2018-09-05 07:03:07','2018-09-05 07:11:25',NULL,13,'2018-09-05','Inquiry about Zest on call.','Interested'),(149,'8766832007','SHIVAJI','SOPANA','GITE','','NAGAR','NAGAR',3,'2018-09-05 07:15:12','2018-09-05 07:15:12',NULL,13,'2018-09-05','Inquiry about ETOS ON CALL.','Interested'),(150,'7261989270','Jagdish','','','','','PUNE',1,'2018-09-05 09:14:42','2018-09-17 14:19:01',NULL,1,'2018-09-05','will come to office ','Interested'),(151,'8421327196','JAYANT','','CVHAVAN','','KARADH','SATARA',3,'2018-09-05 10:41:38','2018-09-05 10:41:38',NULL,13,'2018-09-05','Inquiry about swift on call .','Interested'),(152,'9960809004','SANDESH','','MULAVKAR','','SOLAPU','SOLAPU',3,'2018-09-05 10:42:53','2018-09-05 10:42:53',NULL,13,'2018-09-05','Inquiry about X-cent .','Interested'),(153,'8552991142','Prathemesh','','Sawant','','SHIVAJINAGAR','PUNE',3,'2018-09-05 10:44:04','2018-09-05 10:44:04',NULL,13,'2018-09-05','Inquiry about Zest on call .','Interested'),(154,'721804541','ATUL','','KONDE','','URULIKANCHAN','PUNE',3,'2018-09-05 11:38:45','2018-09-05 11:38:45',NULL,13,'2018-09-05','Inquiry about w/r  on call.','Interested'),(155,'7028296030','GANESH','','WARE','','AALANDI','PUNE',3,'2018-09-05 11:54:30','2018-09-05 11:54:30',NULL,13,'2018-09-05','inquired about Dezire on call.','Interested'),(156,'7758828803','prashant','','pol','','CHAKAN','PUNE',3,'2018-09-05 11:55:42','2018-09-05 11:55:42',NULL,13,'2018-09-05','inquired about zest on call.','Interested'),(157,'9881253340','DEEPAK','','KUMAR','','PUNE','PUNE',3,'2018-09-06 04:48:42','2018-09-06 04:48:42',NULL,13,'2018-09-06','Inquiry about w/r  on call.','Interested'),(158,'9921803933','ASPAK','','SHAIKH','','pimpri','PUNE',3,'2018-09-06 04:50:12','2018-09-06 04:50:12',NULL,13,'2018-09-06','Inquiry about ETIOS ON CALL.','Interested'),(159,'9604491686','SWARAJ','','SHAIKH','','KATRAJ','PUNE',3,'2018-09-06 05:06:30','2018-09-06 05:06:30',NULL,13,'2018-09-06','Inquiry about X-cent on call','Interested'),(160,'8888685805','5285','','DHUMAL','','SINHGAD ROAD. ','PUNE',3,'2018-09-06 07:10:45','2018-09-06 07:10:45',NULL,13,'2018-09-06','Inquiry about Hexa on call.','Interested'),(161,'9370627291','SACHIN','','GIRI','','PUNE','PUNE',3,'2018-09-06 07:12:52','2018-09-06 07:12:52',NULL,13,'2018-09-06','Inquiry about Dezire on call.','Interested'),(162,'9021890707','AMIT','','SURYANSHI','','SANGVI','PUNE',3,'2018-09-06 07:13:48','2018-09-06 07:13:48',NULL,13,'2018-09-06','Inquiry about Dezire on call.','Interested'),(163,'9881720993','RAVI','','CHANDAN','','PUNE','PUNE',3,'2018-09-06 07:14:40','2018-09-06 07:14:40',NULL,13,'2018-09-06','Inquiry about Dezire on call.','Interested'),(164,'9850594238','SURESH','','KAMBLE','','KOTHRUD','PUNE',3,'2018-09-06 07:15:35','2018-09-06 07:15:35',NULL,13,'2018-09-06','Inquiry about Dezire on call.','Interested'),(165,'7709864070','NIKHIL','','CHINCHWOLIKAR','','ZEST','PUNE',3,'2018-09-06 07:16:30','2018-09-06 07:16:30',NULL,13,'2018-09-06','Inquiry about Zest .','Interested'),(166,'8766557024','RAVINDRA','','PALKHE','','DIGHI','PUNE',3,'2018-09-06 07:17:43','2018-09-06 07:17:43',NULL,13,'2018-09-06','Inquiry about Dezire on call.','Interested'),(167,'8999449389','VISHAL','','RESIDENCY','','HADPSAR','PUNE',3,'2018-09-06 07:18:41','2018-09-06 07:18:41',NULL,13,'2018-09-06','Inquiry about w/r Etios on call.','Interested'),(168,'8788130288','MANGESH','','BHOSALE','','RAJGURUNAGAR','PUNE',3,'2018-09-06 07:19:55','2018-09-06 07:19:55',NULL,13,'2018-09-06','Inquiry about Dezire on call.','Interested'),(169,'7775838380','SUDHIR','','KAMBLE','','AUNDH','PUNE',3,'2018-09-06 07:21:01','2018-09-06 07:21:01',NULL,13,'2018-09-06','Inquiry about Zest on call.','Interested'),(170,'8669030478','RAVI','','DHONDE','','KOTHRUD','PUNE',3,'2018-09-06 08:36:12','2018-09-06 08:36:12',NULL,13,'2018-09-06','Inquiry about Hexa on call.','Interested'),(171,'9765858109','GANESH','','WALEKAR','','','',3,'2018-09-06 08:37:07','2018-09-06 08:37:07',NULL,13,'2018-09-06','Inquiry about w/r  on call.','Interested'),(172,'7798833831','SACHIN','','DOKE','','DHAYRI','PUNE',3,'2018-09-06 08:38:10','2018-09-06 08:38:10',NULL,13,'2018-09-06','Inquiry about innova on call.','Interested'),(173,'9518711637','MANOJ','','PAKHARE','','9518711637','PUNE',3,'2018-09-06 08:40:57','2018-09-06 08:40:57',NULL,13,'2018-09-06','Inquiry about Xcent on call','Interested'),(174,'8888655058','BHUSHAN','','TAWARE','','BHOSARI','PUNE',3,'2018-09-06 09:07:14','2018-09-06 09:07:14',NULL,13,'2018-09-06','Inquiry about Zest in office.','Interested'),(175,'7219410767','SANJAY','','SAPKAL','','WARJEMALWADI','PUNE',3,'2018-09-06 10:11:34','2018-09-06 10:11:34',NULL,13,'2018-09-06','inquired about innova in office.','Interested'),(176,'9011016519','Sashank','','DAMODHAR','','DEHUROAD','PUNE',3,'2018-09-06 11:04:52','2018-09-06 11:04:52',NULL,13,'2018-09-06','Inquired about x--cent in office.','Interested'),(177,'8793862358','Pradeep','','Langhe','','Akurdi','PUNE',3,'2018-09-06 11:08:56','2018-09-06 11:08:56',NULL,13,'2018-09-06','will come to office Inquiry about dezire.','Interested'),(178,'9923308150','ANAND','','BANDAL','','KARAD','PUNE',3,'2018-09-06 11:49:58','2018-09-06 11:49:58',NULL,13,'2018-09-06','inquired about Dezire on call.','Interested'),(179,'9284099726','TANISH','','','','','',4,'2018-09-06 12:06:54','2018-09-06 12:06:54',NULL,12,'2018-09-06','Inquiry about w/r ','Interested'),(180,'9657452110','Dinkar','','','','','dighi',4,'2018-09-06 12:08:44','2018-09-06 12:08:44',NULL,8,'2018-09-06','will visit the office','Interested'),(181,'8788681943','Rajesh','','Patil','','','Kalewadi',4,'2018-09-06 12:09:52','2018-09-06 12:09:52',NULL,3,'2018-09-06','will visit the office','Interested'),(182,'7387177272','Satypal','','Kolhe','','','Pune',4,'2018-09-06 12:11:21','2018-09-06 12:11:21',NULL,8,'2018-09-06','tr not availabe','Interested'),(183,'8446417617','Ganesh','','Borate','','Pune','S.B Road',4,'2018-09-06 12:12:24','2018-09-06 12:12:24',NULL,12,'2018-09-06','will visit the office','Interested'),(184,'9518390383','ROCKY','','KEDARI','','KATRAJ','PUNE',3,'2018-09-06 12:20:24','2018-09-06 12:20:24',NULL,13,'2018-09-06','inquired about X-cent on call.','Interested'),(185,'7020561589','Sambhaji','','Rajpure','','KATRAJ','PUNE',3,'2018-09-06 12:21:29','2018-09-06 12:21:29',NULL,13,'2018-09-06','inquired about Dezire on call.','Interested'),(186,'9130999025','SOMNATH','','','','','BHOSARI',4,'2018-09-07 04:54:59','2018-09-07 04:54:59',NULL,12,'2018-09-06','Inquired about w-r,WILL VISIT THE OFFICE','Interested'),(187,'7887545388','Sunil','','','','','nigadi',4,'2018-09-07 04:55:43','2018-09-07 04:55:43',NULL,6,'2018-09-06','','Interested'),(188,'7350340217','Vasant','','Patil','','','dehugaon',4,'2018-09-07 04:56:37','2018-09-07 04:56:37',NULL,1,'2018-09-06','','Interested'),(189,'9860055877','Sunil','','Tambe','','','Dapodi',4,'2018-09-07 05:00:09','2018-09-07 05:00:09',NULL,8,'2018-09-07','will come to office ','Interested'),(190,'9028730530','SAMIR','','AAREKAR','','BHOSARI','PUNE',3,'2018-09-07 05:52:29','2018-09-07 05:52:29',NULL,13,'2018-09-07','Inquiry about w/r  on call.','Interested'),(191,'9284987624','DATTATRY','','WARE','','KHARADI','PUNE',3,'2018-09-07 06:19:03','2018-09-07 06:19:03',NULL,13,'2018-09-07','Inquiry about Dezire on call.','Interested'),(192,'9082427050','TAKLING','','PADVALE','','KHARADI','PUNE',3,'2018-09-07 06:20:29','2018-09-07 06:20:29',NULL,13,'2018-09-07','Inquiry about w/r  on call.','Interested'),(193,'8669021191','SHIWAN','','SWAMI','','PULGET','PUNE',3,'2018-09-07 06:21:42','2018-09-07 06:22:24',NULL,13,'2018-09-07','Inquiry about w/r  on call.','Interested'),(194,'9067693821','GOPAL','','','','PUNE','PUNE',3,'2018-09-07 08:45:40','2018-09-07 08:45:40',NULL,13,'2018-09-07','inquired about Dezire on call.','Interested'),(195,'9823191872','AKSHAJ','','KUMAVAT','','','PUNE',4,'2018-09-07 08:59:17','2018-09-07 08:59:17',NULL,8,'2018-09-07','Will come to the office','Interested'),(196,'9226935783','Dingabar','','Pingat','','Dhanakwadi','Pune',4,'2018-09-07 09:02:05','2018-09-07 09:02:05',NULL,12,'2018-09-07','Inquired about private car','Interested'),(197,'8329766081','Anil','','Patil','','','Akurdi',4,'2018-09-07 09:09:02','2018-09-07 09:09:02',NULL,8,'2018-09-07','will ','Interested'),(198,'7769020239','Vinay','','Raut','','','Chinchwad',4,'2018-09-07 09:44:00','2018-09-07 09:44:00',NULL,12,'2018-09-07','will visit the office','Interested'),(199,'9637345757','Varda','','','','','PUNE',4,'2018-09-07 09:44:55','2018-09-07 09:44:55',NULL,3,'2018-09-07','will visit the office','Interested'),(200,'9545348274','Manoj','','Sapkal','','PUNE','wagholi',1,'2018-09-07 09:47:10','2018-09-17 14:19:42',NULL,8,'2018-09-07','','Interested'),(201,'9975997848','BHAGWAN','','SURYANSHI','','KATRAJ','PUNE',3,'2018-09-07 09:48:03','2018-09-07 09:48:03',NULL,13,'2018-09-07','inquired about Dezire on call.','Interested'),(202,'9822890364','Mahesh','','Lagad','','BHOSARI','PUNE',3,'2018-09-07 11:45:35','2018-09-07 11:45:35',NULL,13,'2018-09-07','Inquiry about Zest in office.','Interested'),(203,'9975899608','Dipak ','','Dongre','','Dehuroad','Dehuroad',10,'2018-09-07 12:06:46','2018-09-07 12:06:46',NULL,12,'2018-09-07','Inquiry about w/r  on call.','Interested'),(204,'8888610018','chaughule','','chaughule','','chkhalui','',10,'2018-09-08 04:44:46','2018-09-08 04:44:46',NULL,1,'2018-09-08','custumer called for private vehicle','Interested'),(205,'7875108570','Sutak','','sutak','','pune','pune',10,'2018-09-08 04:46:17','2018-09-08 04:46:17',NULL,12,'2018-09-08','Inquiry about w/r  on call.','Interested'),(206,'8888283887','durgesh','','kumar','','yerwada','pune',10,'2018-09-08 04:50:10','2018-09-08 04:50:10',NULL,8,'2018-09-08','Inquiry about Dezire on call.','Interested'),(207,'9049027718','YOGESH','','BHAMBURDE','','ALANDI','PUNE',3,'2018-09-08 05:04:03','2018-09-08 05:04:03',NULL,13,'2018-09-08','inquired about Zest on call.','Interested'),(208,'8999004876','Ishwar','','saruk','','WALEHKARWADI','PUNE',3,'2018-09-08 05:06:12','2018-09-19 06:35:52',NULL,13,'2018-09-08','inquired about x-cent on call.  ','Interested'),(209,'8788133655','Nitin','','','','Pune','Wakad',4,'2018-09-08 05:07:04','2018-09-08 05:07:04',NULL,3,'2018-09-08','will visit the office on 8/9/2018','Interested'),(210,'8600005419 ','saurbh','','ganeshkare','','talegoan','PUNE',10,'2018-09-08 05:07:53','2018-09-08 05:07:53',NULL,1,'2018-09-08','Inquiry about Zest .','Interested'),(211,'8669151700','Ganesh','','','','','Pune',4,'2018-09-08 05:13:51','2018-09-08 05:13:51',NULL,8,'2018-09-08','will visit the office','Interested'),(212,'8147200985','yogesh','','nigadi','','8600005419 ','jalgoan',10,'2018-09-08 05:14:00','2018-09-08 05:14:00',NULL,8,'2018-09-08','Inquiry about Dezire on call.','Interested'),(213,'9922275900 ','rahul','','MORE','','hadapsar','PUNE',10,'2018-09-08 05:53:58','2018-09-08 05:53:58',NULL,8,'2018-09-08','Inquiry about Dezire on call.','Interested'),(214,'9922307101','sagar','','bhogavade','','BHOSARI','PUNE',10,'2018-09-08 06:23:33','2018-09-08 06:23:33',NULL,8,'2018-09-08','Inquiry about Dezire on call.','Interested'),(215,'7058707307','vikas ','','ghosavi','','hadapsar','pune',10,'2018-09-08 06:37:58','2018-09-08 06:37:58',NULL,8,'2018-09-08','Inquiry about Dezire on call.','Interested'),(216,'9604325583','ganesh','','satvadhar','','alandi','pune',10,'2018-09-08 06:43:26','2018-09-08 06:43:26',NULL,8,'2018-09-08','Inquiry about Dezire on call.','Interested'),(217,'7798316226','somnath','','pansare','','BIBVEWADI','',10,'2018-09-08 07:01:29','2018-09-08 07:01:29',NULL,12,'2018-09-08','Inquiry about w/r  on call.','Interested'),(218,'9067866562','Suraj','','','','','Pune',4,'2018-09-08 07:02:09','2018-09-08 07:02:09',NULL,8,'2018-09-08','will visit the office on 8/9/2018','Interested'),(219,'8805181998','Tanaji','','Patole','','','kharadi',4,'2018-09-08 07:07:18','2018-09-08 07:07:18',NULL,8,'2018-09-08','will visit the office on 8/9/2018','Interested'),(220,'7020372631','NILESH','','DESHMUKH','','KHARADI','PUNE',3,'2018-09-08 07:09:16','2018-09-08 07:09:16',NULL,13,'2018-09-08','inquired about Dezire on call.','Interested'),(221,'8888401877','anil','','dadar','','PUNE','PUNE',10,'2018-09-08 07:20:51','2018-09-08 07:20:51',NULL,3,'2018-09-08','Inquiry about Zest .','Interested'),(222,'9284638884','viay','','gade','','danori','PUNE',1,'2018-09-08 07:33:27','2018-09-17 14:20:17',NULL,8,'2018-09-08','Inquiry about Dezire on call.','Interested'),(223,'9325025825','nilesh','','deshmukh','','wakad','',4,'2018-09-08 07:47:54','2018-09-08 07:47:54',NULL,12,'2018-09-08','will visit the office on 8/9/2018','Interested'),(224,'9130090047','MACHINDRA','','','','PIMPRI','PUNE',3,'2018-09-08 07:54:16','2018-09-08 07:54:43',NULL,13,'2018-09-08','Inquired about w-r on call.','Interested'),(225,'8840284108','YADHAV','','','','','',3,'2018-09-08 08:55:27','2018-09-08 08:55:27',NULL,13,'2018-09-08','inquired about X-cent on call.','Interested'),(226,'9881828502','Pradeep','','Ghadge','','DEHUROAD','PUNE',3,'2018-09-08 08:59:12','2018-09-08 09:08:59',NULL,13,'2018-09-08','inquired about Zest in office , customer has no TR.','Interested'),(227,'8180825009','YOGESH','','GANGURDE','','AALANDI','PUNE',3,'2018-09-08 09:04:13','2018-09-08 09:04:13',NULL,13,'2018-09-08','will come to office ','Interested'),(228,'8605256569','ATISH','','SAJID','','KONDHAW','PUNE',3,'2018-09-08 10:17:31','2018-09-08 10:17:31',NULL,13,'2018-09-08','Inquired about X-cent on call.','Interested'),(229,'9823841466','PAVAN','AMRUT','HUNDALEKAR','','KOLHAPUR','PUNE',3,'2018-09-08 11:49:21','2018-09-08 11:49:21',NULL,13,'2018-09-08','will come to office ','Interested'),(230,'9823141715','s','k','khandare','','GOPALPATTI','PUNE',4,'2018-09-08 12:04:05','2018-09-08 12:04:05',NULL,12,'2018-09-08','will come to office ','Interested'),(231,'7796740014','SUMAN','','','','','PUNE',4,'2018-09-08 12:05:04','2018-09-08 12:05:04',NULL,12,'2018-09-08','will come to office ','Interested'),(232,'9834402055','Sharad','','Thorat','','Khadki','Pune',3,'2018-09-09 04:12:44','2018-09-09 04:12:44',NULL,13,'2018-09-09','Inquiry about xcent on call','1'),(233,'8805364660','khandale','','','','Yamunanagar','',3,'2018-09-10 05:25:58','2018-09-10 05:25:58',NULL,13,'2018-09-10','BOOKING  FOR ZEST XM.','Interested'),(234,'9922976309','SACHIN','','PAWAR','','KHADKI','Pune',3,'2018-09-10 05:36:50','2018-09-10 05:36:50',NULL,13,'2018-09-10','INQUIRY ABOUT W/R ON CALL.','Interested'),(235,'9960814175	','sapan','','sapan','','pune','PUNE',10,'2018-09-10 05:53:12','2018-09-10 05:53:12',NULL,12,'2018-09-10','Inquiry about w/r  on call.`','Interested'),(236,'9960504548','SHIVAJI','','Kadam','','vishrantwadi','Pune',3,'2018-09-10 06:42:47','2018-09-10 06:42:47',NULL,13,'2018-09-10','inquiry about zest on call .','Interested'),(237,'9011444065','suraj','','Patil','','Yeravada','Pune',3,'2018-09-10 06:46:18','2018-09-10 06:47:20',NULL,13,'2018-09-10','will visit the office Today 1 pm.','Interested'),(238,'8888539557','bablu','','dhera','','camp','PUNE',10,'2018-09-10 07:25:30','2018-09-10 07:25:30',NULL,8,'2018-09-10','Inquiry about Dezire on call.','Interested'),(239,'7004470716','SUSHIL ','','KUMAR','','','HINJEWADI',4,'2018-09-10 08:38:35','2018-09-10 08:38:35',NULL,6,'2018-09-10','private car','Interested'),(240,'8788648832','SANJAY','','SHINDE','','','THERGAON',4,'2018-09-10 08:41:38','2018-09-10 08:41:38',NULL,3,'2018-09-10','will come to office ','Interested'),(241,'9637927756','SHIVAJI ','','MANE','','','PUNE',4,'2018-09-10 08:42:37','2018-09-10 08:42:37',NULL,8,'2018-09-10','will come to office ','Interested'),(242,'9145299005','AMOL','','DAMLE','','','THARMAX CHOWK',4,'2018-09-10 08:51:15','2018-09-10 08:51:15',NULL,3,'2018-09-10','WILL VISIT THE OFFICE','Interested'),(243,'8766728107','NIVRUTTI','','KAVALE','','','KONDHAVA',4,'2018-09-10 08:57:10','2018-09-10 08:57:10',NULL,3,'2018-09-10','will come to office ','Interested'),(244,'9834848189','SOHEL','','','','','HADAPSAR',4,'2018-09-10 08:58:19','2018-09-10 08:58:19',NULL,9,'2018-09-10','WILL VISIT THE OFFICE','Interested'),(245,'9767027865','SIRAJ','','SHAIKH','','','HADAPSAR',4,'2018-09-10 08:59:05','2018-09-10 08:59:05',NULL,3,'2018-09-10','will come to office ','Interested'),(246,'9767472807','MAGAR','','','','Pune','Pune',3,'2018-09-10 09:57:22','2018-09-10 09:57:22',NULL,13,'2018-09-10','inquiry about zest on call .','Interested'),(247,'9143035858','RAJ','','PISAL','','KASARWADI','PUNE',3,'2018-09-10 09:58:21','2018-09-10 09:58:21',NULL,13,'2018-09-10','will visit the office','Interested'),(248,'9527903718','SANTOSH','','RAUT','','KASARWADI','PUNE',3,'2018-09-10 10:02:12','2018-09-10 10:02:12',NULL,13,'2018-09-10','will visit the office','Interested'),(249,'8484840817','SUNIL','','LONDHE','','KOTHRUD','PUNE',3,'2018-09-10 10:03:43','2018-09-10 10:03:43',NULL,13,'2018-09-10','will visit the office','Interested'),(250,'9822522101','suresh','','butada','','bopodi','PUNE',10,'2018-09-10 10:55:52','2018-09-10 10:55:52',NULL,8,'2018-09-10','Inquiry about Dezire on call.','Interested'),(251,'9096664247','YOGESH','','DESHMUKH','','NIGDI','PUNE',3,'2018-09-10 11:42:55','2018-09-10 11:43:39',NULL,13,'2018-09-10','inquired about zest IN office.','Interested'),(252,'8788474343','SACHIN','','JADHAV','','HADPSAR','PUNE',3,'2018-09-10 11:46:05','2018-09-10 11:46:05',NULL,13,'2018-09-10','will come to office ','Interested'),(253,'9145428292','VIJAY','','GADE','','DHANORI','PUNE',3,'2018-09-10 11:54:29','2018-09-22 08:36:32',NULL,6,'2018-09-10','will come to office Inquiry about w/r on call. BOOKED ON 22/9/2018','Interested'),(254,'8956152352','ABHAY','','BHOSALE','','BALAJINAGAR','PUNE',3,'2018-09-10 11:55:22','2018-09-10 11:55:22',NULL,13,'2018-09-10','will come to office ','Interested'),(255,'9657533030','hemant','','gikwad','','hadapsar','PUNE',10,'2018-09-11 04:54:40','2018-09-11 04:54:40',NULL,12,'2018-09-11','Inquiry about w/r  on call.','Interested'),(256,'7020488909','Laxman','','Laxman','','','',10,'2018-09-11 05:12:48','2018-09-11 05:12:48',NULL,12,'2018-09-11','Inquiry about etios .','Interested'),(257,'9511732438','pavan','','sing','','chandrapur','chandrapur',10,'2018-09-11 05:35:10','2018-09-11 05:35:10',NULL,6,'2018-09-10','Inquiry about xcent on call.','Interested'),(258,'9765946686','mahadev','','somaji','','kondva','pune',10,'2018-09-11 05:36:15','2018-09-11 05:36:15',NULL,6,'2018-09-11','will visit the office','Interested'),(259,'7620372011','YOGESH','','PAKHALE','','MOSHI','PUNE',3,'2018-09-11 05:43:54','2018-09-11 05:43:54',NULL,13,'2018-09-11','CUSTOMER WILL COME  IN OFFICE TODAY WITH DOC.FOR BOOKING.','Interested'),(260,'8208654910','AMER','','CHAVAN','','KARAD','KARAD',3,'2018-09-11 05:47:30','2018-09-11 05:47:30',NULL,13,'2018-09-11','Inquiry about innova on call .','Interested'),(261,'9552912105','amol','','markad','','NAGAR','ahamadnagar',10,'2018-09-11 05:48:59','2018-09-11 05:48:59',NULL,4,'2018-09-11','will visit the office','Interested'),(262,'8087261194','shraman','','sarvade','','kolhapur','kolhapur',10,'2018-09-11 05:53:17','2018-09-11 05:53:17',NULL,12,'2018-09-11','Inquiry about Dezire on call.','Interested'),(263,'7972554509','Dattatry','','Gaikwad','','SANGVI','PUNE',3,'2018-09-11 05:55:10','2018-09-11 05:55:10',NULL,13,'2018-09-11','inquired about innova ON CALL.','Interested'),(264,'9082607700   ','kamlesh','','arora','','thane','thane',10,'2018-09-11 05:56:57','2018-09-11 05:56:57',NULL,3,'2018-09-11','Inquiry about Zest .','Interested'),(265,'9920403605','prashant','','prashant','','nalasopara','thane',10,'2018-09-11 06:02:14','2018-09-11 06:02:14',NULL,1,'2018-09-11','Inquiry about Zest .','Interested'),(266,'9860845669','malinath','','awate','','mundva','pune',10,'2018-09-11 06:11:14','2018-09-11 06:11:14',NULL,1,'2018-09-11','Inquiry about Dezire on call.','Interested'),(267,'7021469656','javed','','shaikh','','goregoan','mumbai',10,'2018-09-11 06:15:48','2018-09-11 06:15:48',NULL,7,'2018-09-11','will visit the office','Interested'),(268,'7506018951','DEEPAK','','BHUJBAL','','NAVI MUMBAI','NAVI MUMBAI',10,'2018-09-11 06:18:09','2018-09-11 06:18:09',NULL,3,'2018-09-11','will visit the office','Interested'),(269,'9766639064','SAIF','','IRFAN','','NANDED','NANDED',10,'2018-09-11 06:24:19','2018-09-11 06:24:19',NULL,8,'2018-09-11','Inquiry about Dezire on call.','Interested'),(270,'8830783974','AKASH','','KADAM','','PUNE','PUNE',10,'2018-09-11 07:12:49','2018-09-11 07:12:49',NULL,8,'2018-09-11','Inquiry about Dezire on call.','Interested'),(271,'9404506814','sushant','','kadam','','pune','pune',10,'2018-09-11 07:16:04','2018-09-11 07:16:04',NULL,2,'2018-09-11','Inquiry about Dezire on call.`','Interested'),(272,'9131650683','SANTOSH','','Ray','','PUNE','pune',3,'2018-09-11 07:31:13','2018-09-11 07:31:13',NULL,13,'2018-09-11','inquiry about W/R on call.','Interested'),(273,'7972744150','RAVINDRA','','ZAWARE','','SINHGADROAD','PUNE',3,'2018-09-11 07:56:50','2018-09-11 07:56:50',NULL,13,'2018-09-11','INQUIRY ABOUT INDICA INDIGO,,ETC CUSTOMER WILL COME OFFICE.','Interested'),(274,'8605808705','AMIT','','KEDARI','','MORGONE','PUNE',3,'2018-09-11 08:03:33','2018-09-11 08:03:33',NULL,13,'2018-09-11','will visit the office Inquiry about indica indigo.','Interested'),(275,'9309719978','vijay','','nikam','','nagar','NAGAR',10,'2018-09-11 08:40:28','2018-09-11 08:40:28',NULL,2,'2018-09-11','Inquiry about Dezire on call.','Interested'),(276,'9890792800','SHAKIL','','SHAIKH','','NANDED','PUNE',3,'2018-09-11 08:46:20','2018-09-11 08:46:20',NULL,13,'2018-09-11','INQUIRY ABOUT INDICA ,INDIGO,ZEST CUSTOMER WILL COME IN OFFICE.','Interested'),(277,'9960156592   ','gautam','','chatale','','solapur','solapur',10,'2018-09-11 08:49:40','2018-09-11 08:49:40',NULL,8,'2018-09-11','Inquiry about Dezire on call.','Interested'),(278,'9767974181','NANDU','','KARANJEKAR','','CHAKAN','PUNE',3,'2018-09-11 09:06:50','2018-09-11 09:06:50',NULL,13,'2018-09-11','INQUIRY ABOUT X-CENT ON CALL .','Interested'),(279,'8208231823','gorak','','karande','','phaltan','phaltan',10,'2018-09-11 09:07:53','2018-09-11 09:07:53',NULL,8,'2018-09-11','Inquiry about w/r  on call.','Interested'),(280,'7410503644','ASHOK','','GAIKWAD','','','CHINCHWAD',4,'2018-09-11 09:43:32','2018-09-11 09:43:32',NULL,1,'2018-09-10','will come to office ','Interested'),(281,'7507135231','KIRAN','','KAMBLE','','PUNE','PUNE',3,'2018-09-11 10:33:56','2018-09-11 10:33:56',NULL,13,'2018-09-11','inquiry about indika , indigo, zest. on call .','Interested'),(282,'8793780556','kartik','','kartik','','kharadi','pune',10,'2018-09-11 10:40:58','2018-09-11 10:40:58',NULL,3,'2018-09-11','Inquiry about Zest .','Interested'),(283,'9359252788','Ravinaryan','','Kapre','','Ranjangone','PUNE',3,'2018-09-11 11:02:33','2018-09-11 11:02:33',NULL,13,'2018-09-11','inquiry about xcent on call.','Interested'),(284,'9960270999','somnath','','paralkar','','latur','latur',10,'2018-09-11 11:07:41','2018-09-11 11:07:41',NULL,8,'2018-09-11','Inquiry about Dezire on call.','Interested'),(285,'9571173234','rajendra','','mali','','pune','pune',10,'2018-09-11 11:11:20','2018-09-11 11:11:20',NULL,8,'2018-09-11','Inquiry about Dezire on call.','Interested'),(286,'9657610603','nitin ','','patewali','','pune','pune',10,'2018-09-11 11:12:52','2018-09-11 11:12:52',NULL,8,'2018-09-11','Inquiry about Dezire on call.','Interested'),(287,'8668460069','akash','','dhotre','','pune','pune',10,'2018-09-11 11:20:43','2018-09-11 11:20:43',NULL,7,'2018-09-11','will visit the office','Interested'),(288,'8329270057','ARJUN','','AWATADE','','AKURDI','PUNE',3,'2018-09-11 11:31:05','2018-09-11 11:31:05',NULL,13,'2018-09-11','INQIRE ABOUT X-CENT ON CALL. CUSTOMER WILL COME IN OFFICE.','Interested'),(289,'7720023315','SWAPNIL','','AHIRE','','CHAKAN','PUNE',3,'2018-09-11 11:36:16','2018-09-11 11:36:16',NULL,13,'2018-09-11','inquiry about w/r on call.','Interested'),(290,'94144052893','yash','','y','','pune','pune',10,'2018-09-11 11:39:44','2018-09-11 11:39:44',NULL,6,'2018-09-11','will visit the office','Interested'),(291,'9767294034','santosh','','wagmare','','pune','pune',10,'2018-09-11 11:44:42','2018-09-11 11:44:42',NULL,7,'2018-09-11','will visit the office','Interested'),(292,'9146711762','chaitanya','','kadam','','sangvi','pune',10,'2018-09-11 11:52:44','2018-09-11 11:52:44',NULL,3,'2018-09-11','Inquiry about Zest .','Interested'),(293,'9527088383','dilip','','more','','indapur','pune',10,'2018-09-11 11:55:44','2018-09-11 11:55:44',NULL,7,'2018-09-11','will visit the office','Interested'),(294,'8668805243','nasir','','shaikh','','satara','satara',10,'2018-09-11 11:59:07','2018-09-11 11:59:07',NULL,6,'2018-09-11','will visit the office','Interested'),(295,'8421103923','sameer','','s','','NANDED','NANDED',10,'2018-09-11 12:02:58','2018-09-11 12:02:58',NULL,8,'2018-09-11','Inquiry about Dezire on call.','Interested'),(296,'8805015462','mahesh','','mosangi','','wakad','pune',10,'2018-09-11 12:14:15','2018-09-11 12:14:15',NULL,1,'2018-09-11','Inquiry about Zest .','Interested'),(297,'9412951415','ganesh','','negi','','pune','pune',10,'2018-09-11 12:17:44','2018-09-11 12:17:44',NULL,11,'2018-09-11','will visit the office','Interested'),(298,'9096737684','kisan','','m','','shikrapur','pune',10,'2018-09-11 12:21:10','2018-09-11 12:21:10',NULL,12,'2018-09-11','Inquiry about w/r  on call.','Interested'),(299,'9373677922','vinod','','choudhari','','akola','akola',10,'2018-09-11 12:27:13','2018-09-11 12:27:13',NULL,11,'2018-09-11','Inquiry about innova on call.','Interested'),(300,'7448021515','LAKHAN ','DHANAJI','KAMBLE','','','SANGOLA',4,'2018-09-12 04:41:54','2018-09-12 04:41:54',NULL,8,'2018-09-12','will come to office ','Interested'),(301,'8669355453','ARUN','','PATIL','','','RAVET',4,'2018-09-12 04:45:26','2018-09-12 04:45:26',NULL,1,'2018-09-12','will come to office ','Interested'),(302,'9284518608','SASHRI','','','','SINHGADROAD','PUNE',3,'2018-09-12 04:50:28','2018-09-12 04:50:28',NULL,13,'2018-09-12','Inquiry about innova on call.','Interested'),(303,'8668674258','JANARDHAN','','TIKKA','','NIGDI','',3,'2018-09-12 05:00:33','2018-09-12 05:00:33',NULL,13,'2018-09-12','INQUIRY ABOUT ZEST CALL.','Interested'),(304,'9767508307','JITENDRA','','JADHAV','','','HINJEWADI',4,'2018-09-12 05:09:49','2018-09-12 05:09:49',NULL,1,'2018-09-12','will come to office ','Interested'),(305,'9158970184','BHAGWAN','','MAHAR','','','PIMPRI',4,'2018-09-12 05:11:10','2018-09-12 05:11:10',NULL,8,'2018-09-12','WILL','Interested'),(306,'8421617236','J','','RIKAME','','','BHOSARI',4,'2018-09-12 05:14:15','2018-09-12 05:14:15',NULL,3,'2018-09-12','will come to office ','Interested'),(307,'7262878663','YOGESH','','JADHAV','','DIGHI','PUNE',3,'2018-09-12 05:37:08','2018-09-12 05:37:08',NULL,13,'2018-09-12','WILL COME FOR BOOKING TATA ZEST. EXPLANE PALNE ON 12/9/2018 MYSELF.','Interested'),(308,'9092443021 9867443021','AJINKYA ','','MEHANDALE','','MUMBAI','PUNE',3,'2018-09-12 06:14:38','2018-09-12 06:14:38',NULL,13,'2018-09-12','will come to office ','Interested'),(309,'7350657393','bhaleroa','','b','','junnar','pune',10,'2018-09-12 06:34:27','2018-09-12 06:34:27',NULL,7,'2018-09-12','will visit the office','Interested'),(310,'7798113538','SATISH','','SHENDGE','','WAKAD','PUNE',3,'2018-09-12 06:34:41','2018-09-12 06:34:41',NULL,13,'2018-09-12','INQUIRY ABOUT INNOVA IN OFFICE.','Interested'),(311,'7620940300','AAKASH','','NAVLE','','DABHOLSAR','PUNE',3,'2018-09-12 06:58:39','2018-09-12 06:58:39',NULL,13,'2018-09-12','inquired about indica on call','Interested'),(312,'9867512178','a','','landage','','sahakar nagar','pune',10,'2018-09-12 07:06:11','2018-09-12 07:06:11',NULL,12,'2018-09-12','Inquiry about w/r  on call.','Interested'),(313,'8855023739','vikas','','s','','lonavala','pune',10,'2018-09-12 09:04:04','2018-09-12 09:04:04',NULL,7,'2018-09-12','Inquiry about Dezire on call.','Interested'),(314,' 8855023739','ravi','','gavali','','chiplun','ratnagiri',10,'2018-09-12 09:11:50','2018-09-12 09:11:50',NULL,3,'2018-09-12','Inquiry about Zest .','Interested'),(315,'8669213245','tushar','','bhaviskar','','nashik','nashik',10,'2018-09-12 09:24:05','2018-09-12 09:24:05',NULL,12,'2018-09-12','Inquiry about w/r  on call.','Interested'),(316,'9689894627','Swapnil','','Bharne','','AALANDI','PUNE',3,'2018-09-12 09:28:22','2018-09-12 09:28:22',NULL,13,'2018-09-12','inquired about W/R on call.','Interested'),(317,'9588422622','rajiv','','b','','shirdi','shirdi',10,'2018-09-12 09:49:53','2018-09-12 09:49:53',NULL,7,'2018-09-12','will visit the office','Interested'),(318,'8849542528','arwind','','kumar','','khadaki','pune',10,'2018-09-12 10:01:20','2018-09-12 10:01:20',NULL,9,'2018-09-12','Inquiry about Dezire on call.','Interested'),(319,'7719898568','SAWANT','','BANSE','','PUNE','PUNE',3,'2018-09-12 10:30:35','2018-09-12 10:30:35',NULL,13,'2018-09-12','will come to office ','Interested'),(320,'9225527456','Asis ','','patel','','sangli','sangli',10,'2018-09-12 10:52:25','2018-09-12 10:52:25',NULL,8,'2018-09-12','Inquiry about Dezire on call.','Interested'),(321,'8169482006','ANUSHREE','','GURARV','','parel','MUMBAI',3,'2018-09-12 10:53:15','2018-09-12 10:53:15',NULL,13,'2018-09-12','will visit the office','Interested'),(322,'8437729919','MR','','LOKHANE','','HADPSAR','PUNE',3,'2018-09-12 11:06:36','2018-09-12 11:06:36',NULL,13,'2018-09-12','will visit the office Inquiry about innova.','Interested'),(323,'8850780452','ATUL','','D','','MUMBAI','MUMBAI',10,'2018-09-12 12:03:20','2018-09-12 12:03:20',NULL,1,'2018-09-12','Inquiry about Zest .','Interested'),(324,'9011771179','SWAPNIL','','AARGADE','','Nashik','Nashik',3,'2018-09-12 12:15:17','2018-09-12 12:15:17',NULL,13,'2018-09-12','will visit the office Inquiry about innova.','Interested'),(325,'8530033746','SONU','','CHOURASIYA','','hinjwadi','PUNE',3,'2018-09-14 05:03:00','2018-09-14 05:03:28',NULL,13,'2018-09-14','inquiry about zest on call .','Interested'),(326,'7020219577','BALAJI','','GORE','','MOSHI','PUNE',3,'2018-09-14 05:07:46','2018-09-14 05:07:46',NULL,13,'2018-09-14','inquiry about Dezire on call .','Interested'),(327,'9970020363','NITIN','','PAWAR','','DIGHI','PUNE',3,'2018-09-14 05:46:52','2018-09-14 05:46:52',NULL,13,'2018-09-14','COME FOR ZEST XM BOOKING .','Interested'),(328,'9657614702','NANASAEHB','BHIKAJI','GADHE','','RAHURI','AHMEDNAGAR',3,'2018-09-14 05:55:10','2018-09-14 05:55:10',NULL,13,'2018-09-14','INQUIRY ABOUT W/R ON CALL. ','Interested'),(329,'1021223','SUHASH','','TUPE','','PIMPRI','PUNE',3,'2018-09-14 06:55:59','2018-09-14 06:55:59',NULL,13,'2018-09-14','INQUIRY ABOUT W/R ON CALL .','Interested'),(330,'9623816999','MANOJ','','KUMBHAR','','BALEWADI','PUNE',3,'2018-09-14 06:58:27','2018-09-14 06:58:27',NULL,13,'2018-09-14','INQUIRY ABOUT ETIOS ON CALL.','Interested'),(331,'8668862263','firoz','','s','','pune','pune',1,'2018-09-14 07:02:47','2018-09-17 14:20:59',NULL,9,'2018-09-14','inquired about Dezire on call.','Interested'),(332,'70660063881','suhas','','tupe','','pune','chikali',10,'2018-09-14 07:05:04','2018-09-14 07:05:04',NULL,12,'2018-09-14','will come to office ','Interested'),(333,'8530366306','ARJUN','','DANDGULE','','UMARGA','SOLAPUR',3,'2018-09-14 07:10:06','2018-09-14 07:10:06',NULL,13,'2018-09-14','INQUIRY ABOUT ETIOS ON CALL.','Interested'),(334,'9226431081','SACHIN','','PATIL','','AMRAWATI','AMRAWATI',3,'2018-09-14 07:11:32','2018-09-14 07:11:32',NULL,13,'2018-09-14','INQUIRY ABOUT ZEST ON CALL.','Interested'),(335,'9881187363','NAVNATH','','POKHARKAR','','MANCHAR','PUNE',3,'2018-09-14 07:16:51','2018-09-14 07:16:51',NULL,13,'2018-09-14','inquiry about Dezire on call .','Interested'),(336,'8308073520','kaniknath','','khawale','','nigdi','PUNE',10,'2018-09-14 07:33:04','2018-09-14 07:33:04',NULL,2,'2018-09-14','will come to office ','Interested'),(337,'8329037715','yogesh','','kamle','','satara','satara',10,'2018-09-14 07:35:27','2018-09-14 07:35:27',NULL,8,'2018-09-14','will come to office ','Interested'),(338,'7972349595','MAHAJID','','SHAIKH','','PIMPRI','PUNE',3,'2018-09-14 07:51:30','2018-09-14 07:51:30',NULL,13,'2018-09-14','INQUIRY ABOUT W/R ON CALL.','Interested'),(339,'9923992703','annasaheb','','devkate','','wakad','pune',10,'2018-09-14 07:56:49','2018-09-14 07:56:49',NULL,12,'2018-09-14','will come to office ','Interested'),(340,'9518779829','PRAVIN','','KHAIRNAR','','PANSHET','PUNE',3,'2018-09-14 08:27:43','2018-09-14 08:27:43',NULL,13,'2018-09-14','inquiry about W/R ON CALL.','Interested'),(341,'8208735871','ASHOK','','JAGTAP','','BANER','PUNE',3,'2018-09-14 08:48:08','2018-09-14 08:48:08',NULL,13,'2018-09-14','will visit the office ,Inquiry about dezire.','Interested'),(342,'7517731383','M','','mane','','pshan','pune',10,'2018-09-14 11:35:33','2018-09-14 11:35:33',NULL,2,'2018-09-14','will visit the office','Interested'),(343,'9284456097','RAHUL','','SOUDE','','UTTAMNAGAR','PUNE',3,'2018-09-14 12:02:10','2018-09-14 12:02:10',NULL,13,'2018-09-14','INQUIRY ABOUT INDICA ZEST ON CALL.','Interested'),(344,'8888379326','sachin','','kamle','','hadapsar','pune',10,'2018-09-14 12:15:29','2018-09-14 12:15:29',NULL,12,'2018-09-14','will visit the office','Interested'),(345,'7020223878','KUTE','','','','MUMBAI','MUMBAI',3,'2018-09-15 04:43:05','2018-09-15 04:43:05',NULL,13,'2018-09-15','INQUIRY ABOUT W/R CUSTOMER WILL COME TODAY IN OFFICE.','Interested'),(346,'9145413557','SAGAR','','JADHAV','','BARAMATI','BARAMATI',3,'2018-09-15 04:44:09','2018-09-15 04:44:09',NULL,13,'2018-09-15','INQUIRY BAOUT ETIOS ON CALL.','Interested'),(347,'7709609124','KRUSHNA','','MARWADI','','NASRAPUR','NASRAPUR',3,'2018-09-15 04:55:59','2018-09-15 04:55:59',NULL,13,'2018-09-15','INQUIRY ABOUT HEXA ON CALL','Interested'),(348,'7972054632','NILESH','','BELDAR','','','BHOSARI',4,'2018-09-15 04:59:50','2018-09-15 04:59:50',NULL,3,'2018-09-15','will come to office ','Interested'),(349,'9604069555','YOGESH','','RANAVARE','','','KAREGAON PARK',4,'2018-09-15 05:03:36','2018-09-15 05:03:36',NULL,3,'2018-09-12','will come to office ','Interested'),(350,'7350628447','DATTATRY','','RAJGURU','','BHORARI','PUNE',3,'2018-09-15 05:20:03','2018-09-15 05:20:03',NULL,13,'2018-09-15','inquiry about iNNOVA ON CALL . CUSTOMER WILL  COME ON OFFICE.','Interested'),(351,'7075613734','DEVIDAS','','FUNDE','','BHIMA KOREGONE','PUNE',3,'2018-09-15 05:35:21','2018-09-15 05:35:21',NULL,13,'2018-09-15','INQUIRY ABOUT DEZIRE ON CALL','Interested'),(352,'9096673648','RAM','','PATHKAR','','NANDED CITY','PUNE',3,'2018-09-15 05:38:27','2018-09-15 05:38:27',NULL,13,'2018-09-15','inquiry about Dezire on call .','Interested'),(353,'9623609797','NITIN','','DIGE','','NEAR ROSHAL GARDEN','BHOSARI',4,'2018-09-15 05:43:53','2018-09-15 05:43:53',NULL,8,'2018-09-15','will come to office ','Interested'),(354,'9975545061','Samadhan','','BHANGE','','','charoli',4,'2018-09-15 05:51:24','2018-09-15 05:51:24',NULL,12,'2018-09-15','will come to office ','Interested'),(355,'9921331218','gokul','','','','','PUNE',4,'2018-09-15 05:52:44','2018-09-15 05:52:44',NULL,8,'2018-09-15','private car','Interested'),(356,'7620044165','JAIN','','','','','AHMADNAGAR',4,'2018-09-15 05:57:55','2018-09-15 05:57:55',NULL,8,'2018-09-15','will come to office ','Interested'),(357,'9149843711','Ankush','','n','','pune','pune',10,'2018-09-15 06:56:25','2018-09-15 06:56:25',NULL,9,'2018-09-15','will visit the office','Interested'),(358,'8459829771','SACHIN','','BHOSALE','','SHIVAJINAGAR','PUNE',3,'2018-09-15 07:52:33','2018-09-15 07:52:33',NULL,13,'2018-09-15','INQUIRY ABOUT XCENT ON CALL.','Interested'),(359,'9604383441','BALU','','MANALE','','','',4,'2018-09-15 10:08:55','2018-09-15 10:08:55',NULL,12,'2018-09-15','W','Interested'),(360,'8805788805','NAGNATH','','RADDY','','CHINCHWAD','PUNE',3,'2018-09-17 06:26:28','2018-09-17 06:26:28',NULL,13,'2018-09-17','INQUIRY ABOUT DEZIRE & ZEST IN OFFICE.','Interested'),(361,'9922092245','DATTATRY','','BHUMBAR','','ALANDI','PUNE',3,'2018-09-17 06:50:07','2018-09-17 06:50:07',NULL,13,'2018-09-17','INQUIRY ABOUT ZEST ON CALL ','Interested'),(362,'8956129338','D','','Deshmukh','','wagholi','wagholi',10,'2018-09-17 07:01:07','2018-09-17 07:01:07',NULL,2,'2018-09-17','will visit the office','Interested'),(363,'8975059106','irfan','','jamadhar','','lohgoan','pune',10,'2018-09-17 07:02:01','2018-09-17 07:02:01',NULL,2,'2018-09-17','will visit the office','Interested'),(364,'8888820143','machindra ','','gurav','','narayan peth','pune',10,'2018-09-17 07:03:07','2018-09-17 07:03:07',NULL,7,'2018-09-17','will visit the office','Interested'),(365,'9922175858','santosh ','','randive','','nagar','pune',10,'2018-09-17 07:04:20','2018-09-17 07:04:20',NULL,7,'2018-09-17','will visit the office','Interested'),(366,'9284365153','suresh','','hingre','','pune','pune',10,'2018-09-17 07:05:12','2018-09-17 07:05:12',NULL,3,'2018-09-17','will visit the office','Interested'),(367,'7020571728','KETAN','','BORADHE','','PIMPRI CHINCHAWD.','PUNE',3,'2018-09-17 07:09:13','2018-09-17 07:09:13',NULL,13,'2018-09-17',' INQUIRY ABOUT ZEST ON CALL.7020','Interested'),(368,'7720091046','VISHAL','','KURADHE','','CHIKHALI','PUNE',3,'2018-09-17 08:20:53','2018-09-17 08:20:53',NULL,13,'2018-09-17','INQUIRY ABOUT ZEST XE IN OFFICE. CUSTOMER WILL COME FOR BOOKING AFTER 10/12 DAYS.','Interested'),(369,'9623229977','UMESH','','','','','PIMPRI',4,'2018-09-17 08:39:40','2018-09-17 08:39:40',NULL,8,'2018-09-17','WILL VISIT THE OFFICE','Interested'),(370,'926221275','TABIS','','','','Pune','PUNE',3,'2018-09-17 08:43:43','2018-09-17 08:43:43',NULL,13,'2018-09-17','will visit the office','Interested'),(371,'8888498080','RAMCHANDRA','ANAND','JADHAV','','UTTAMNAGAR','PUNE',3,'2018-09-17 09:19:29','2018-09-17 09:19:29',NULL,13,'2018-09-17','will visit the office FOR BOOKING','Interested'),(372,'9730665793','tukaram','','m','','chichwad','pune',10,'2018-09-17 09:21:20','2018-09-17 09:21:20',NULL,2,'2018-09-17','will visit the office','Interested'),(373,'8324763651','anand','','p','','chikali','pune',10,'2018-09-17 09:22:33','2018-09-17 09:22:33',NULL,8,'2018-09-17','Inquiry about Dezire on call.','Interested'),(374,'9112319404','TUSHAR','','PAWAR','','WARJE','PUNE',3,'2018-09-17 11:33:32','2018-09-17 11:33:32',NULL,13,'2018-09-17','INQUIRY ABOUT ZET ON CALL.','Interested'),(375,'9545660816','SATISH','','KAMBLE','','DEHUROAD','PUNE',3,'2018-09-17 11:44:29','2018-09-17 11:44:29',NULL,13,'2018-09-17','inquiry about w/r on call .','Interested'),(376,'9146025380','RAJU','','','','PUNE','PUNE',3,'2018-09-18 05:05:48','2018-09-18 05:05:48',NULL,6,'2018-09-18','INQUIRY ABOUT X-CENT ','Interested'),(377,'8208940761','ATUL','','ZAGDE','','SANGVI','PUNE',3,'2018-09-18 05:12:09','2018-09-18 05:12:09',NULL,1,'2018-09-18','inquiry about Zest on call ','Interested'),(378,'9271822212','NILESH','','MASKE','','karjat','PUNE',3,'2018-09-18 06:01:36','2018-09-18 06:01:36',NULL,12,'2018-09-18','inquiry about w/r on call for privet.','Interested'),(379,'8956707123','BHAGWAT','','','','SHIRUR','PUNE',3,'2018-09-18 06:09:35','2018-09-18 06:09:35',NULL,9,'2018-09-18','inquiry about Dezire on call .','Interested'),(380,'9850562843','SOMNATH','BANDU','JADHAV','','DHANKAWADI','PUNE',3,'2018-09-18 10:02:02','2018-09-18 10:02:02',NULL,13,'2018-09-18','will visit the office . Inquiry about innova .he will come for booking.','Interested'),(381,'8329179833','bhushan','','Fulpagare','','kalewadi','PUNE',3,'2018-09-18 10:04:28','2018-09-18 10:04:28',NULL,1,'2018-09-18','','Interested'),(382,'7720911997','SANTOSH','','GAIKWAD','','','',4,'2018-09-18 11:10:58','2018-09-18 11:10:58',NULL,4,'2018-09-18','Inquiry about innova','Interested'),(383,'9545933979','mayur ','','gaikwad','','Yeravada','PUNE',3,'2018-09-18 12:30:07','2018-09-18 12:30:07',NULL,3,'2018-09-18','will visit the office','Interested'),(384,'9975752279','Jaywant','','','','','pune station',4,'2018-09-18 14:55:07','2018-09-18 14:55:07',NULL,3,'2018-09-18','will con','Interested'),(385,'8999548390','Mohsin','','','','','kalewadi',4,'2018-09-18 14:57:42','2018-09-18 14:57:42',NULL,3,'2018-09-18','will come to office','Interested'),(386,'8766912633','ABHISHAIKH','','JADHAV','','DIGHI','PUNE',3,'2018-09-19 05:09:19','2018-09-19 05:09:19',NULL,4,'2018-09-19','INQUIRY ABOUT HEXA ON CALL.','Interested'),(387,'9422817393','NAMDEV','','KOLUKARE','','','',3,'2018-09-19 05:10:39','2018-09-19 05:10:39',NULL,12,'2018-09-19','INQUIRY ABOUT W/R ON CALL.','Interested'),(388,'8668604434','NAIK','','','','KHADKI ','PUNE',3,'2018-09-19 05:37:21','2018-09-19 05:37:21',NULL,13,'2018-09-19','will visit the office INQUIRY ABOUT EECO,ERTIGA,...','Interested'),(389,'8830900946','PRADEEP','','SAWASE','','HADPSAR','PUNE',3,'2018-09-19 05:40:13','2018-09-19 05:40:13',NULL,1,'2018-09-19','inquiry about zest on call .','Interested'),(390,'9970868601','Vishal','','','','','pune',10,'2018-09-19 05:42:08','2018-09-19 05:43:10',NULL,13,'2018-09-19','fgashd','Booked'),(391,'7775811146','AKSHAY','','PATANKAR','','','',4,'2018-09-19 06:53:34','2018-09-19 06:53:34',NULL,13,'2018-09-19','will come to office, DP 4 LAXC','Interested'),(392,'8830960472','suraj','','m','','dighi','pune',10,'2018-09-19 06:56:29','2018-09-19 06:56:29',NULL,8,'2018-09-19','for office visit','Interested'),(393,'9146924152','Surbhi','','','','','Pune',1,'2018-09-19 07:21:39','2018-09-19 07:21:39',NULL,13,'2018-09-19','','1'),(394,'7875406165','Havesh','','Landge','','','sinhgad road',4,'2018-09-19 07:33:10','2018-09-19 07:33:10',NULL,13,'2018-09-19','indica','1'),(395,'7020048659','Firoz','','khan','','','aurangabad',4,'2018-09-19 09:42:04','2018-09-19 09:42:04',NULL,13,'2018-09-19','etios','1'),(396,'9168165424','sanjay','','shinde','','','kothrude',4,'2018-09-19 10:09:57','2018-09-19 10:09:57',NULL,13,'2018-09-19','inquired about indica ,will visit the office ','Interested'),(397,'9833093555','suraj','','mawade','','DIGHI','PUNE',3,'2018-09-19 10:41:47','2018-09-19 10:41:47',NULL,8,'2018-09-19','inquiry about Dezire in office.','Interested'),(398,'9623564001','VAIBHAV','','KADU','','','PASHAN',4,'2018-09-19 11:00:46','2018-09-19 11:00:46',NULL,12,'2018-09-19','WILL VISIT THE OFFICE','Interested'),(399,'9325137858','Vitthal','','Bondar','','Osmanabad','PUNE',3,'2018-09-19 11:11:31','2018-09-19 11:11:31',NULL,6,'2018-09-19','will visit the office For x-cent privet / TR .','Interested'),(400,'8208690678','santosh','','jadhav','','','kalewadi',4,'2018-09-20 04:40:54','2018-09-20 04:40:54',NULL,3,'2018-09-20','will come to office','Interested'),(401,'9552126907','Prasad','','barate','','','Pune',4,'2018-09-20 04:41:58','2018-09-20 04:41:58',NULL,6,'2018-09-20','will come to office','Interested'),(402,'9822226876','HEMANT','','DESHPANDE','','KOTHRUD','PUNE',3,'2018-09-20 04:48:05','2018-09-20 04:48:05',NULL,13,'2018-09-20','inquiry about iNNOVA ON CALL . CUSTOMER WILL  COME ON OFFICE. (PRIVET)','Interested'),(403,'9921190888','Ganesh ','','waghmode','','','solapur',4,'2018-09-20 04:54:00','2018-09-20 04:54:00',NULL,3,'2018-09-20','Will let us know','Interested'),(404,'7045974416','ABHISHEK','','SONAVANE','','','RAVET',4,'2018-09-20 05:09:01','2018-09-20 05:09:01',NULL,12,'2018-09-20','WILL VISIT THE OFFICE ON 20/9/2018','Interested'),(405,'9604570004','Sagar','','Deshmukh','','','solapur',4,'2018-09-20 05:52:27','2018-09-20 05:52:27',NULL,8,'2018-09-20','will visit office dp-3.5 lac','Interested'),(406,'8999846719','PRABHAKAR','','GAIKWAD','','VIMANNAGAR','PUNE',3,'2018-09-20 06:35:27','2018-09-20 08:19:53',NULL,8,'2018-09-20','will come to office .INQUIRY X-CENT IN OFFICE .CUSTOMER WILL COME IN OFFICE FOR BOOKING.','Interested'),(407,'9527970112','Parmeshwar','','More','','','Bhoogaon',4,'2018-09-20 07:02:09','2018-09-20 07:02:09',NULL,12,'2018-09-20','visited on 20/9/2018-will confirm till 22/9/2018','Interested'),(408,'9970136245','SUKUMAR','','SHETBHAI','','','',4,'2018-09-20 07:50:10','2018-09-20 07:50:10',NULL,9,'2018-09-20','will come to office ','Interested'),(409,'9975391592','NILESH','','DESHMUKH','','VIMANNAGAR','PUNE',3,'2018-09-20 08:18:35','2018-09-20 08:18:35',NULL,8,'2018-09-20','inquired about Dezire IN OFFICE.','Interested'),(410,'7276759641','Prasad','','b','','','pirangut',4,'2018-09-20 08:33:21','2018-09-20 08:33:21',NULL,2,'2018-09-20','inquired abou indica','Interested'),(411,'7276759645','Prasad','','','','','hinjewadi',4,'2018-09-20 08:34:35','2018-09-20 08:34:35',NULL,13,'2018-09-20','will visit the office','Interested'),(412,'976270307','abhijeet','','Shinde','','','Pirangut',4,'2018-09-20 08:36:05','2018-09-20 08:36:05',NULL,13,'2018-09-20','private innova and tourist indica-age 25 running','Interested'),(413,'7720862571','NILESH','','POTE','','SANE CHOUWK','PUNE',3,'2018-09-20 08:43:32','2018-09-20 08:43:32',NULL,13,'2018-09-20','will come to office ','Interested'),(414,'9922016120','ASHOK','','TALEKAR','','WAGHOLI','PUNE',3,'2018-09-20 08:47:08','2018-09-20 08:47:08',NULL,3,'2018-09-20','inquired about zest IN office.','Interested'),(415,'8830064165','santosh','','','','','PUNE',4,'2018-09-20 08:51:06','2018-09-20 08:51:06',NULL,2,'2018-09-20','WILL COME FOR BOOKING ON 22/9/2018','Interested'),(416,'9834096309','NANASAHEB','','BAGUL','','','PUNE',4,'2018-09-20 08:53:58','2018-09-20 08:53:58',NULL,9,'2018-09-20','WILL VISIT THE OFFICE','Interested'),(417,'8605585892','Sandeep','','Rane','','','wakad',4,'2018-09-20 09:59:56','2018-09-20 09:59:56',NULL,3,'2018-09-20','','1'),(418,'9657748101','v','','patil','','','talegaon',4,'2018-09-20 10:02:07','2018-09-20 10:02:07',NULL,9,'2018-09-20','','1'),(419,'9850046049','Permeshwar','','Jadhav','','','pune',4,'2018-09-20 10:39:47','2018-09-20 10:39:47',NULL,6,'2018-09-20','','1'),(420,'9881241418','Samdeep','','pokale','','','Raigad',4,'2018-09-20 11:56:30','2018-09-20 11:56:30',NULL,9,'2018-09-20','','1'),(421,'9518979619','Pandurang','','Gange','','','pune',4,'2018-09-20 12:20:05','2018-09-20 12:20:05',NULL,3,'2018-09-20','','1'),(422,'8880917655','SANJAY','','NALAVDE','','DEHUROAD','PUNE',3,'2018-09-21 04:54:30','2018-09-21 04:54:30',NULL,13,'2018-09-21','will visit the office Inquiry about innova.ON CALL.','Interested'),(423,'8788957278','PUSHKAR','','KANTE','','BHOR','BHOR',3,'2018-09-21 05:06:50','2018-09-21 05:06:50',NULL,13,'2018-09-21','will visit the office Inquiry about innova.','Interested'),(424,'8494932949','MAHESH','','','','SOLAPUR','SOLAPUR',3,'2018-09-21 05:16:04','2018-09-21 05:16:04',NULL,6,'2018-09-21','will visit the office Inquiry about innova /x-cent on call .','Interested'),(425,'9970399771','UTTAM','','PATIL','','SANGLI','SANGLI',3,'2018-09-21 05:21:42','2018-09-21 05:21:42',NULL,13,'2018-09-21','will visit the office Inquiry about innova.','Interested'),(426,'8070709696','AKASH','','CHAVAN','','','PANDERPUR',4,'2018-09-21 05:27:17','2018-09-21 05:27:17',NULL,3,'2018-09-21','WILL VISIT THE OFFICE','Interested'),(427,'9145557497','KUMAR','','','','MATHERAN','MATHERAN',3,'2018-09-21 05:33:57','2018-09-21 05:34:44',NULL,13,'2018-09-21','INQIRE ABOUT X-CENT OR INNOVA ON CALL.','Interested'),(428,'9112044453','K P','','MORE','','SANGLI','KADEGAON',4,'2018-09-21 05:37:37','2018-09-21 05:37:37',NULL,13,'2018-09-21','WILL LET US','Interested'),(429,'9900218485','SHRINIVAS','','','','','KESHVNAGAR',4,'2018-09-21 05:38:28','2018-09-21 05:38:28',NULL,3,'2018-09-21','will come to office ','Interested'),(430,'7755983499','SURAJ','','RASKAR','','AALEPHATA','PUNE',3,'2018-09-21 05:42:39','2018-09-21 05:42:39',NULL,13,'2018-09-21','inquiry about ETIOS ON CALL. HE WAHNT PRIVET CALL.','Interested'),(431,'9657052066','SHAIKH','','IRFAN','','PARBHANI','PUNE',3,'2018-09-21 05:58:25','2018-09-21 05:58:25',NULL,8,'2018-09-21','will visit the office','Interested'),(432,'9637577767','bharat','','wakchore','','','beed',4,'2018-09-21 06:22:01','2018-09-21 06:22:01',NULL,9,'2018-09-21','','1'),(433,'9975009891','HARSHAL','SHANKAR','SUTAR','','BHOSARI','PUNE',3,'2018-09-21 06:23:25','2018-09-21 06:23:25',NULL,4,'2018-09-21','INQUIRY ABOUT HEXA PRIVET.','Interested'),(434,'7020805621','SAI','','','','','PUNE',4,'2018-09-21 06:28:16','2018-09-21 06:28:16',NULL,8,'2018-09-21','will visit the office','Interested'),(435,'9689366595','NISHANT ','','MORE','','BHOSARI','PUNE',3,'2018-09-21 06:28:51','2018-09-21 06:28:51',NULL,3,'2018-09-21','FOR BOOKING ZEST','Interested'),(436,'9422531212','SUNIL','','GUNGE','','','AMRAWATI',4,'2018-09-21 06:29:16','2018-09-21 06:29:16',NULL,8,'2018-09-21','','Interested'),(437,'9175946686','AJAY','','WALKE','','','PIMPLE SAUDAGAR',4,'2018-09-21 07:03:40','2018-09-21 07:03:40',NULL,8,'2018-09-21','WILL VISIT THE OFFICE','Interested'),(438,'8007592295','VAIJNATH','','','','PANDHARPUR','PUNE',3,'2018-09-21 07:25:43','2018-09-21 07:25:43',NULL,8,'2018-09-21','WANT PRIVET DEZIRE CASH .','Interested'),(439,'7888106251','SAHDEV','','SHINDE','','','LONI KALBHOR',4,'2018-09-21 07:27:53','2018-09-21 07:27:53',NULL,8,'2018-09-21','will come to office ','Interested'),(440,'9730001614','ASHOK','','','','','PUNE',4,'2018-09-21 07:30:17','2018-09-21 07:30:17',NULL,8,'2018-09-21','will come to office ','Interested'),(441,'9665963128','MARUTI','','MUSMADE','','','PUNE',4,'2018-09-21 07:31:11','2018-09-21 07:31:11',NULL,8,'2018-09-21','WILL VISIT THE OFFICE','Interested'),(442,'7620778930','BASWRAJ','','','','','MOSHI',4,'2018-09-21 07:39:11','2018-09-21 07:39:11',NULL,13,'2018-09-21','innova crysta','Interested'),(443,'7020051337','LAXMMAN','','DEASI','','SANGLI','PUNE',3,'2018-09-21 07:39:24','2018-09-21 07:39:24',NULL,6,'2018-09-21','Inquiry about x-cent.','Interested'),(444,'9665826462','VILAS','','KALE','','BHORARI','PUNE',3,'2018-09-21 07:41:58','2018-09-21 07:41:58',NULL,8,'2018-09-21','inquiry about Dezire on call .','Interested'),(445,'983433787813','RAMESHWAR','','AADIK','','CHANDAN NAGAR','PUNE',3,'2018-09-21 07:53:24','2018-09-21 07:53:24',NULL,8,'2018-09-21','INQUIRY ABOUT DEZIRE ON CALL.','Interested'),(446,'7038270007','DEVIDAS ','','SONAVNE','','','DANGE CHK',4,'2018-09-21 08:37:17','2018-09-21 08:37:17',NULL,3,'2018-09-21','will come to office ','Interested'),(447,'7014173806','RAMNIWAS','','','','CHINCHWAD','PUNE',3,'2018-09-21 08:39:08','2018-09-21 09:30:31',NULL,3,'2018-09-21','inquiry about zest on call .','Interested'),(448,'7875452161','ABC','','','','HADPSAR','PUNE',3,'2018-09-21 08:41:29','2018-09-21 08:41:29',NULL,8,'2018-09-21','will visit the office','Interested'),(449,'8279213325','DHOLARAM ','','BISHNOI','','','PUNE',4,'2018-09-21 09:28:54','2018-09-21 09:28:54',NULL,9,'2018-09-21','will come to office ','Interested'),(450,'9067030017','GANESH','','SHINDE','','YEVAT','YEVAT',3,'2018-09-21 09:41:10','2018-09-21 09:41:10',NULL,8,'2018-09-21','Inquiry about Dezire on call.','Interested'),(451,'9970041741','AMOL','','RESIDENCY','','NIGDI','PUNE',3,'2018-09-21 09:42:10','2018-09-21 09:42:10',NULL,8,'2018-09-21','Inquiry about Dezire on call.','Interested'),(452,'9067565337','OM','','KALE','','','SHIRUR',4,'2018-09-21 09:42:21','2018-09-21 09:42:21',NULL,8,'2018-09-21','PRIVATE -will come to office ','Interested'),(453,'9284060932','vikas','','kamble','','','moshi',4,'2018-09-21 09:53:16','2018-09-21 09:53:16',NULL,13,'2018-09-21','private innova -used  car','Interested'),(454,'8888383335','sachin','','','','','pune',4,'2018-09-21 09:54:49','2018-09-21 09:54:49',NULL,8,'2018-09-21','will come to office ','Interested'),(455,'7020542179','JITENDRA','','','','','dighi',4,'2018-09-21 10:13:15','2018-09-21 10:13:15',NULL,13,'2018-09-21','innova-private(Will visit the office)','Interested'),(456,'7620029810','SASHIRAO','','KORDE','','BALEWADI','PUNE',3,'2018-09-21 11:28:40','2018-09-21 11:28:40',NULL,1,'2018-09-21','will visit the office, for zet inquiry.','Interested'),(457,'8805501880','Sarthak','','Patil','','AKURDI','PUNE',3,'2018-09-21 11:31:51','2018-09-21 11:31:51',NULL,7,'2018-09-21','will visit the office, for xcent inquiry.','Interested'),(458,'7058542954','ANKIT','','SING','','TALEGON','PUNE',3,'2018-09-21 11:36:23','2018-09-21 11:36:23',NULL,6,'2018-09-21','will visit the office Inquiry about xcent oncall.','Interested'),(459,'7506552032','MANOJ','','Katore','','nashik','Nashik',3,'2018-09-21 11:42:18','2018-09-21 12:00:16',NULL,8,'2018-09-21','inquiry about Dezire on call . want old look dezire..','Interested'),(460,'8668535139','DNYNESHWAR','','TANDALE','','BEED','BEED',3,'2018-09-21 11:57:05','2018-09-21 11:57:05',NULL,1,'2018-09-21','CUSTOMER WANT 0 DOWN PAYMENT CAR','Interested'),(461,'7620550436','SUSHANT','','CHOUDHARI','','VISHALNAGAR','PUNE',3,'2018-09-21 11:58:20','2018-09-21 11:58:20',NULL,1,'2018-09-21','inquired about Zest on call.','Interested'),(462,'7558272056','MAULI','','PATIL','','BARAMATI','PUNE',3,'2018-09-21 12:19:35','2018-09-21 12:19:35',NULL,6,'2018-09-21','inquired about xcent on call.','Interested'),(463,'9049973442','ANIKET','','JAGTAP','','Akurdi','PUNE',3,'2018-09-21 12:20:51','2018-09-21 12:20:51',NULL,6,'2018-09-21','will come to office .FOR E-CENT .','Interested'),(464,'91750945113','LAIS','','','','KOTHRUD','PUNE',3,'2018-09-22 05:07:03','2018-09-22 05:07:03',NULL,13,'2019-09-22','will visit the office','Interested'),(465,'7350055944','SANTOSH','','JADHAV','','BANER','PUNE',3,'2018-09-22 06:00:16','2018-09-22 06:00:16',NULL,2,'2018-09-22','inquired about zest IN office.','Interested'),(466,'9226151397','Govind','','Narkar','','Mangone','PUNE',3,'2018-09-22 06:01:56','2018-09-22 06:01:56',NULL,12,'2018-09-22','will come to office ','Interested'),(467,'8956769705','SHREEKANT','','TALIMKAR','','HADPSAR','PUNE',3,'2018-09-22 06:19:41','2018-09-22 06:19:41',NULL,7,'2018-09-22','inquired about X-cent on call.','Interested'),(468,'7796869195','AILEEN','','','','MUNDHWA','PUNE',3,'2018-09-22 08:39:22','2018-09-22 08:39:22',NULL,8,'2019-09-22','will visit the office','Interested'),(469,'8999084715','SUMIT','','JADHAV','','AKURDI','PUNE',3,'2018-09-22 08:58:11','2018-09-22 08:58:11',NULL,6,'2019-09-22','inquiry about x-CENT ON CALL.','Interested'),(470,'9763722067','SATYAWAN','','KASTURI','','TATHAWADE','PUNE',3,'2018-09-22 10:08:19','2018-09-22 10:08:19',NULL,7,'2019-09-22','inquiry about x-cent in office.','Interested'),(471,'9850107504','UTTAM','','JAGTAP','','WADGONESHERI','PUNE',3,'2018-09-22 10:32:27','2018-09-22 10:32:27',NULL,1,'2018-09-22','inquired about zest IN office.','Interested'),(472,'9730431073','GANESH','','JAGTAP','','WADGONESHERI','PUNE',3,'2018-09-22 10:33:19','2018-09-22 10:33:19',NULL,3,'2018-09-22','inquired about zest IN office.','Interested'),(473,'9067325158','ANIL','','DADAR','','WAKAD','PUNE',3,'2018-09-22 11:08:44','2018-09-22 11:11:09',NULL,9,'2018-09-22','WANT BOOK DEZIRE CNG INQUIRY IN OFFICE.','Interested'),(474,'9552657134','MAHESH ','','SALVE','','PIMPRI','PUNE',3,'2018-09-22 11:13:08','2018-09-22 11:13:08',NULL,6,'2018-09-22','inquired about X-cent on call.','Interested'),(475,'9420211360','SATISH','','BADGE','','PARVATI','PUNE',3,'2018-09-22 11:51:40','2018-09-22 11:51:40',NULL,3,'2018-09-22','inquired about Zest On call.','Interested'),(476,'9823154001','Bhupindar','','singh','','','Pune',4,'2018-09-22 16:33:08','2018-09-22 16:33:08',NULL,8,'2018-09-22','','1'),(477,'7796151659','Prayesh','','','','','warje',4,'2018-09-22 16:34:25','2018-09-22 16:34:25',NULL,6,'2018-09-22','','1'),(478,'8788588746','Sangram','','kendre','','','Hadapsar',4,'2018-09-22 16:36:33','2018-09-22 16:36:33',NULL,6,'2018-09-22','','1'),(479,'9309868285','Kawane','','','','','',4,'2018-09-22 16:48:32','2018-09-22 16:48:32',NULL,6,'2018-09-22','','1'),(480,'9325587999','ved','','','','','Pune',4,'2018-09-22 16:50:48','2018-09-22 16:50:48',NULL,13,'2018-09-22','','1'),(481,'8208155942','Aslam','','Shaikh','','','Warje',4,'2018-09-22 16:52:13','2018-09-22 16:52:13',NULL,9,'2018-09-22','','1'),(482,'9130548038','Ashok','','','','','Akurdi',4,'2018-09-22 16:54:01','2018-09-22 16:54:01',NULL,8,'2018-09-22','','1'),(483,'9850100805','Rohit','','Reddy','','','Pimple Gurav',4,'2018-09-22 16:55:39','2018-09-22 16:55:39',NULL,9,'2018-09-22','','1'),(484,'9764464602','Vijay','','Jadhav','','','Hadapsar',4,'2018-09-22 16:56:54','2018-09-22 16:56:54',NULL,6,'2018-09-22','','1'),(485,'7030253004','S','','Cinnam','','','Khadki',4,'2018-09-22 16:58:06','2018-09-22 16:58:06',NULL,8,'2018-09-22','','1'),(486,'8208782745','Sachin','','Thorat','','','Wagholi',4,'2018-09-22 17:02:21','2018-09-22 17:02:21',NULL,8,'2018-09-22','','1'),(487,'9561715141','Nitin','','','','','Wakad',4,'2018-09-22 17:03:44','2018-09-22 17:03:44',NULL,8,'2018-09-22','','1'),(488,'9860629494','Santosh','','Nalawade','','','Pune',4,'2018-09-22 17:05:06','2018-09-22 17:05:06',NULL,3,'2018-09-22','','1'),(489,'9146272525','Pranjeet','','','','','Pune',4,'2018-09-22 17:06:15','2018-09-22 17:06:15',NULL,6,'2018-09-22','','1'),(490,'7276977444','Vishwjeet','','','','','Pune',4,'2018-09-22 17:07:59','2018-09-22 17:07:59',NULL,3,'2018-09-22','','1'),(491,'9763484642','Permeshwar','','Bage','','','Pune',4,'2018-09-22 17:11:51','2018-09-22 17:11:51',NULL,6,'2018-09-22','','1'),(492,'7972339180','sanjay','','p','','hinjewadi','pune',10,'2018-09-24 04:54:04','2018-09-24 04:54:04',NULL,8,'2018-09-23','Inquiry about Dezire on call.','Interested'),(493,'9403310709','DHIRAJ','','G','','PUNE','PUNE',10,'2018-09-24 05:05:44','2018-09-24 05:05:44',NULL,12,'2018-09-23','Inquiry about w/r  on call.','Interested'),(494,'9890063626','mahhmad','','uamar','','Aurangabad','Aurangabad',3,'2018-09-24 05:15:30','2018-09-24 05:15:30',NULL,6,'2019-09-24','Inquiry about xcent on call.','Interested'),(495,'9890173298','SAGAR','','DIGHE','','NIGDI','PUNE',3,'2018-09-24 05:23:19','2018-09-24 05:23:19',NULL,12,'2019-09-24','INTRESTED IN OLD CAR W/R.','Interested'),(496,'9595952622','PRATHAMESH','','SONAWANE','','YERWADA','PUNE',10,'2018-09-24 05:26:45','2018-09-24 05:26:45',NULL,6,'2018-09-23','will visit the office','Interested'),(497,'7020697551','HARISH','','JAIN','','','PUNE',4,'2018-09-24 05:30:05','2018-09-24 05:30:05',NULL,8,'2018-09-24','WILL VISIT THE OFFICE','Interested'),(498,'7083532901','PRAFULL','','PATIL','','KHANAPUR','Pune',3,'2018-09-24 05:36:36','2018-09-24 05:36:36',NULL,4,'2019-09-24','INQUIRY ABOUT HEXA','Interested'),(499,'9637128440','RAJASAHEB','','SHAIKH','','DAPODI','PUNE',3,'2018-09-24 05:38:02','2018-09-24 05:38:02',NULL,12,'2019-09-24','INQUIRY ABOUT W/R ON CALL','Interested'),(500,'7028657838','SUDHIR','','RATHOD','','BULDHANA','BULDHANA',3,'2018-09-24 05:39:33','2018-09-24 05:39:33',NULL,8,'2019-09-24','inquiry about Dezire on call .','Interested'),(501,'9921566400','AMOL','','PATIL','','SANGLI','PUNE',3,'2018-09-24 05:41:58','2018-09-24 05:41:58',NULL,4,'2019-09-24','inquiry about HEXA ON CALL.','Interested'),(502,'9373579919','uber ','','shaikh','','kondwa','pune',10,'2018-09-24 05:49:39','2018-09-24 05:49:39',NULL,7,'2018-09-23','will visit the office','Interested'),(503,'8805218895','mahadev','','jadhav','','hijewadi','pune',10,'2018-09-24 05:58:53','2018-09-24 05:58:53',NULL,12,'2018-09-23','will visit the office','Interested'),(504,'8927272747','tukaram','','marne','','','kothrude',4,'2018-09-24 05:59:42','2018-09-24 05:59:42',NULL,8,'2018-09-24','will visit the office','Interested'),(505,'9923831521','s','','shelar','','malegoan','nashik',10,'2018-09-24 06:15:35','2018-09-24 06:15:35',NULL,3,'2018-09-23','will visit the office','Interested'),(506,'9422167420','SWAMI','','','','AALANDI','PUNE',3,'2018-09-24 06:19:17','2018-09-24 06:19:17',NULL,12,'2019-09-24','INQUIRY ABOUT W/R ON CALL.','Interested'),(507,'7620694047','manoj','','r','','bhosari','pune',10,'2018-09-24 06:24:35','2018-09-24 06:24:35',NULL,7,'2018-09-23','will visit the office','Interested'),(508,'9881930738','Anil','','a','','pune','pune',10,'2018-09-24 06:30:06','2018-09-24 06:30:06',NULL,12,'2018-09-24','will visit the office','Interested'),(509,'9168237258','RAHUL','','BHAGAT','','BAVDHAN','PUNE',3,'2018-09-24 06:31:40','2018-09-24 06:31:40',NULL,12,'2019-09-24','inquiry about WR on call.','Interested'),(510,'9689895544','shrikant','','sonawane','','bhavani peth','pune',10,'2018-09-24 06:42:54','2018-09-24 06:42:54',NULL,8,'2018-09-24','will visit the office','Interested'),(511,'9604736255','tanap','','sandepar','','BEED','PUNE',3,'2018-09-24 06:43:06','2018-09-24 06:43:06',NULL,13,'2019-09-24','INQUIRY ABOUT ETIOS ON CALL.','Interested'),(512,'9325305991','vishnu','','kharat','','hadapsar','pune',10,'2018-09-24 06:45:24','2018-09-24 06:45:24',NULL,9,'2018-09-24','will visit the office','Interested'),(513,'9766552736','AANGAD','','SONTAKKE','','NASHIK','PUNE',3,'2018-09-24 06:48:35','2018-09-24 06:48:35',NULL,3,'2019-09-24','INQIRE ABOUT X-CENT , ZEST, INDICA AND INDIGO ON CALL.','Interested'),(514,'9860535556','Gorakh','','Mane','','','Chinchwad',4,'2018-09-24 06:48:51','2018-09-24 06:48:51',NULL,8,'2018-09-24','will come to office ','Interested'),(515,'9588430823','UGLE','','','','NASHIK','NASHIK',3,'2018-09-24 06:58:35','2018-09-24 06:58:35',NULL,8,'2019-09-24','DEZIRE','Interested'),(516,'9340363607','mahesh','','m','','kondwa','pune',10,'2018-09-24 07:34:11','2018-09-24 07:34:11',NULL,8,'2018-09-24','will visit the office','Interested'),(517,'8668530538','ROHAN','','LOKHANDE','','BHOSARI','PUNE',3,'2018-09-24 07:48:14','2018-09-24 07:48:14',NULL,6,'2019-09-24','INQUIRY IN OFFICE ,DEZIRE , XCENT (REFER SIMRAN)','Interested'),(518,'8530720919','SURYKJANT','','CHOPDE','','NIGDI','PUNE',3,'2018-09-24 07:51:01','2018-09-24 07:51:01',NULL,7,'2019-09-24','inquiry about Dezire IN OFFICE.','Interested'),(519,'6393252979','BHAGESH','','JADAHV','','PUNE','PUNE',3,'2018-09-24 07:52:47','2018-09-24 07:52:47',NULL,12,'2019-09-24','INQUIRY ABOUT W/R ON CALL.','Interested'),(520,'9284028783','DATATTRY','','','','BHOSARI','PUNE',3,'2018-09-24 08:16:57','2018-09-24 08:16:57',NULL,8,'2019-09-24','inquiry about Dezire on call .','Interested'),(521,'8830680186','SAUDAGAR','','MAHEBUB','','LATUR','PUNE',3,'2018-09-24 08:19:01','2018-09-24 08:19:01',NULL,8,'2019-09-24','inquiry about Dezire on call .','Interested'),(522,'9822448278','MAHESH','','WASLANI','','PIMPRI','PUNE',3,'2018-09-24 08:37:30','2018-09-24 08:37:30',NULL,12,'2019-09-24','INQUIRY ABOUT W/R ON CALL .','Interested'),(523,'8999021139','SACHIN','','SHINDE','','VISHRANTWADI','PUNE',3,'2018-09-24 08:39:19','2018-09-24 08:39:19',NULL,8,'2019-09-24','inquiry about Dezire on call .','Interested'),(524,'9112947006','RAHUK ','','INAMDAR','','Aurangabad','Aurangabad',3,'2018-09-24 08:46:54','2018-09-24 08:46:54',NULL,8,'2019-09-24','inquiry about Dezire on call . CUSTOMER WILL COME TOORROW. 25/9/2018','Interested'),(525,'7083658181','PRAVIN','','DAREKAR','','YERAVDA','PUNE',3,'2018-09-24 09:21:48','2018-09-24 09:21:48',NULL,7,'2018-09-24','inquired about X-cent on call.','Interested'),(526,'9834684105','UTTAM','','MARKUTE','','WAGHOLI','PUNE',3,'2018-09-24 09:23:19','2018-09-24 09:23:19',NULL,13,'2018-09-24','inquired about ETIOS ON CALL.','Interested'),(527,'9822461337','VIKRAM','','RAJKUMAR','','NAGPUR','NAGPUR',3,'2018-09-24 09:30:56','2018-09-24 09:30:56',NULL,13,'2018-09-24','INQUIRY ABOUT ETIOS ON CALL.','Interested'),(528,'7744860609','SURESH','','RADDY','','KHARADI','PUNE',3,'2018-09-24 09:38:39','2018-09-24 09:38:39',NULL,13,'2018-09-24','WILL VISIT THE OFFICE , REFER PRAVIN SURYANSHI','Interested'),(529,'9579161659','MUKESH','','SHINDE','','','WAKAD',4,'2018-09-24 09:52:09','2018-09-24 09:52:09',NULL,13,'0208-09-24','WILL VISIT THE OFFICE-ETIOS PRIVATE ','Interested'),(530,'9881772331','MAULI','','G','','','PUNE',4,'2018-09-24 09:55:04','2018-09-24 09:55:04',NULL,8,'2018-09-24','will visit the office','Interested'),(531,'9156963646','GHULE','','PARK','','NIGDI','PUNE',3,'2018-09-24 09:55:55','2018-09-24 09:55:55',NULL,12,'2018-09-24','will come to office ','Interested'),(532,'7020048714','VINOD','','','','','PUNE',4,'2018-09-24 09:58:53','2018-09-24 09:58:53',NULL,8,'2018-09-24','PRIVATE CAR','Interested'),(533,'9960278640','LALSING','','RATHOD','','Rangangone','Rangangone',3,'2018-09-24 10:09:24','2018-09-24 10:09:56',NULL,8,'2018-09-24','inquired about Dezire on call.','Interested'),(534,'9665847884','SANTOSH','','SONAVNE','','NIGDI','PUNE',3,'2018-09-24 10:29:31','2018-09-24 10:29:31',NULL,8,'2018-09-24','inquired about Dezire on call.','Interested'),(535,'8669025363','SONU','','AAGRWAL','','WADGONE SHERI','PUNE',3,'2018-09-24 12:20:34','2018-09-24 12:20:34',NULL,8,'2019-09-24','inquiry about Dezire on call .','Interested'),(536,'7058404444','SANDEEP','','GOLE','','BHORARI','PUNE',3,'2018-09-24 12:21:32','2018-09-24 12:21:47',NULL,8,'2019-09-24','inquiry about Dezire on call .','Interested'),(537,'9359810985','GANESH','','KAMBLE','','PIMPRI','PUNE',3,'2018-09-24 12:27:25','2018-09-24 12:27:25',NULL,8,'2019-09-24','inquiry about Dezire on call .','Interested'),(538,'9922101992','MAHESH','','PATIL','','PUNE','PUNE',3,'2018-09-24 12:31:22','2018-09-24 12:31:22',NULL,8,'2019-09-24','inquiry about Dezire on call .','Interested'),(539,'7620238218','MANOHAR','','KULKARNI','','DHAYRI','PUNE',3,'2018-09-25 05:25:05','2018-09-25 05:25:05',NULL,1,'2018-09-25','inquired about zest ON CALL','Interested'),(540,'7972320640','SANTOSH','','GAVLI','','','YERWADA',4,'2018-09-25 05:28:16','2018-09-25 05:28:16',NULL,6,'2018-09-25','will visit the office','Interested'),(541,'9730276535','SACHIN ','','SHIDE','','PANDHPUR','PANDHPUR',3,'2018-09-25 05:30:25','2018-09-25 05:30:25',NULL,1,'2018-09-25','inquired about zest ON CALL.','Interested'),(542,'9975921571','AKASH','','LANDGE','','','CHINCHWAD',4,'2018-09-25 05:32:05','2018-09-25 05:32:05',NULL,3,'2018-09-25','will visit the office','Interested'),(543,'7620671577','MANGESH','','JADHAV','','HADPSAR','PUNE',3,'2018-09-25 06:07:27','2018-09-25 06:07:27',NULL,6,'2018-09-24','inquired about X-cent on call.','Interested'),(544,'7030590647','SANTOSH','','SANGLE','','KHARADI','PUNE',3,'2018-09-25 06:11:25','2018-09-25 06:11:25',NULL,12,'2018-09-25','inquired about WR ON CALL','Interested'),(545,'9834169681','AKSHAY','','KOdgave','','CHINCHWAD mohannagar','PUNE',3,'2018-09-25 06:16:47','2018-09-25 07:49:15',NULL,6,'2018-09-25','inquired about X-cent on call. will come for indigo booking.','Interested'),(546,'9921566161','LATA','','MISHRA','','SINHGAD ROAD','PUNE',3,'2018-09-25 06:23:39','2018-09-25 06:23:39',NULL,3,'2018-09-25','will come to office ','Interested'),(547,'8830522439','PATHAN','','RASHID','','AHMEDNAGAR','AHMEDNAGAR',3,'2018-09-25 06:55:35','2018-09-25 06:55:35',NULL,8,'2018-09-25','inquired about Dezire on call.','Interested'),(548,'9960399908','MADHAV','','HEWAD','','HADPSAR','PUNE',3,'2018-09-25 07:05:16','2018-09-25 07:05:16',NULL,12,'2018-09-25','inquired about W/R on call.','Interested'),(549,'7083030454','NITIN','','Godse','','hinjwadi','PUNE',3,'2018-09-25 07:06:50','2018-09-25 07:06:50',NULL,6,'2018-09-25','inquired about X-cent on call.','Interested'),(550,'9637564000','BAPU ','','MORE','','MANGALVAR PETH','PUNE',10,'2018-09-25 07:19:19','2018-09-25 07:19:19',NULL,1,'0024-09-20','will visit the office','Interested'),(551,'9960947272','RAJU','','KAPSE','','DANGECOUWK','PUNE',3,'2018-09-25 10:06:50','2018-09-25 10:06:50',NULL,3,'2018-09-25','inquired about zest IN office.','Interested'),(552,'8888886132','SACHIN','','KSHIRSAGAR','','DANGECOUWK','PUNE',3,'2018-09-25 10:08:42','2018-09-25 10:08:42',NULL,8,'2018-09-25','inquired about Dezire IN OFFICE.','Interested'),(553,'7020066385','ALOK','','GUPTA','','DANGECHOWK','PUNE',3,'2018-09-25 10:54:27','2018-09-25 10:54:27',NULL,6,'2018-09-25','inquired about X-cent on call.','Interested'),(554,'7774934440','DATTATRAY','','PUNDAKARE','','WALEKARWADI','PUNE',3,'2018-09-25 11:46:10','2018-09-25 11:46:10',NULL,1,'2018-09-25','BOOKED TATA XE FULPAGAR RELATIVE.','Interested'),(555,'7972624699','SHARAD','','SURYANSHI','','BHOSARI','PUNE',3,'2018-09-26 04:53:45','2018-09-26 04:53:45',NULL,8,'2018-09-26','inquired about Dezire on call.','Interested'),(556,'878852109','VITTHAL','','RANGE','','KATRAJ','PUNE',3,'2018-09-26 05:20:48','2018-09-26 05:20:48',NULL,12,'2018-09-26','inquired about W/R on call.','Interested'),(557,'9511691051','ROHIT ','','BHUTANGE','','','NANDURBAR',4,'2018-09-26 05:41:52','2018-09-26 05:41:52',NULL,13,'2018-09-26','INNOVA-USED CAR','Interested'),(558,'9545102940','SACHIN','','KARDE','','CHINCHWAD','PUNE',3,'2018-09-26 05:46:02','2018-09-26 05:46:02',NULL,13,'2018-09-26','inquired about etios on call.','Interested'),(559,'9767212236','SAGAR','','THEURKAR','','VISHRANTWADI','PUNE',3,'2018-09-26 05:57:39','2018-09-26 05:57:39',NULL,13,'2018-09-26','will come to office ','Interested'),(560,'7972567605','YOGESH','','CHASKAR','','WADGONE MAVAL','PUNE',3,'2018-09-26 06:11:43','2018-09-26 06:11:43',NULL,13,'2018-09-26','will come to office ','Interested'),(561,'8983344950','pratik','','kolekar','','Raigad','PUNE',3,'2018-09-26 06:21:14','2018-09-26 06:21:14',NULL,6,'2018-09-26','inquired about X-cent on call.','Interested'),(562,'8669069162','SULTAN','','SHAIKH','','SOLAPUE','SOLAPUR',3,'2018-09-26 06:38:25','2018-09-26 06:38:25',NULL,3,'2018-09-26','inquired about Zest on call.','Interested'),(563,'8788331398','PRASHANT','','','','','BANER',4,'2018-09-26 07:01:40','2018-09-26 09:29:58',NULL,6,'2018-09-26','WILL VISIT THE OFFICE','Interested'),(564,'9527097028','GANESH','','GAIKE','','CHINCHWAD','PUNE',3,'2018-09-26 07:09:26','2018-09-26 07:09:26',NULL,13,'2018-09-26','CUSTOMER WANT ERTIGA CAR ONLY ','Interested'),(565,'8605109423','GHULENIKHIL','','KHDAKRE','','KALEWADI','PUNE',3,'2018-09-26 09:01:13','2018-09-26 09:01:13',NULL,13,'2018-09-26','inquired about innova CIBIL problem .','Interested'),(566,'9665660836','CHANDRKANT','','SAWANT','','DOUND','DOUND',3,'2018-09-26 09:29:00','2018-09-26 09:29:00',NULL,7,'2018-09-26','inquiry about x-cent on call .','Interested'),(568,'7447675247','rupesh','','dharmik','','','PUNE',4,'2018-09-26 10:03:02','2018-09-26 10:03:02',NULL,8,'2018-09-26','will visit the office','Interested'),(569,'9220200300','DNYNESHWAR','','PAWAR','','VIMANNAGAR','PUNE',3,'2018-09-26 10:03:37','2018-09-26 10:03:37',NULL,7,'2018-09-26','inquired about X-cent on call.','Interested'),(570,'9545453000','SANTOSH','','','','','pimpari',4,'2018-09-26 10:04:24','2018-09-26 10:04:24',NULL,6,'2018-09-26','will visit the office','Interested'),(571,'9970779550','SAGAR','','','','','nigdi',4,'2018-09-26 10:05:11','2018-09-26 10:05:11',NULL,6,'2018-09-26','will visit the office','Interested'),(572,'8208951947','santosh','','sonkamble','','','hadapsar',4,'2018-09-26 10:06:58','2018-09-26 10:06:58',NULL,6,'2018-09-26','WILL VISIT THE OFFICE','Interested'),(573,'8554041411','mahendra','','shourya','','','chinchwad',4,'2018-09-26 10:09:32','2018-09-26 10:09:32',NULL,6,'2018-09-26','will visit the office','Interested'),(574,'9834510847','raza','','kadri','','','pune',4,'2018-09-26 10:10:44','2018-09-26 10:10:44',NULL,8,'2018-09-26','used cars','Interested'),(575,'9049515283','zaid','','sayyad','','','PUNE',4,'2018-09-26 10:12:27','2018-09-26 10:12:27',NULL,8,'2018-09-26','will visit the office','Interested'),(576,'8484847384','SAGAR','','RAUT','','CHINCHWAD','PUNE',3,'2018-09-26 10:36:14','2018-09-26 10:36:14',NULL,13,'2018-09-26','INQUIRY ABOUT INDICA IN OFFICE.','Interested'),(577,'8329524050','TUPESH','','DHOPARGUDE','','OSMANABAD','PUNE',3,'2018-09-26 10:43:28','2018-09-26 10:43:28',NULL,1,'2018-09-26','inquired about Zest on call. ','Interested'),(578,'8788630579','AMOL','','PATIL','','','WARJE',4,'2018-09-26 10:54:36','2018-09-26 10:54:36',NULL,12,'2018-09-26','will visit the office','Interested'),(579,'9075823213','PRAVIN','','MANE','','','HADAPSAR',4,'2018-09-26 10:57:10','2018-09-26 10:57:29',NULL,8,'2018-09-26','PRIVATE- USED CAR','Interested'),(580,'8779715413','DHNAJI','','MORE','','CHIMBLI MOSHI','PUNE',3,'2018-09-26 11:24:30','2018-09-26 11:24:30',NULL,12,'2018-09-26','INQUIRY ABOUT WR IN OFFICE.','Interested'),(581,'9850506905','RAHUL','','RANDIVE','','RAVET','PUNE',3,'2018-09-26 11:40:52','2018-09-26 11:40:52',NULL,8,'2018-09-26','inquired about Dezire on call.','Interested'),(582,'9595818108','VISHAL','','SHINDE','','','CHINCHWAD',4,'2018-09-26 11:48:32','2018-09-26 11:48:32',NULL,12,'2018-09-26','Private car-will visit the office on 27/9/2018','Interested'),(583,'8805958895','GHULE','SHIVAJI','PARK','','CHIKHALI','PUNE',3,'2018-09-26 12:30:01','2018-09-26 12:30:01',NULL,6,'2018-09-26','INQUIRY ABOUT X-CENT IN OFFICE','Interested'),(584,'7710990357','Nisha','','','','','wagholi',4,'2018-09-27 05:10:48','2018-09-27 05:10:48',NULL,13,'2018-09-27','inquired about innova-private (used car)','Interested'),(585,'7875709390','hitesh','','','','','s b road',4,'2018-09-27 05:11:54','2018-09-27 05:11:54',NULL,12,'2018-09-27','will visit the office','Interested'),(586,'9970252735','NITIN','','PAWAR','','','HINJEWADI',4,'2018-09-27 05:28:53','2018-09-27 05:28:53',NULL,2,'2018-09-27','will visit the office','Interested'),(587,'9987590752','AVINASH','','SHINDE','','','PUNE',4,'2018-09-27 05:30:28','2018-09-27 05:30:28',NULL,12,'2018-09-27','WILL VISIT THE OFFICE','Interested'),(588,'9011085182','Nanasaheb','','Shinde','','','chinchwad',4,'2018-09-27 05:52:48','2018-09-27 05:52:48',NULL,12,'2018-09-27','private car-will visit the office','Interested'),(589,'9511991467','GOPAL','','YADAV','','','PUNE',4,'2018-09-27 06:36:07','2018-09-27 06:36:07',NULL,6,'2018-09-27','will visit the office','Interested'),(590,'9096050700','ANUP','','BODKE','','PUNE','HINJEWADI',4,'2018-09-27 07:19:48','2018-09-27 07:19:48',NULL,3,'2018-09-27','will visit the office ON 27/9/2018 TILL4 PM','Interested'),(591,'8600276669','nitin','','','','','SOLAPUR',4,'2018-09-27 07:29:23','2018-09-27 07:29:23',NULL,3,'2018-09-27','WILL VISIT THE OFFICE','Interested'),(592,'9637839083','VISHAL','','PATIL','','AKURDI','PUNE',3,'2018-09-27 08:02:12','2018-09-27 08:02:12',NULL,6,'2018-09-27','inquiry about  XCENT IN OFFICE.','Interested'),(593,'7350488941','DINKAR','','DAGDE','','PANDHARPUR','PUNE',3,'2018-09-27 08:05:14','2018-09-27 08:05:14',NULL,3,'2018-09-27','inquiry about zest on call .','Interested'),(594,'8806620215','CHANDRKANT','','MANE','','CHIKHALI','PUNE',3,'2018-09-27 08:06:54','2018-09-27 08:06:54',NULL,2,'2018-09-27','inquiry about zest IN OFFISE , ASHOK KAMBLE RELATIVE.','Interested'),(595,'7420027384','ASIM','','PATEL','','CHINCHWAD','PUNE',3,'2018-09-27 09:05:23','2018-09-27 09:05:23',NULL,13,'2018-09-27','inquiry about INDICA IN OFFICE.','Interested'),(596,'9922987837','SAGAR','ANAND','KASID','','CHINCHWAD','PUNE',3,'2018-09-27 09:21:47','2018-09-27 09:21:47',NULL,12,'2018-09-27','inquiry about W/R on call. fek customer.','Interested'),(597,'9220200300','DYANESHWAR ','','PAWAR','','','VIMANNAGAR',4,'2018-09-27 09:54:28','2018-09-27 09:54:28',NULL,6,'2018-09-27','WILL CONFIRM ON 28/9/2018','Interested'),(598,'9503346886','SACHIN','','KASME','','lohaGONE','PUNE',3,'2018-09-27 10:17:16','2018-09-27 10:17:16',NULL,3,'2018-09-27','inquiry about zest on call .','Interested'),(599,'9850949438','ATUL','','WAGHMARE','','','THERGAON',4,'2018-09-27 10:18:09','2018-09-27 10:18:09',NULL,6,'2018-09-27','WILL VISIT THE OFFICE','Interested'),(600,'8796636255','RAHUL','','DALE','','PUNE','PUNE',3,'2018-09-27 10:36:37','2018-09-27 10:36:37',NULL,12,'2018-09-27','inquiry about W/R on call. privet','Interested'),(601,'8805293048','RAM','','SHNE','','','PUNE',3,'2018-10-01 05:03:17','2018-10-01 05:03:17',NULL,6,'2018-10-01','will come to office ','Interested'),(602,'8805293048','RAM','','SHINDE','','','PUNE',3,'2018-10-01 05:03:39','2018-10-01 05:03:39',NULL,6,'2018-10-01','will come to office ','Interested'),(603,'7620379277','SANTOSH','','GAIKWAD','','HADPSAR','PUNE',3,'2018-10-01 05:19:54','2018-10-01 05:19:54',NULL,13,'2018-10-01','inquired about innova On call.','Interested'),(604,'8830591158','Narewsh','','sawan','','pashan','PUNE',3,'2018-10-01 05:22:32','2018-10-01 05:22:32',NULL,7,'2018-09-01','inquired about X-cent on call.','Interested'),(605,'9096392012','ARJUN','','AWATADE','','AKURDI','PUNE',3,'2018-10-01 05:23:27','2018-10-01 05:23:27',NULL,1,'2018-10-01','inquired about zest IN office.','Interested'),(606,'7972645187','VISHNU','','PAWAR','','DAPODI','PUNE',3,'2018-10-01 05:25:24','2018-10-01 05:25:24',NULL,6,'2018-10-01','','Interested');
/*!40000 ALTER TABLE `enquiries` ENABLE KEYS */;
UNLOCK TABLES;

--
-- Table structure for table `file_processes`
--

DROP TABLE IF EXISTS `file_processes`;
/*!40101 SET @saved_cs_client     = @@character_set_client */;
/*!40101 SET character_set_client = utf8 */;
CREATE TABLE `file_processes` (
  `id` int(11) NOT NULL AUTO_INCREMENT,
  `vehicle_booking_id` int(11) DEFAULT NULL,
  `financer` varchar(255) COLLATE utf8_unicode_ci DEFAULT NULL,
  `contact_person` varchar(255) COLLATE utf8_unicode_ci DEFAULT NULL,
  `contact_no` varchar(255) COLLATE utf8_unicode_ci DEFAULT NULL,
  `status` varchar(255) COLLATE utf8_unicode_ci DEFAULT NULL,
  `created_at` datetime NOT NULL,
  `updated_at` datetime NOT NULL,
  PRIMARY KEY (`id`),
  KEY `index_file_processes_on_vehicle_booking_id` (`vehicle_booking_id`),
  CONSTRAINT `fk_rails_a6af8efba6` FOREIGN KEY (`vehicle_booking_id`) REFERENCES `vehicle_bookings` (`id`)
) ENGINE=InnoDB DEFAULT CHARSET=utf8 COLLATE=utf8_unicode_ci;
/*!40101 SET character_set_client = @saved_cs_client */;

--
-- Dumping data for table `file_processes`
--

LOCK TABLES `file_processes` WRITE;
/*!40000 ALTER TABLE `file_processes` DISABLE KEYS */;
/*!40000 ALTER TABLE `file_processes` ENABLE KEYS */;
UNLOCK TABLES;

--
-- Table structure for table `financer_masters`
--

DROP TABLE IF EXISTS `financer_masters`;
/*!40101 SET @saved_cs_client     = @@character_set_client */;
/*!40101 SET character_set_client = utf8 */;
CREATE TABLE `financer_masters` (
  `id` int(11) NOT NULL AUTO_INCREMENT,
  `code` varchar(255) COLLATE utf8_unicode_ci DEFAULT NULL,
  `name` varchar(255) COLLATE utf8_unicode_ci DEFAULT NULL,
  `description` text COLLATE utf8_unicode_ci,
  `pin_code` int(11) DEFAULT NULL,
  `place` varchar(255) COLLATE utf8_unicode_ci DEFAULT NULL,
  `address` text COLLATE utf8_unicode_ci,
  `contact_no` varchar(255) COLLATE utf8_unicode_ci DEFAULT NULL,
  `email` varchar(255) COLLATE utf8_unicode_ci DEFAULT NULL,
  `contact_person` varchar(255) COLLATE utf8_unicode_ci DEFAULT NULL,
  `status` tinyint(1) DEFAULT NULL,
  `created_at` datetime NOT NULL,
  `updated_at` datetime NOT NULL,
  `branch_id` int(11) DEFAULT NULL,
  PRIMARY KEY (`id`),
  KEY `index_financer_masters_on_branch_id` (`branch_id`),
  CONSTRAINT `fk_rails_83568c6e72` FOREIGN KEY (`branch_id`) REFERENCES `branches` (`id`)
) ENGINE=InnoDB AUTO_INCREMENT=15 DEFAULT CHARSET=utf8 COLLATE=utf8_unicode_ci;
/*!40101 SET character_set_client = @saved_cs_client */;

--
-- Dumping data for table `financer_masters`
--

LOCK TABLES `financer_masters` WRITE;
/*!40000 ALTER TABLE `financer_masters` DISABLE KEYS */;
INSERT INTO `financer_masters` VALUES (3,'F001','tata motor finance ltd','tata motor finance ltd',411035,'akudi','akudi pune','no','no','laxmikant',0,'2018-08-22 11:49:34','2018-08-22 11:51:33',NULL),(4,'F002','au finance ltd','au finance ltd',411035,'akudi','akudi pune','no','no','sandeep',0,'2018-08-22 11:51:33','2018-08-22 11:51:33',NULL),(5,'F003','bcc bank','bcc bank',411035,'akudi','akudi pune','no','no','kaushik',0,'2018-08-22 11:51:33','2018-08-22 11:51:33',NULL),(6,'F004','corporation bank','corporation bank',411035,'akudi','akudi pune','no','no','NA',0,'2018-08-22 11:51:33','2018-08-22 11:51:33',NULL),(7,'F005','bank of maharastra','bank of maharastra',411035,'akudi','akudi pune','no','no','NA',0,'2018-08-22 11:51:33','2018-08-22 11:51:33',NULL),(8,'F006','boi','boi',411035,'akudi','akudi pune','no','no','NA',0,'2018-08-22 11:51:33','2018-08-22 11:51:33',NULL),(9,'F007','cholamandlum finance','cholamandlum finance',411035,'akudi','akudi pune','no','no','NA',0,'2018-08-22 11:51:33','2018-08-22 11:51:33',NULL),(10,'F008','hdfc bank','hdfc bank',411035,'akudi','akudi pune','no','no','NA',0,'2018-08-22 11:51:33','2018-08-22 11:51:33',NULL),(11,'F009','axis bank','axis bank',411035,'akudi','akudi pune','no','no','NA',0,'2018-08-22 11:51:33','2018-08-22 11:51:33',NULL),(12,'F010','union bank ','union bank ',411035,'akudi','akudi pune','no','no','NA',0,'2018-08-22 11:51:33','2018-08-22 11:51:33',NULL),(13,'F011','sarswat bank','sarswat bank',411035,'akudi','akudi pune','no','no','NA',0,'2018-08-22 11:51:33','2018-08-22 11:51:33',NULL),(14,'F012','suvarnyug bank','suvarnyug bank',411035,'akudi','akudi pune','no','no','NA',0,'2018-08-22 11:51:33','2018-08-22 11:51:33',NULL);
/*!40000 ALTER TABLE `financer_masters` ENABLE KEYS */;
UNLOCK TABLES;

--
-- Table structure for table `schema_migrations`
--

DROP TABLE IF EXISTS `schema_migrations`;
/*!40101 SET @saved_cs_client     = @@character_set_client */;
/*!40101 SET character_set_client = utf8 */;
CREATE TABLE `schema_migrations` (
  `version` varchar(255) COLLATE utf8_unicode_ci NOT NULL,
  UNIQUE KEY `unique_schema_migrations` (`version`)
) ENGINE=InnoDB DEFAULT CHARSET=utf8 COLLATE=utf8_unicode_ci;
/*!40101 SET character_set_client = @saved_cs_client */;

--
-- Dumping data for table `schema_migrations`
--

LOCK TABLES `schema_migrations` WRITE;
/*!40000 ALTER TABLE `schema_migrations` DISABLE KEYS */;
INSERT INTO `schema_migrations` VALUES ('20180625050513'),('20180625110139'),('20180625110231'),('20180625114946'),('20180625121433'),('20180626072124'),('20180626102655'),('20180626113710'),('20180626114121'),('20180626114507'),('20180628100935'),('20180628101111'),('20180629101435'),('20180629102005'),('20180629112806'),('20180629114446'),('20180629120257'),('20180702071048'),('20180702071421'),('20180702071440'),('20180703054715'),('20180703105940'),('20180703105941'),('20180718071922'),('20180719053633'),('20180720074001'),('20180720093322'),('20180721072717'),('20180724071617'),('20180724100559'),('20180808124900'),('20180828071451'),('20180828093905'),('20180917095615'),('20180918075424'),('20180918120449'),('20180919062919'),('20180919065537'),('20180919065729'),('20180919071834'),('20180919080556'),('20180919121208');
/*!40000 ALTER TABLE `schema_migrations` ENABLE KEYS */;
UNLOCK TABLES;

--
-- Table structure for table `schemes`
--

DROP TABLE IF EXISTS `schemes`;
/*!40101 SET @saved_cs_client     = @@character_set_client */;
/*!40101 SET character_set_client = utf8 */;
CREATE TABLE `schemes` (
  `id` int(11) NOT NULL AUTO_INCREMENT,
  `name` varchar(255) COLLATE utf8_unicode_ci DEFAULT NULL,
  `budget` decimal(10,0) DEFAULT NULL,
  `down_payment` varchar(255) COLLATE utf8_unicode_ci DEFAULT NULL,
  `intrest` decimal(10,0) DEFAULT NULL,
  `from_date` date DEFAULT NULL,
  `to_date` date DEFAULT NULL,
  `status` tinyint(1) DEFAULT NULL,
  `created_at` datetime DEFAULT NULL,
  `updated_at` datetime DEFAULT NULL,
  `installment_amount` decimal(10,0) DEFAULT NULL,
  `scheme_type` varchar(255) COLLATE utf8_unicode_ci DEFAULT NULL,
  `installment` varchar(255) COLLATE utf8_unicode_ci DEFAULT NULL,
  `vehicle_type_id` int(11) DEFAULT NULL,
  `description` text COLLATE utf8_unicode_ci,
  `avatar_file_name` varchar(255) COLLATE utf8_unicode_ci DEFAULT NULL,
  `avatar_content_type` varchar(255) COLLATE utf8_unicode_ci DEFAULT NULL,
  `avatar_file_size` int(11) DEFAULT NULL,
  `avatar_updated_at` datetime DEFAULT NULL,
  `image_file_name` varchar(255) COLLATE utf8_unicode_ci DEFAULT NULL,
  `image_content_type` varchar(255) COLLATE utf8_unicode_ci DEFAULT NULL,
  `image_file_size` int(11) DEFAULT NULL,
  `image_updated_at` datetime DEFAULT NULL,
  `image1_file_name` varchar(255) COLLATE utf8_unicode_ci DEFAULT NULL,
  `image1_content_type` varchar(255) COLLATE utf8_unicode_ci DEFAULT NULL,
  `image1_file_size` int(11) DEFAULT NULL,
  `image1_updated_at` datetime DEFAULT NULL,
  `interest` varchar(255) COLLATE utf8_unicode_ci DEFAULT NULL,
  `total_amount` varchar(255) COLLATE utf8_unicode_ci DEFAULT NULL,
  `emi_amount` varchar(255) COLLATE utf8_unicode_ci DEFAULT NULL,
  `image2_file_name` varchar(255) COLLATE utf8_unicode_ci DEFAULT NULL,
  `image2_content_type` varchar(255) COLLATE utf8_unicode_ci DEFAULT NULL,
  `image2_file_size` bigint(20) DEFAULT NULL,
  `image2_updated_at` datetime DEFAULT NULL,
  `image3_file_name` varchar(255) COLLATE utf8_unicode_ci DEFAULT NULL,
  `image3_content_type` varchar(255) COLLATE utf8_unicode_ci DEFAULT NULL,
  `image3_file_size` bigint(20) DEFAULT NULL,
  `image3_updated_at` datetime DEFAULT NULL,
  `image4_file_name` varchar(255) COLLATE utf8_unicode_ci DEFAULT NULL,
  `image4_content_type` varchar(255) COLLATE utf8_unicode_ci DEFAULT NULL,
  `image4_file_size` bigint(20) DEFAULT NULL,
  `image4_updated_at` datetime DEFAULT NULL,
  `image5_file_name` varchar(255) COLLATE utf8_unicode_ci DEFAULT NULL,
  `image5_content_type` varchar(255) COLLATE utf8_unicode_ci DEFAULT NULL,
  `image5_file_size` bigint(20) DEFAULT NULL,
  `image5_updated_at` datetime DEFAULT NULL,
  PRIMARY KEY (`id`),
  KEY `fk_rails_8115123ef3` (`vehicle_type_id`),
  CONSTRAINT `fk_rails_8115123ef3` FOREIGN KEY (`vehicle_type_id`) REFERENCES `vehicle_types` (`id`)
) ENGINE=InnoDB AUTO_INCREMENT=14 DEFAULT CHARSET=utf8 COLLATE=utf8_unicode_ci;
/*!40101 SET character_set_client = @saved_cs_client */;

--
-- Dumping data for table `schemes`
--

LOCK TABLES `schemes` WRITE;
/*!40000 ALTER TABLE `schemes` DISABLE KEYS */;
INSERT INTO `schemes` VALUES (1,'TATA ZEST XE D',728000,'67000',15,'2018-08-01','2018-09-30',1,'2018-08-09 05:44:57','2018-09-19 08:02:48',19279,'scheme 1','60',1,'','07.jpg','image/jpeg',65307,'2018-09-19 08:02:47',NULL,NULL,NULL,NULL,'12_(1).jpg','image/jpeg',71365,'2018-09-19 08:02:48','495750','1156750','661000','12.jpg','image/jpeg',77177,'2018-09-19 08:02:47','2014-Tata-Zest-Interior-Dashboard-720x540.jpg','image/jpeg',53413,'2018-09-19 08:02:47','-15102_4191.jpg','image/jpeg',74377,'2018-09-19 08:02:47','19510_03.jpg','image/jpeg',576625,'2018-09-19 08:02:47'),(2,'TATA ZEST XE P',728000,'67000',15,'2018-08-01','2018-09-30',1,'2018-08-22 12:01:41','2018-08-22 12:21:17',19279,NULL,'60',2,'',NULL,NULL,NULL,NULL,NULL,NULL,NULL,NULL,NULL,NULL,NULL,NULL,'495750','1156750','661000',NULL,NULL,NULL,NULL,NULL,NULL,NULL,NULL,NULL,NULL,NULL,NULL,NULL,NULL,NULL,NULL),(3,'TATA ZEST XM D',798000,'80000',15,'2018-08-01','2018-09-30',1,'2018-08-22 12:02:38','2018-08-22 12:21:27',20941,NULL,'60',3,'',NULL,NULL,NULL,NULL,NULL,NULL,NULL,NULL,NULL,NULL,NULL,NULL,'538500','1256500','718000',NULL,NULL,NULL,NULL,NULL,NULL,NULL,NULL,NULL,NULL,NULL,NULL,NULL,NULL,NULL,NULL),(4,'TATA HEXA',1375000,'187000',11,'2018-08-23','2018-08-25',1,'2018-08-22 12:03:43','2018-08-23 07:41:32',30690,NULL,'60',4,'',NULL,NULL,NULL,NULL,NULL,NULL,NULL,NULL,NULL,NULL,NULL,NULL,'653400','1841400','1188000',NULL,NULL,NULL,NULL,NULL,NULL,NULL,NULL,NULL,NULL,NULL,NULL,NULL,NULL,NULL,NULL),(5,'TATA BOLT XM',720000,'67000',15,'2018-08-01','2018-09-30',1,'2018-08-22 12:22:41','2018-08-22 12:22:41',19045,NULL,'60',5,'',NULL,NULL,NULL,NULL,NULL,NULL,NULL,NULL,NULL,NULL,NULL,NULL,'489750','1142750','653000',NULL,NULL,NULL,NULL,NULL,NULL,NULL,NULL,NULL,NULL,NULL,NULL,NULL,NULL,NULL,NULL),(6,'HUNDAI XCENT D',706000,'72000',15,'2018-08-01','2018-09-30',1,'2018-08-22 12:23:39','2018-08-22 12:23:39',21133,NULL,'48',6,'',NULL,NULL,NULL,NULL,NULL,NULL,NULL,NULL,NULL,NULL,NULL,NULL,'380400','1014400','634000',NULL,NULL,NULL,NULL,NULL,NULL,NULL,NULL,NULL,NULL,NULL,NULL,NULL,NULL,NULL,NULL),(7,'HUNDAI XCENT P+CNG',712000,'72000',15,'2018-08-01','2018-09-30',1,'2018-08-22 12:24:26','2018-08-22 12:24:26',21333,NULL,'48',7,'',NULL,NULL,NULL,NULL,NULL,NULL,NULL,NULL,NULL,NULL,NULL,NULL,'384000','1024000','640000',NULL,NULL,NULL,NULL,NULL,NULL,NULL,NULL,NULL,NULL,NULL,NULL,NULL,NULL,NULL,NULL),(8,'MARUTI SWIFT DZIRE D',690000,'110000',15,'2018-08-01','2018-09-30',1,'2018-08-22 12:25:20','2018-08-22 12:25:20',19333,NULL,'48',8,'',NULL,NULL,NULL,NULL,NULL,NULL,NULL,NULL,NULL,NULL,NULL,NULL,'348000','928000','580000',NULL,NULL,NULL,NULL,NULL,NULL,NULL,NULL,NULL,NULL,NULL,NULL,NULL,NULL,NULL,NULL),(9,'MARUTI SWIFT DZIRE P+CNG',710000,'95000',15,'2018-08-01','2018-09-30',1,'2018-08-22 12:26:02','2018-08-31 07:58:56',20500,NULL,'48',9,'',NULL,NULL,NULL,NULL,NULL,NULL,NULL,NULL,NULL,NULL,NULL,NULL,'369000','984000','615000',NULL,NULL,NULL,NULL,NULL,NULL,NULL,NULL,NULL,NULL,NULL,NULL,NULL,NULL,NULL,NULL),(10,'MARUTI ERTIGA P+CNG',950000,'150000',15,'2018-08-01','2018-09-30',1,'2018-08-22 12:26:47','2018-08-22 12:26:47',26666,NULL,'48',10,'',NULL,NULL,NULL,NULL,NULL,NULL,NULL,NULL,NULL,NULL,NULL,NULL,'480000','1280000','800000',NULL,NULL,NULL,NULL,NULL,NULL,NULL,NULL,NULL,NULL,NULL,NULL,NULL,NULL,NULL,NULL),(11,'MARUTI ERTIGA D',1050000,'150000',15,'2018-08-01','2018-09-30',1,'2018-08-22 12:27:34','2018-08-22 12:27:34',30000,NULL,'48',11,'',NULL,NULL,NULL,NULL,NULL,NULL,NULL,NULL,NULL,NULL,NULL,NULL,'540000','1440000','900000',NULL,NULL,NULL,NULL,NULL,NULL,NULL,NULL,NULL,NULL,NULL,NULL,NULL,NULL,NULL,NULL),(12,'MARUTI WAGON-R CNG',550000,'85000',15,'2018-08-01','2018-09-30',0,'2018-08-22 12:28:18','2018-08-22 12:28:18',15500,NULL,'48',12,'',NULL,NULL,NULL,NULL,NULL,NULL,NULL,NULL,NULL,NULL,NULL,NULL,'279000','744000','465000',NULL,NULL,NULL,NULL,NULL,NULL,NULL,NULL,NULL,NULL,NULL,NULL,NULL,NULL,NULL,NULL),(13,'NA',1,'1',1,'2018-08-01','2022-08-31',1,'2018-09-17 14:10:32','2018-09-17 14:10:32',0,NULL,'1',1,'',NULL,NULL,NULL,NULL,NULL,NULL,NULL,NULL,NULL,NULL,NULL,NULL,'0','0','0',NULL,NULL,NULL,NULL,NULL,NULL,NULL,NULL,NULL,NULL,NULL,NULL,NULL,NULL,NULL,NULL);
/*!40000 ALTER TABLE `schemes` ENABLE KEYS */;
UNLOCK TABLES;

--
-- Table structure for table `showroom_masters`
--

DROP TABLE IF EXISTS `showroom_masters`;
/*!40101 SET @saved_cs_client     = @@character_set_client */;
/*!40101 SET character_set_client = utf8 */;
CREATE TABLE `showroom_masters` (
  `id` int(11) NOT NULL AUTO_INCREMENT,
  `code` varchar(255) COLLATE utf8_unicode_ci DEFAULT NULL,
  `name` varchar(255) COLLATE utf8_unicode_ci DEFAULT NULL,
  `description` text COLLATE utf8_unicode_ci,
  `pin_code` int(11) DEFAULT NULL,
  `place` varchar(255) COLLATE utf8_unicode_ci DEFAULT NULL,
  `address` text COLLATE utf8_unicode_ci,
  `contact_no` varchar(255) COLLATE utf8_unicode_ci DEFAULT NULL,
  `email` varchar(255) COLLATE utf8_unicode_ci DEFAULT NULL,
  `contact_person` varchar(255) COLLATE utf8_unicode_ci DEFAULT NULL,
  `status` tinyint(1) DEFAULT NULL,
  `created_at` datetime NOT NULL,
  `updated_at` datetime NOT NULL,
  `branch_id` int(11) DEFAULT NULL,
  PRIMARY KEY (`id`),
  KEY `index_showroom_masters_on_branch_id` (`branch_id`),
  CONSTRAINT `fk_rails_8ec42039cd` FOREIGN KEY (`branch_id`) REFERENCES `branches` (`id`)
) ENGINE=InnoDB AUTO_INCREMENT=18 DEFAULT CHARSET=utf8 COLLATE=utf8_unicode_ci;
/*!40101 SET character_set_client = @saved_cs_client */;

--
-- Dumping data for table `showroom_masters`
--

LOCK TABLES `showroom_masters` WRITE;
/*!40000 ALTER TABLE `showroom_masters` DISABLE KEYS */;
INSERT INTO `showroom_masters` VALUES (3,'S001','CONCORD MOTORS','TATA DEALER',123456,'PUNE','PUNE','9876543210.0','A@gmail.com','vishal',1,'2018-08-22 11:53:26','2018-08-22 11:53:26',NULL),(4,'S002','PANCHJANYA MOTORS',NULL,123457,'PUNE','PUNE','9876543211.0','A@gmail.com','vishal',1,'2018-08-22 11:53:27','2018-08-22 11:53:27',NULL),(5,'S003','RUDRA MOTOR',NULL,123458,'PUNE','PUNE','9876543212.0','A@gmail.com','vishal',1,'2018-08-22 11:53:27','2018-08-22 11:53:27',NULL),(6,'S004','UNITY MOTOR',NULL,123459,'KOLHAPUR','KOLHAPUR','9876543213.0','A@gmail.com','vishal',1,'2018-08-22 11:53:27','2018-08-22 11:53:27',NULL),(7,'S005','NATIONAL MOTOR',NULL,123460,'PUNE','PUNE','9876543214.0','A@gmail.com','vishal',1,'2018-08-22 11:53:27','2018-08-22 11:53:27',NULL),(8,'S006','MY CAR','MARUTI DEALER',123461,'PUNE','PUNE','9876543215.0','A@gmail.com','vishal',1,'2018-08-22 11:53:27','2018-08-22 11:53:27',NULL),(9,'S007','KOTHARI MOTOR',NULL,123462,'PUNE','PUNE','9876543216.0','A@gmail.com','vishal',1,'2018-08-22 11:53:27','2018-08-22 11:53:27',NULL),(10,'S008','CHOUGULE MOTORS',NULL,123463,'PUNE','PUNE','9876543217.0','A@gmail.com','vishal',1,'2018-08-22 11:53:27','2018-08-22 11:53:27',NULL),(11,'S009','S.KUDLE',NULL,123464,'PUNE','PUNE','9876543218.0','A@gmail.com','vishal',1,'2018-08-22 11:53:27','2018-08-22 11:53:27',NULL),(12,'S010','SAI SERVICE',NULL,123465,'PUNE','PUNE','9876543219.0','A@gmail.com','vishal',1,'2018-08-22 11:53:27','2018-08-22 11:53:27',NULL),(13,'S011','KUNDAN HUNDAI','HUNDAI DEALER',123466,'PUNE','PUNE','9876543220.0','A@gmail.com','vishal',1,'2018-08-22 11:53:27','2018-08-22 11:53:27',NULL),(14,'S012','SANJAY HUNDAI',NULL,123467,'PUNE','PUNE','9876543221.0','A@gmail.com','vishal',1,'2018-08-22 11:53:27','2018-08-22 11:53:27',NULL),(15,'S013','ISHANANYA HUNDAUI',NULL,123468,'PUNE','PUNE','9876543222.0','A@gmail.com','vishal',1,'2018-08-22 11:53:27','2018-08-22 11:53:27',NULL),(16,'S014','NEEL HUNDAI',NULL,123469,'PUNE','PUNE','9876543223.0','A@gmail.com','vishal',1,'2018-08-22 11:53:27','2018-08-22 11:53:27',NULL),(17,'S015','KOTHARI HUNDAI',NULL,123470,'PUNE','PUNE','9876543224.0','A@gmail.com','vishal',1,'2018-08-22 11:53:27','2018-08-22 11:53:27',NULL);
/*!40000 ALTER TABLE `showroom_masters` ENABLE KEYS */;
UNLOCK TABLES;

--
-- Table structure for table `users`
--

DROP TABLE IF EXISTS `users`;
/*!40101 SET @saved_cs_client     = @@character_set_client */;
/*!40101 SET character_set_client = utf8 */;
CREATE TABLE `users` (
  `id` int(11) NOT NULL AUTO_INCREMENT,
  `email` varchar(255) COLLATE utf8_unicode_ci NOT NULL DEFAULT '',
  `encrypted_password` varchar(255) COLLATE utf8_unicode_ci NOT NULL DEFAULT '',
  `reset_password_token` varchar(255) COLLATE utf8_unicode_ci DEFAULT NULL,
  `reset_password_sent_at` datetime DEFAULT NULL,
  `remember_created_at` datetime DEFAULT NULL,
  `sign_in_count` int(11) NOT NULL DEFAULT '0',
  `current_sign_in_at` datetime DEFAULT NULL,
  `last_sign_in_at` datetime DEFAULT NULL,
  `current_sign_in_ip` varchar(255) COLLATE utf8_unicode_ci DEFAULT NULL,
  `last_sign_in_ip` varchar(255) COLLATE utf8_unicode_ci DEFAULT NULL,
  `created_at` datetime NOT NULL,
  `updated_at` datetime NOT NULL,
  `role` varchar(255) COLLATE utf8_unicode_ci DEFAULT NULL,
  `employee_id` int(11) DEFAULT NULL,
  `avatar_file_name` varchar(255) COLLATE utf8_unicode_ci DEFAULT NULL,
  `avatar_content_type` varchar(255) COLLATE utf8_unicode_ci DEFAULT NULL,
  `avatar_file_size` int(11) DEFAULT NULL,
  `avatar_updated_at` datetime DEFAULT NULL,
  PRIMARY KEY (`id`),
  UNIQUE KEY `index_users_on_email` (`email`),
  UNIQUE KEY `index_users_on_reset_password_token` (`reset_password_token`),
  KEY `index_users_on_employee_id` (`employee_id`),
  CONSTRAINT `fk_rails_bb0d626f7d` FOREIGN KEY (`employee_id`) REFERENCES `employees` (`id`)
) ENGINE=InnoDB AUTO_INCREMENT=11 DEFAULT CHARSET=utf8 COLLATE=utf8_unicode_ci;
/*!40101 SET character_set_client = @saved_cs_client */;

--
-- Dumping data for table `users`
--

LOCK TABLES `users` WRITE;
/*!40000 ALTER TABLE `users` DISABLE KEYS */;
INSERT INTO `users` VALUES (1,'admin@gmail.com','$2a$11$m3dWhIcn3yOwO8E2Ducf0en97FtAMWewB2VEITe.J0eNugtsPY80.',NULL,NULL,NULL,80,'2018-10-01 05:50:34','2018-10-01 04:44:10','114.143.205.226','114.143.205.226','2018-07-20 05:58:19','2018-10-01 05:50:34','Admin',1,NULL,NULL,NULL,NULL),(2,'telecaller@gmail.com','$2a$11$asu67VeLC7YMr5hB8WvDLOp.3X8XxvHhYW/KCZRkQeRQIUe3nV6fG',NULL,NULL,NULL,7,'2018-10-01 04:43:52','2018-08-23 05:15:40','114.143.205.226','114.143.205.226','2018-07-20 11:45:17','2018-10-01 04:43:52','Branch',2,NULL,NULL,NULL,NULL),(3,'surekhakumari2018@gmail.com','$2a$11$Yz5Em9iIqM9fl4G91bitbuIL6YlbOuZaGqpxySh0f2awboT92jqlW',NULL,NULL,NULL,82,'2018-10-01 05:48:03','2018-10-01 04:47:05','114.143.205.226','182.77.92.96','2018-08-22 09:49:26','2018-10-01 05:48:03','Branch',4,NULL,NULL,NULL,NULL),(4,'ktejaswita28@gmail.com','$2a$11$OFAyOWbZqAeoyy6NQXb5DeabdFJfuJSPowhJQzZxXgOgxpDi/xJDG',NULL,NULL,NULL,66,'2018-10-01 05:46:16','2018-09-28 06:20:16','114.143.205.226','182.70.81.179','2018-08-30 06:01:18','2018-10-01 05:46:16','Branch',3,NULL,NULL,NULL,NULL),(9,'abcd@gmail.com','$2a$11$1Sgr9UhHioLxbHxC4.NauOio0itKPkZ4OL060bx./nFyYuOVgI3wm',NULL,NULL,NULL,0,NULL,NULL,NULL,NULL,'2018-08-30 07:39:12','2018-08-30 07:39:12','Branch',NULL,NULL,NULL,NULL,NULL),(10,'pangerkarkalpesh888@gmail.com','$2a$11$LRg1X863MXMVlFIoeuRbsO9DUGOR1cLgvp9XwpHthXeSNPkjJWYiy',NULL,NULL,NULL,41,'2018-10-01 05:11:14','2018-09-28 04:42:01','182.77.92.96','182.70.81.179','2018-09-07 09:52:06','2018-10-01 05:11:14','Branch',9,NULL,NULL,NULL,NULL);
/*!40000 ALTER TABLE `users` ENABLE KEYS */;
UNLOCK TABLES;

--
-- Table structure for table `vehicle_bookings`
--

DROP TABLE IF EXISTS `vehicle_bookings`;
/*!40101 SET @saved_cs_client     = @@character_set_client */;
/*!40101 SET character_set_client = utf8 */;
CREATE TABLE `vehicle_bookings` (
  `id` int(11) NOT NULL AUTO_INCREMENT,
  `pan` varchar(255) COLLATE utf8_unicode_ci DEFAULT NULL,
  `adhar` varchar(255) COLLATE utf8_unicode_ci DEFAULT NULL,
  `licence` varchar(255) COLLATE utf8_unicode_ci DEFAULT NULL,
  `light_bill` varchar(255) COLLATE utf8_unicode_ci DEFAULT NULL,
  `rent_agr` varchar(255) COLLATE utf8_unicode_ci DEFAULT NULL,
  `bs` varchar(255) COLLATE utf8_unicode_ci DEFAULT NULL,
  `itr` varchar(255) COLLATE utf8_unicode_ci DEFAULT NULL,
  `native_light_bill` varchar(255) COLLATE utf8_unicode_ci DEFAULT NULL,
  `pan_guarantor` varchar(255) COLLATE utf8_unicode_ci DEFAULT NULL,
  `adhar_guarantor` varchar(255) COLLATE utf8_unicode_ci DEFAULT NULL,
  `light_bill_guarantor` varchar(255) COLLATE utf8_unicode_ci DEFAULT NULL,
  `rent_agr_guarantor` varchar(255) COLLATE utf8_unicode_ci DEFAULT NULL,
  `bs_guarantor` varchar(255) COLLATE utf8_unicode_ci DEFAULT NULL,
  `itr_guarantor` varchar(255) COLLATE utf8_unicode_ci DEFAULT NULL,
  `pan_guarantor1` varchar(255) COLLATE utf8_unicode_ci DEFAULT NULL,
  `adhar_guarantor1` varchar(255) COLLATE utf8_unicode_ci DEFAULT NULL,
  `light_bill_guarantor1` varchar(255) COLLATE utf8_unicode_ci DEFAULT NULL,
  `rent_agr_guarantor1` varchar(255) COLLATE utf8_unicode_ci DEFAULT NULL,
  `bs_guarantor1` varchar(255) COLLATE utf8_unicode_ci DEFAULT NULL,
  `itr_guarantor1` varchar(255) COLLATE utf8_unicode_ci DEFAULT NULL,
  `status` tinyint(1) DEFAULT NULL,
  `created_at` datetime NOT NULL,
  `updated_at` datetime NOT NULL,
  `enquiry_id` int(11) DEFAULT NULL,
  `vehicle_type_id` int(11) DEFAULT NULL,
  `user_id` int(11) DEFAULT NULL,
  `date` date DEFAULT NULL,
  `executive_id` int(11) DEFAULT NULL,
  `guarantor_unit` varchar(255) COLLATE utf8_unicode_ci DEFAULT NULL,
  `guarantor1_unit` varchar(255) COLLATE utf8_unicode_ci DEFAULT NULL,
  `agent_id` int(11) DEFAULT NULL,
  PRIMARY KEY (`id`),
  KEY `index_vehicle_bookings_on_enquiry_id` (`enquiry_id`),
  KEY `index_vehicle_bookings_on_vehicle_type_id` (`vehicle_type_id`),
  KEY `index_vehicle_bookings_on_user_id` (`user_id`),
  KEY `index_vehicle_bookings_on_agent_id` (`agent_id`),
  CONSTRAINT `fk_rails_89436ff3a8` FOREIGN KEY (`agent_id`) REFERENCES `agents` (`id`),
  CONSTRAINT `fk_rails_944ac80237` FOREIGN KEY (`user_id`) REFERENCES `users` (`id`),
  CONSTRAINT `fk_rails_ce369b12d4` FOREIGN KEY (`vehicle_type_id`) REFERENCES `vehicle_types` (`id`),
  CONSTRAINT `fk_rails_f4c959f040` FOREIGN KEY (`enquiry_id`) REFERENCES `enquiries` (`id`)
) ENGINE=InnoDB AUTO_INCREMENT=16 DEFAULT CHARSET=utf8 COLLATE=utf8_unicode_ci;
/*!40101 SET character_set_client = @saved_cs_client */;

--
-- Dumping data for table `vehicle_bookings`
--

LOCK TABLES `vehicle_bookings` WRITE;
/*!40000 ALTER TABLE `vehicle_bookings` DISABLE KEYS */;
INSERT INTO `vehicle_bookings` VALUES (10,'CCMPB3147B','436958663143','MH23 20180006640','','','','','','','','','','','','','','','','','',1,'2018-09-01 09:53:16','2018-09-01 09:53:16',38,NULL,NULL,NULL,NULL,NULL,NULL,NULL),(11,'BFYPG8981C','996498864463','','','YES','YES','NA','NO','NA','NA','NA','NA','NA ','NA','NA ','NA ','NA ','NA','NA ','NA',1,'2018-09-03 12:21:14','2018-09-03 12:21:14',78,NULL,NULL,NULL,NULL,NULL,NULL,NULL),(12,'ALJPA1928K','392914816477','MH1220040575704','NO','YES','YES','YES','NO','NA','NA','NA','NA','NA','NA','NA','NA','NA','NA','NA','NA',1,'2018-09-03 12:23:56','2018-09-03 12:23:56',24,NULL,NULL,NULL,NULL,NULL,NULL,NULL),(13,'BACPL6970L','12345647890','MH1420130033666','','','','','','','','','','','','','','','','','',1,'2018-09-18 11:36:09','2018-09-18 11:36:09',18,NULL,NULL,NULL,NULL,NULL,NULL,NULL),(14,'AAAA10888Djhjjh','11111111111111','MH142013003366612','','','','','','','','','','','','','','','','','',1,'2018-09-18 12:03:17','2018-09-18 12:03:17',20,NULL,NULL,NULL,NULL,NULL,NULL,NULL),(15,'AAAA10888D','65987431','MH1420130033666','12358998798','','','','','','','','','','','','','','','','',1,'2018-09-19 05:43:10','2018-09-19 05:43:10',390,NULL,9,NULL,9,NULL,NULL,NULL);
/*!40000 ALTER TABLE `vehicle_bookings` ENABLE KEYS */;
UNLOCK TABLES;

--
-- Table structure for table `vehicle_types`
--

DROP TABLE IF EXISTS `vehicle_types`;
/*!40101 SET @saved_cs_client     = @@character_set_client */;
/*!40101 SET character_set_client = utf8 */;
CREATE TABLE `vehicle_types` (
  `id` int(11) NOT NULL AUTO_INCREMENT,
  `code` varchar(255) COLLATE utf8_unicode_ci DEFAULT NULL,
  `name` varchar(255) COLLATE utf8_unicode_ci DEFAULT NULL,
  `description` text COLLATE utf8_unicode_ci,
  `status` tinyint(1) DEFAULT NULL,
  `created_at` datetime DEFAULT NULL,
  `updated_at` datetime DEFAULT NULL,
  PRIMARY KEY (`id`)
) ENGINE=InnoDB AUTO_INCREMENT=14 DEFAULT CHARSET=utf8 COLLATE=utf8_unicode_ci;
/*!40101 SET character_set_client = @saved_cs_client */;

--
-- Dumping data for table `vehicle_types`
--

LOCK TABLES `vehicle_types` WRITE;
/*!40000 ALTER TABLE `vehicle_types` DISABLE KEYS */;
INSERT INTO `vehicle_types` VALUES (1,'V_101','SEDAN - TATA ZEST XE D','SEDAN - TATA ZEST XE D',1,'2018-08-09 06:42:13','2018-08-22 12:06:19'),(2,'V_102','SEDAN - TATA ZEST XE P','SEDAN - TATA ZEST XE P',1,'2018-08-09 09:34:45','2018-08-22 12:06:36'),(3,'V_103','SEDAN - TATA ZEST XM D','SEDAN - TATA ZEST XM D',1,'2018-08-22 09:51:21','2018-08-22 12:06:53'),(4,'V_104','SUV - TATA HEXA','SUV - TATA HEXA',1,'2018-08-22 09:52:27','2018-08-22 12:07:08'),(5,'V_105','HATCHBACK  - TATA BOLT XM','HATCHBACK  - TATA BOLT XM',1,'2018-08-22 09:52:53','2018-08-22 12:07:25'),(6,'V_106','SEDAN - HUNDAI XCENT D','SEDAN - HUNDAI XCENT D',1,'2018-08-22 09:53:41','2018-08-22 12:07:40'),(7,'V_107','SEDAN - HYUNDAI XCENT P+CNG','SEDAN - HYUNDAI XCENT P+CNG',1,'2018-08-22 09:54:16','2018-08-23 05:34:34'),(8,'V_108','SEDAN - MARUTI SWIFT DZIRE D','SEDAN - MARUTI SWIFT DZIRE D',1,'2018-08-22 09:54:46','2018-08-22 12:08:12'),(9,'V_109','SEDAN - MARUTI SWIFT DZIRE P+CNG','SEDAN - MARUTI SWIFT DZIRE P+CNG',1,'2018-08-22 09:55:16','2018-08-22 12:08:34'),(10,'V_110','SUV - MARUTI ERTIGA P+CNG','SUV - MARUTI ERTIGA P+CNG',1,'2018-08-22 09:55:45','2018-08-22 12:08:50'),(11,'V_111','SUV - MARUTI ERTIGA D','SUV - MARUTI ERTIGA D',1,'2018-08-22 09:56:27','2018-08-22 12:09:14'),(12,'V_112','HATCHBACK  - MARUTI WAGON-R CNG','HATCHBACK  - MARUTI WAGON-R CNG',1,'2018-08-22 09:56:52','2018-08-22 12:09:34'),(13,'V_113','SUV','',1,'2018-08-22 11:55:49','2018-08-22 12:05:10');
/*!40000 ALTER TABLE `vehicle_types` ENABLE KEYS */;
UNLOCK TABLES;
/*!40103 SET TIME_ZONE=@OLD_TIME_ZONE */;

/*!40101 SET SQL_MODE=@OLD_SQL_MODE */;
/*!40014 SET FOREIGN_KEY_CHECKS=@OLD_FOREIGN_KEY_CHECKS */;
/*!40014 SET UNIQUE_CHECKS=@OLD_UNIQUE_CHECKS */;
/*!40101 SET CHARACTER_SET_CLIENT=@OLD_CHARACTER_SET_CLIENT */;
/*!40101 SET CHARACTER_SET_RESULTS=@OLD_CHARACTER_SET_RESULTS */;
/*!40101 SET COLLATION_CONNECTION=@OLD_COLLATION_CONNECTION */;
/*!40111 SET SQL_NOTES=@OLD_SQL_NOTES */;

-- Dump completed on 2018-10-01  5:55:33
