-- MySQL dump 10.13  Distrib 5.7.24, for Linux (x86_64)
--
-- Host: localhost    Database: travel_development
-- ------------------------------------------------------
-- Server version	5.7.24-0ubuntu0.16.04.1

/*!40101 SET @OLD_CHARACTER_SET_CLIENT=@@CHARACTER_SET_CLIENT */;
/*!40101 SET @OLD_CHARACTER_SET_RESULTS=@@CHARACTER_SET_RESULTS */;
/*!40101 SET @OLD_COLLATION_CONNECTION=@@COLLATION_CONNECTION */;
/*!40101 SET NAMES utf8 */;
/*!40103 SET @OLD_TIME_ZONE=@@TIME_ZONE */;
/*!40103 SET TIME_ZONE='+00:00' */;
/*!40014 SET @OLD_UNIQUE_CHECKS=@@UNIQUE_CHECKS, UNIQUE_CHECKS=0 */;
/*!40014 SET @OLD_FOREIGN_KEY_CHECKS=@@FOREIGN_KEY_CHECKS, FOREIGN_KEY_CHECKS=0 */;
/*!40101 SET @OLD_SQL_MODE=@@SQL_MODE, SQL_MODE='NO_AUTO_VALUE_ON_ZERO' */;
/*!40111 SET @OLD_SQL_NOTES=@@SQL_NOTES, SQL_NOTES=0 */;

--
-- Table structure for table `agents`
--

DROP TABLE IF EXISTS `agents`;
/*!40101 SET @saved_cs_client     = @@character_set_client */;
/*!40101 SET character_set_client = utf8 */;
CREATE TABLE `agents` (
  `id` int(11) NOT NULL AUTO_INCREMENT,
  `first_name` varchar(255) COLLATE utf8_unicode_ci DEFAULT NULL,
  `middel_name` varchar(255) COLLATE utf8_unicode_ci DEFAULT NULL,
  `last_name` varchar(255) COLLATE utf8_unicode_ci DEFAULT NULL,
  `mobile_number` varchar(255) COLLATE utf8_unicode_ci DEFAULT NULL,
  `status` tinyint(1) DEFAULT NULL,
  `created_at` datetime NOT NULL,
  `updated_at` datetime NOT NULL,
  PRIMARY KEY (`id`)
) ENGINE=InnoDB AUTO_INCREMENT=8 DEFAULT CHARSET=utf8 COLLATE=utf8_unicode_ci;
/*!40101 SET character_set_client = @saved_cs_client */;

--
-- Dumping data for table `agents`
--

LOCK TABLES `agents` WRITE;
/*!40000 ALTER TABLE `agents` DISABLE KEYS */;
INSERT INTO `agents` VALUES (2,'PRAVIN','','SURYAVANSHI','9965321470',1,'2018-09-19 11:37:43','2018-09-19 11:37:43'),(3,'Rajesh','','giri','8888280680',1,'2018-09-25 07:41:09','2018-09-25 07:47:05'),(4,'VIJAY','','GADE','9145428292',1,'2018-09-25 07:42:40','2018-09-25 07:48:49'),(5,'FIROZ','','SHAIKH','8380892680',1,'2018-09-25 07:43:47','2018-09-25 07:48:57'),(6,'VIJAY','','ALTE','9158970184',1,'2018-09-25 07:46:35','2018-09-25 07:46:35'),(7,'VIJAY','','GANDRE','8605891500',1,'2018-09-25 08:58:22','2018-09-25 08:58:22');
/*!40000 ALTER TABLE `agents` ENABLE KEYS */;
UNLOCK TABLES;

--
-- Table structure for table `booking_communications`
--

DROP TABLE IF EXISTS `booking_communications`;
/*!40101 SET @saved_cs_client     = @@character_set_client */;
/*!40101 SET character_set_client = utf8 */;
CREATE TABLE `booking_communications` (
  `id` int(11) NOT NULL AUTO_INCREMENT,
  `vehicle_booking_id` int(11) DEFAULT NULL,
  `variant` varchar(255) COLLATE utf8_unicode_ci DEFAULT NULL,
  `vc_number` varchar(255) COLLATE utf8_unicode_ci DEFAULT NULL,
  `quality` varchar(255) COLLATE utf8_unicode_ci DEFAULT NULL,
  `company_name` varchar(255) COLLATE utf8_unicode_ci DEFAULT NULL,
  `designation` varchar(255) COLLATE utf8_unicode_ci DEFAULT NULL,
  `customer_po_no` varchar(255) COLLATE utf8_unicode_ci DEFAULT NULL,
  `insurance` varchar(255) COLLATE utf8_unicode_ci DEFAULT NULL,
  `registration` varchar(255) COLLATE utf8_unicode_ci DEFAULT NULL,
  `delivery_location` varchar(255) COLLATE utf8_unicode_ci DEFAULT NULL,
  `expected_delivery` date DEFAULT NULL,
  `sales_person` varchar(255) COLLATE utf8_unicode_ci DEFAULT NULL,
  `ex_showroom_price` varchar(255) COLLATE utf8_unicode_ci DEFAULT NULL,
  `insurance_amount` varchar(255) COLLATE utf8_unicode_ci DEFAULT NULL,
  `registration_amount` varchar(255) COLLATE utf8_unicode_ci DEFAULT NULL,
  `accessories_vat_amount` varchar(255) COLLATE utf8_unicode_ci DEFAULT NULL,
  `txtenaea_warranty_amount` varchar(255) COLLATE utf8_unicode_ci DEFAULT NULL,
  `amc_amount` varchar(255) COLLATE utf8_unicode_ci DEFAULT NULL,
  `exchange_amount` varchar(255) COLLATE utf8_unicode_ci DEFAULT NULL,
  `exchange_discount` varchar(255) COLLATE utf8_unicode_ci DEFAULT NULL,
  `logistics_charges` varchar(255) COLLATE utf8_unicode_ci DEFAULT NULL,
  `corporate_offer` varchar(255) COLLATE utf8_unicode_ci DEFAULT NULL,
  `taxes_levies` varchar(255) COLLATE utf8_unicode_ci DEFAULT NULL,
  `tatoal_recevivable_amount` varchar(255) COLLATE utf8_unicode_ci DEFAULT NULL,
  `finance_by` varchar(255) COLLATE utf8_unicode_ci DEFAULT NULL,
  `finance_amount` varchar(255) COLLATE utf8_unicode_ci DEFAULT NULL,
  `down_payment` varchar(255) COLLATE utf8_unicode_ci DEFAULT NULL,
  `emi_amount` varchar(255) COLLATE utf8_unicode_ci DEFAULT NULL,
  `car_model` varchar(255) COLLATE utf8_unicode_ci DEFAULT NULL,
  `make` varchar(255) COLLATE utf8_unicode_ci DEFAULT NULL,
  `year_of_manufacture` varchar(255) COLLATE utf8_unicode_ci DEFAULT NULL,
  `varluation_amount` varchar(255) COLLATE utf8_unicode_ci DEFAULT NULL,
  `special_insurance` text COLLATE utf8_unicode_ci,
  `created_at` datetime NOT NULL,
  `updated_at` datetime NOT NULL,
  `accessories` tinyint(1) DEFAULT NULL,
  `extended_warranty` tinyint(1) DEFAULT NULL,
  `amc` tinyint(1) DEFAULT NULL,
  `other` tinyint(1) DEFAULT NULL,
  `other1` tinyint(1) DEFAULT NULL,
  PRIMARY KEY (`id`),
  KEY `index_booking_communications_on_vehicle_booking_id` (`vehicle_booking_id`),
  CONSTRAINT `fk_rails_66dc8886ea` FOREIGN KEY (`vehicle_booking_id`) REFERENCES `vehicle_bookings` (`id`)
) ENGINE=InnoDB AUTO_INCREMENT=3 DEFAULT CHARSET=utf8 COLLATE=utf8_unicode_ci;
/*!40101 SET character_set_client = @saved_cs_client */;

--
-- Dumping data for table `booking_communications`
--

LOCK TABLES `booking_communications` WRITE;
/*!40000 ALTER TABLE `booking_communications` DISABLE KEYS */;
INSERT INTO `booking_communications` VALUES (1,10,'ZEST XM QJT 75 PLUS','','1','','','','IN HOUSE','IN HOUSE','BSE CABS','2018-09-21','RAHUL MARKAD','725318','45000','21245','','','','','','6500','600','','798663','','','','','','','','','10 TO 15 DAYS','2018-09-19 07:16:01','2018-09-19 07:16:01',0,0,0,0,0),(2,10,'ZEST XM QJT 75 PLUS','','1','','','','IN HOUSE','IN HOUSE','BSE CABS','2018-09-21','RAHUL MARKAD','725318','45000','21245','','','','','','6500','600','','798663','','','','','','','','','10 TO 15 DAYS','2018-09-19 07:16:02','2018-09-19 07:16:02',0,0,0,0,0);
/*!40000 ALTER TABLE `booking_communications` ENABLE KEYS */;
UNLOCK TABLES;

--
-- Table structure for table `branches`
--

DROP TABLE IF EXISTS `branches`;
/*!40101 SET @saved_cs_client     = @@character_set_client */;
/*!40101 SET character_set_client = utf8 */;
CREATE TABLE `branches` (
  `id` int(11) NOT NULL AUTO_INCREMENT,
  `code` varchar(255) COLLATE utf8_unicode_ci DEFAULT NULL,
  `name` varchar(255) COLLATE utf8_unicode_ci DEFAULT NULL,
  `address` text COLLATE utf8_unicode_ci,
  `email` varchar(255) COLLATE utf8_unicode_ci DEFAULT NULL,
  `contact_no` varchar(255) COLLATE utf8_unicode_ci DEFAULT NULL,
  `status` tinyint(1) DEFAULT NULL,
  `created_at` datetime DEFAULT NULL,
  `updated_at` datetime DEFAULT NULL,
  `company_id` int(11) DEFAULT NULL,
  PRIMARY KEY (`id`),
  KEY `fk_rails_9d5c1c06e3` (`company_id`),
  CONSTRAINT `fk_rails_9d5c1c06e3` FOREIGN KEY (`company_id`) REFERENCES `companies` (`id`)
) ENGINE=InnoDB AUTO_INCREMENT=5 DEFAULT CHARSET=utf8 COLLATE=utf8_unicode_ci;
/*!40101 SET character_set_client = @saved_cs_client */;

--
-- Dumping data for table `branches`
--

LOCK TABLES `branches` WRITE;
/*!40000 ALTER TABLE `branches` DISABLE KEYS */;
INSERT INTO `branches` VALUES (1,'B001','Pune','Magarpatta','b001@gmail.com','1234567890',1,'2018-07-20 05:58:19','2018-07-20 05:58:19',1),(2,'B002','Nashik','','','',1,'2018-08-09 07:45:53','2018-08-11 09:44:46',1),(3,'C003','Mumbai','Thane','b003@gmail.com','8887762345',1,'2018-08-09 07:50:40','2018-08-09 07:50:40',1),(4,'B004','Delhi','Delhi','b004@gmail.com','8596743215',1,'2018-08-10 12:28:12','2018-08-10 12:28:12',1);
/*!40000 ALTER TABLE `branches` ENABLE KEYS */;
UNLOCK TABLES;

--
-- Table structure for table `companies`
--

DROP TABLE IF EXISTS `companies`;
/*!40101 SET @saved_cs_client     = @@character_set_client */;
/*!40101 SET character_set_client = utf8 */;
CREATE TABLE `companies` (
  `id` int(11) NOT NULL AUTO_INCREMENT,
  `code` varchar(255) COLLATE utf8_unicode_ci DEFAULT NULL,
  `name` varchar(255) COLLATE utf8_unicode_ci DEFAULT NULL,
  `address` text COLLATE utf8_unicode_ci,
  `country` varchar(255) COLLATE utf8_unicode_ci DEFAULT NULL,
  `state` varchar(255) COLLATE utf8_unicode_ci DEFAULT NULL,
  `district` varchar(255) COLLATE utf8_unicode_ci DEFAULT NULL,
  `city` varchar(255) COLLATE utf8_unicode_ci DEFAULT NULL,
  `pin_code` int(11) DEFAULT NULL,
  `email` varchar(255) COLLATE utf8_unicode_ci DEFAULT NULL,
  `contact_no` varchar(255) COLLATE utf8_unicode_ci DEFAULT NULL,
  `status` tinyint(1) DEFAULT NULL,
  `created_at` datetime DEFAULT NULL,
  `updated_at` datetime DEFAULT NULL,
  `logo_file_name` varchar(255) COLLATE utf8_unicode_ci DEFAULT NULL,
  `logo_content_type` varchar(255) COLLATE utf8_unicode_ci DEFAULT NULL,
  `logo_file_size` int(11) DEFAULT NULL,
  `logo_updated_at` datetime DEFAULT NULL,
  PRIMARY KEY (`id`)
) ENGINE=InnoDB AUTO_INCREMENT=2 DEFAULT CHARSET=utf8 COLLATE=utf8_unicode_ci;
/*!40101 SET character_set_client = @saved_cs_client */;

--
-- Dumping data for table `companies`
--

LOCK TABLES `companies` WRITE;
/*!40000 ALTER TABLE `companies` DISABLE KEYS */;
INSERT INTO `companies` VALUES (1,'C001','BSE Cabs','Akurdi, Pune, Maharashtra.411035','India','Maharashtra','Pune','Pune',411035,'abc@gmail.com','9632785410',1,'2018-07-20 05:58:19','2018-09-18 05:22:11','logo.jpeg','image/jpeg',81464,'2018-07-20 09:18:53');
/*!40000 ALTER TABLE `companies` ENABLE KEYS */;
UNLOCK TABLES;

--
-- Table structure for table `document_lists`
--

DROP TABLE IF EXISTS `document_lists`;
/*!40101 SET @saved_cs_client     = @@character_set_client */;
/*!40101 SET character_set_client = utf8 */;
CREATE TABLE `document_lists` (
  `id` int(11) NOT NULL AUTO_INCREMENT,
  `employee_id` int(11) DEFAULT NULL,
  `document_master_id` int(11) DEFAULT NULL,
  `vehicle_booking_id` int(11) DEFAULT NULL,
  `status` tinyint(1) DEFAULT NULL,
  `created_at` datetime NOT NULL,
  `updated_at` datetime NOT NULL,
  PRIMARY KEY (`id`),
  KEY `index_document_lists_on_employee_id` (`employee_id`),
  KEY `index_document_lists_on_document_master_id` (`document_master_id`),
  KEY `index_document_lists_on_vehicle_booking_id` (`vehicle_booking_id`),
  CONSTRAINT `fk_rails_141cc2c46f` FOREIGN KEY (`document_master_id`) REFERENCES `document_masters` (`id`),
  CONSTRAINT `fk_rails_42afe1ea1c` FOREIGN KEY (`employee_id`) REFERENCES `employees` (`id`),
  CONSTRAINT `fk_rails_c297ee7287` FOREIGN KEY (`vehicle_booking_id`) REFERENCES `vehicle_bookings` (`id`)
) ENGINE=InnoDB AUTO_INCREMENT=132 DEFAULT CHARSET=utf8 COLLATE=utf8_unicode_ci;
/*!40101 SET character_set_client = @saved_cs_client */;

--
-- Dumping data for table `document_lists`
--

LOCK TABLES `document_lists` WRITE;
/*!40000 ALTER TABLE `document_lists` DISABLE KEYS */;
INSERT INTO `document_lists` VALUES (67,NULL,2,13,0,'2018-09-18 11:36:09','2018-09-18 11:36:09'),(68,NULL,3,13,0,'2018-09-18 11:36:09','2018-09-18 11:36:09'),(69,NULL,4,13,0,'2018-09-18 11:36:09','2018-09-18 11:36:09'),(70,NULL,5,13,0,'2018-09-18 11:36:09','2018-09-18 11:36:09'),(71,NULL,6,13,0,'2018-09-18 11:36:09','2018-09-18 11:36:09'),(72,NULL,7,13,0,'2018-09-18 11:36:09','2018-09-18 11:36:09'),(73,NULL,8,13,0,'2018-09-18 11:36:09','2018-09-18 11:36:09'),(74,NULL,9,13,0,'2018-09-18 11:36:09','2018-09-18 11:36:09'),(75,NULL,10,13,0,'2018-09-18 11:36:09','2018-09-18 11:36:09'),(76,NULL,11,13,0,'2018-09-18 11:36:09','2018-09-18 11:36:09'),(77,NULL,12,13,0,'2018-09-18 11:36:09','2018-09-18 11:36:09'),(78,NULL,13,13,0,'2018-09-18 11:36:09','2018-09-18 11:36:09'),(79,NULL,14,13,0,'2018-09-18 11:36:09','2018-09-18 11:36:09'),(80,NULL,2,14,0,'2018-09-18 12:03:17','2018-09-18 12:03:17'),(81,NULL,3,14,0,'2018-09-18 12:03:17','2018-09-18 12:03:17'),(82,NULL,4,14,0,'2018-09-18 12:03:17','2018-09-18 12:03:17'),(83,NULL,5,14,0,'2018-09-18 12:03:17','2018-09-18 12:03:17'),(84,NULL,6,14,0,'2018-09-18 12:03:17','2018-09-18 12:03:17'),(85,NULL,7,14,0,'2018-09-18 12:03:17','2018-09-18 12:03:17'),(86,NULL,8,14,0,'2018-09-18 12:03:17','2018-09-18 12:03:17'),(87,NULL,9,14,0,'2018-09-18 12:03:17','2018-09-18 12:03:17'),(88,NULL,10,14,0,'2018-09-18 12:03:17','2018-09-18 12:03:17'),(89,NULL,11,14,0,'2018-09-18 12:03:17','2018-09-18 12:03:17'),(90,NULL,12,14,0,'2018-09-18 12:03:17','2018-09-18 12:03:17'),(91,NULL,13,14,0,'2018-09-18 12:03:17','2018-09-18 12:03:17'),(92,NULL,14,14,0,'2018-09-18 12:03:17','2018-09-18 12:03:17'),(93,1,2,15,1,'2018-09-19 05:43:10','2018-10-23 13:27:31'),(94,NULL,3,15,0,'2018-09-19 05:43:10','2018-09-19 05:43:10'),(95,NULL,4,15,0,'2018-09-19 05:43:10','2018-09-19 05:43:10'),(96,NULL,5,15,0,'2018-09-19 05:43:10','2018-09-19 05:43:10'),(97,NULL,6,15,0,'2018-09-19 05:43:10','2018-09-19 05:43:10'),(98,NULL,7,15,0,'2018-09-19 05:43:10','2018-09-19 05:43:10'),(99,NULL,8,15,0,'2018-09-19 05:43:10','2018-09-19 05:43:10'),(100,NULL,9,15,0,'2018-09-19 05:43:10','2018-09-19 05:43:10'),(101,NULL,10,15,0,'2018-09-19 05:43:10','2018-09-19 05:43:10'),(102,NULL,11,15,0,'2018-09-19 05:43:10','2018-09-19 05:43:10'),(103,NULL,12,15,0,'2018-09-19 05:43:10','2018-09-19 05:43:10'),(104,NULL,13,15,0,'2018-09-19 05:43:10','2018-09-19 05:43:10'),(105,NULL,14,15,0,'2018-09-19 05:43:10','2018-09-19 05:43:10'),(106,NULL,2,16,0,'2018-10-27 06:52:58','2018-10-27 06:52:58'),(107,NULL,3,16,0,'2018-10-27 06:52:58','2018-10-27 06:52:58'),(108,NULL,4,16,0,'2018-10-27 06:52:58','2018-10-27 06:52:58'),(109,NULL,5,16,0,'2018-10-27 06:52:58','2018-10-27 06:52:58'),(110,NULL,6,16,0,'2018-10-27 06:52:58','2018-10-27 06:52:58'),(111,NULL,7,16,0,'2018-10-27 06:52:58','2018-10-27 06:52:58'),(112,NULL,8,16,0,'2018-10-27 06:52:58','2018-10-27 06:52:58'),(113,NULL,9,16,0,'2018-10-27 06:52:58','2018-10-27 06:52:58'),(114,NULL,10,16,0,'2018-10-27 06:52:58','2018-10-27 06:52:58'),(115,NULL,11,16,0,'2018-10-27 06:52:58','2018-10-27 06:52:58'),(116,NULL,12,16,0,'2018-10-27 06:52:58','2018-10-27 06:52:58'),(117,NULL,13,16,0,'2018-10-27 06:52:58','2018-10-27 06:52:58'),(118,NULL,14,16,0,'2018-10-27 06:52:58','2018-10-27 06:52:58'),(119,NULL,2,17,0,'2018-10-31 11:48:46','2018-10-31 11:48:46'),(120,NULL,3,17,0,'2018-10-31 11:48:46','2018-10-31 11:48:46'),(121,NULL,4,17,0,'2018-10-31 11:48:46','2018-10-31 11:48:46'),(122,NULL,5,17,0,'2018-10-31 11:48:46','2018-10-31 11:48:46'),(123,NULL,6,17,0,'2018-10-31 11:48:46','2018-10-31 11:48:46'),(124,NULL,7,17,0,'2018-10-31 11:48:46','2018-10-31 11:48:46'),(125,NULL,8,17,0,'2018-10-31 11:48:46','2018-10-31 11:48:46'),(126,NULL,9,17,0,'2018-10-31 11:48:46','2018-10-31 11:48:46'),(127,NULL,10,17,0,'2018-10-31 11:48:46','2018-10-31 11:48:46'),(128,NULL,11,17,0,'2018-10-31 11:48:46','2018-10-31 11:48:46'),(129,NULL,12,17,0,'2018-10-31 11:48:46','2018-10-31 11:48:46'),(130,NULL,13,17,0,'2018-10-31 11:48:46','2018-10-31 11:48:46'),(131,NULL,14,17,0,'2018-10-31 11:48:46','2018-10-31 11:48:46');
/*!40000 ALTER TABLE `document_lists` ENABLE KEYS */;
UNLOCK TABLES;

--
-- Table structure for table `document_masters`
--

DROP TABLE IF EXISTS `document_masters`;
/*!40101 SET @saved_cs_client     = @@character_set_client */;
/*!40101 SET character_set_client = utf8 */;
CREATE TABLE `document_masters` (
  `id` int(11) NOT NULL AUTO_INCREMENT,
  `code` varchar(255) COLLATE utf8_unicode_ci DEFAULT NULL,
  `name` varchar(255) COLLATE utf8_unicode_ci DEFAULT NULL,
  `description` text COLLATE utf8_unicode_ci,
  `status` tinyint(1) DEFAULT NULL,
  `created_at` datetime NOT NULL,
  `updated_at` datetime NOT NULL,
  PRIMARY KEY (`id`)
) ENGINE=InnoDB AUTO_INCREMENT=15 DEFAULT CHARSET=utf8 COLLATE=utf8_unicode_ci;
/*!40101 SET character_set_client = @saved_cs_client */;

--
-- Dumping data for table `document_masters`
--

LOCK TABLES `document_masters` WRITE;
/*!40000 ALTER TABLE `document_masters` DISABLE KEYS */;
INSERT INTO `document_masters` VALUES (2,'D_101','APPLICANT PAN','APPLICANT PAN',1,'2018-08-09 10:22:00','2018-08-22 09:58:13'),(3,'D_102','APPLICANT AADHAR','APPLICANT AADHAR',1,'2018-08-22 09:58:39','2018-08-22 09:58:39'),(4,'D_103','APPLICANT TR LICENCE','APPLICANT TR LICENCE',1,'2018-08-22 11:28:34','2018-08-22 11:28:34'),(5,'D_104','APPLICANT RENT AGREE','APPLICANT RENT AGREE',1,'2018-08-22 11:29:01','2018-08-22 11:29:01'),(6,'D_105','APPLICANT LIGHT BILL','APPLICANT LIGHT BILL',1,'2018-08-22 11:29:28','2018-08-22 11:29:28'),(7,'D_106','APPLICANT BANK STATEMENT 6M','BANK STATEMENT 6M ',1,'2018-08-22 11:29:57','2018-08-22 11:29:57'),(8,'D_107','APPLICANT PHOTO','APPLICANT PHOTO',1,'2018-08-22 11:30:20','2018-08-22 11:30:20'),(9,'D_108','GURANTOR PAN','GURANTOR PAN',1,'2018-08-22 11:30:45','2018-08-22 11:30:45'),(10,'D_109','GURANTOR  AADHAR','GURANTOR  AADHAR',1,'2018-08-22 11:31:08','2018-08-22 11:31:08'),(11,'D_110','GURANTOR RENT AGREE','GURANTOR RENT AGREE',1,'2018-08-22 11:31:42','2018-08-22 11:31:42'),(12,'D_111','GURANTOR LIGHT BILL','GURANTOR LIGHT BILL',1,'2018-08-22 11:32:08','2018-08-22 11:32:08'),(13,'D_112','GURANTOR BANK STATEMENT 6M','GURANTOR BANK STATEMENT 6M',1,'2018-08-22 11:32:35','2018-08-22 11:32:35'),(14,'D_113','GURANTOR PHOTO','GURANTOR PHOTO',1,'2018-08-22 11:33:05','2018-08-22 11:33:05');
/*!40000 ALTER TABLE `document_masters` ENABLE KEYS */;
UNLOCK TABLES;

--
-- Table structure for table `employees`
--

DROP TABLE IF EXISTS `employees`;
/*!40101 SET @saved_cs_client     = @@character_set_client */;
/*!40101 SET character_set_client = utf8 */;
CREATE TABLE `employees` (
  `id` int(11) NOT NULL AUTO_INCREMENT,
  `code` varchar(255) COLLATE utf8_unicode_ci DEFAULT NULL,
  `prefix` varchar(255) COLLATE utf8_unicode_ci DEFAULT NULL,
  `first_name` varchar(255) COLLATE utf8_unicode_ci DEFAULT NULL,
  `middle_name` varchar(255) COLLATE utf8_unicode_ci DEFAULT NULL,
  `last_name` varchar(255) COLLATE utf8_unicode_ci DEFAULT NULL,
  `date_of_birth` date DEFAULT NULL,
  `gender` varchar(255) COLLATE utf8_unicode_ci DEFAULT NULL,
  `contact_no` varchar(255) COLLATE utf8_unicode_ci DEFAULT NULL,
  `email` varchar(255) COLLATE utf8_unicode_ci DEFAULT NULL,
  `blood_group` varchar(255) COLLATE utf8_unicode_ci DEFAULT NULL,
  `address` varchar(255) COLLATE utf8_unicode_ci DEFAULT NULL,
  `country` varchar(255) COLLATE utf8_unicode_ci DEFAULT NULL,
  `state` varchar(255) COLLATE utf8_unicode_ci DEFAULT NULL,
  `district` varchar(255) COLLATE utf8_unicode_ci DEFAULT NULL,
  `city` varchar(255) COLLATE utf8_unicode_ci DEFAULT NULL,
  `pin_code` int(11) DEFAULT NULL,
  `adhar_no` varchar(255) COLLATE utf8_unicode_ci DEFAULT NULL,
  `status` tinyint(1) DEFAULT NULL,
  `created_at` datetime DEFAULT NULL,
  `updated_at` datetime DEFAULT NULL,
  `company_id` int(11) DEFAULT NULL,
  `branch_id` int(11) DEFAULT NULL,
  `manager_1_id` int(11) DEFAULT NULL,
  `manager_2_id` int(11) DEFAULT NULL,
  `role_id` int(11) DEFAULT NULL,
  PRIMARY KEY (`id`),
  KEY `fk_rails_15ca1438d5` (`company_id`),
  KEY `fk_rails_8604ac23f2` (`branch_id`),
  KEY `index_employees_on_role_id` (`role_id`),
  CONSTRAINT `fk_rails_15ca1438d5` FOREIGN KEY (`company_id`) REFERENCES `companies` (`id`),
  CONSTRAINT `fk_rails_24bc67ae55` FOREIGN KEY (`role_id`) REFERENCES `roles` (`id`),
  CONSTRAINT `fk_rails_8604ac23f2` FOREIGN KEY (`branch_id`) REFERENCES `branches` (`id`)
) ENGINE=InnoDB AUTO_INCREMENT=14 DEFAULT CHARSET=utf8 COLLATE=utf8_unicode_ci;
/*!40101 SET character_set_client = @saved_cs_client */;

--
-- Dumping data for table `employees`
--

LOCK TABLES `employees` WRITE;
/*!40000 ALTER TABLE `employees` DISABLE KEYS */;
INSERT INTO `employees` VALUES (1,'10001','Mr.','Admin','BSE','Cab',NULL,'Male','9876543210','admin@gmail.com','B+','Akurdi.','India','Maharashtra','Pune','Pune',123654,'',1,'2018-07-20 05:58:19','2018-09-18 13:27:10',1,1,NULL,NULL,NULL),(2,'10002','Mrs.','Rahul','BSE','Cab',NULL,'Male','','telecaller@gmail.com','','Akurdi','India','Maharashtra','Mumbai','',NULL,'',1,'2018-07-20 11:45:17','2018-09-18 13:27:50',1,1,NULL,NULL,NULL),(3,'10003','','Tejaswita','Prakash','Kadam','1990-12-28','Female','8788260877','ktejaswita28@gmail.com','AB+','Akurdi','India','Maharashtra','Pune','Akurdi',111117,'',1,'2018-08-10 12:32:17','2018-08-22 09:47:15',1,1,NULL,NULL,NULL),(4,'10004','Miss.','Surekha','Ghavate','Kaluram ','1990-10-25','Female','8208911060','surekhakumari2018@gmail.com','B+','Akurdi','India','Maharashtra','Pune','Pune',123654,'',1,'2018-08-22 09:49:25','2018-09-18 13:25:01',1,1,NULL,NULL,NULL),(9,'10006','Mr.','Kalpesh','Anil','Pangerkar','1986-12-23','Male','8999862651','pangerkarkalpesh888@gmail.com','A+','Akurdi','India','Maharashtra','Pune','PUNE',411035,'',1,'2018-09-07 09:52:06','2018-09-18 13:25:58',1,1,NULL,NULL,NULL),(10,'10007','Mr.','Swapnil','Babanrao','Patil','1991-03-23','Male','7083834547','swapnilp.sfm@gmail.com','O+','pune','India','Maharashtra','Pune','Pune',411035,'7083834547',1,'2018-10-09 05:11:56','2018-10-09 05:11:56',1,1,NULL,NULL,NULL),(11,'10008','Mr.','Vijay','Nandkishor','Bawaskar','2000-07-02','Male','7769836077','vijayraje922@gmail.com','AB+','Pune','India','Maharashtra','Pune','Pune',411035,'7769836077',1,'2018-10-09 05:15:20','2018-10-09 05:15:20',1,1,NULL,NULL,NULL),(12,'10009','Mr.','AKASH','','TILEKAR','1995-04-27','Male','9527070742','akashtilekar35@gmail.com','','DEHUGAON','India','Maharashtra','Pune','',411035,'',1,'2018-10-24 09:48:50','2018-10-24 09:49:29',1,1,NULL,NULL,NULL),(13,'10010','Miss.','SHILPA','','SALVE','1991-05-26','Female','9764926937','sidshilpa88@gmail.com','','','India','Maharashtra','Pune','',NULL,'',1,'2018-10-24 10:02:29','2018-10-24 10:02:29',1,1,NULL,NULL,NULL);
/*!40000 ALTER TABLE `employees` ENABLE KEYS */;
UNLOCK TABLES;

--
-- Table structure for table `enquiries`
--

DROP TABLE IF EXISTS `enquiries`;
/*!40101 SET @saved_cs_client     = @@character_set_client */;
/*!40101 SET character_set_client = utf8 */;
CREATE TABLE `enquiries` (
  `id` int(11) NOT NULL AUTO_INCREMENT,
  `mobile_no` varchar(255) COLLATE utf8_unicode_ci DEFAULT NULL,
  `name_first` varchar(255) COLLATE utf8_unicode_ci DEFAULT NULL,
  `middle_name` varchar(255) COLLATE utf8_unicode_ci DEFAULT NULL,
  `last_name` varchar(255) COLLATE utf8_unicode_ci DEFAULT NULL,
  `email` varchar(255) COLLATE utf8_unicode_ci DEFAULT NULL,
  `address` text COLLATE utf8_unicode_ci,
  `place` varchar(255) COLLATE utf8_unicode_ci DEFAULT NULL,
  `user_id` int(11) DEFAULT NULL,
  `created_at` datetime DEFAULT NULL,
  `updated_at` datetime DEFAULT NULL,
  `vehicle_type_id` int(11) DEFAULT NULL,
  `scheme_id` int(11) DEFAULT NULL,
  `enquiry_date` date DEFAULT NULL,
  `description` text COLLATE utf8_unicode_ci,
  `status` varchar(255) COLLATE utf8_unicode_ci DEFAULT NULL,
  PRIMARY KEY (`id`),
  KEY `index_enquiries_on_user_id` (`user_id`),
  KEY `fk_rails_c8404dfc83` (`vehicle_type_id`),
  KEY `fk_rails_97a38ddb44` (`scheme_id`),
  CONSTRAINT `fk_rails_4cb86fa9ea` FOREIGN KEY (`user_id`) REFERENCES `users` (`id`),
  CONSTRAINT `fk_rails_97a38ddb44` FOREIGN KEY (`scheme_id`) REFERENCES `schemes` (`id`),
  CONSTRAINT `fk_rails_c8404dfc83` FOREIGN KEY (`vehicle_type_id`) REFERENCES `vehicle_types` (`id`)
) ENGINE=InnoDB AUTO_INCREMENT=1424 DEFAULT CHARSET=utf8 COLLATE=utf8_unicode_ci;
/*!40101 SET character_set_client = @saved_cs_client */;

--
-- Dumping data for table `enquiries`
--

LOCK TABLES `enquiries` WRITE;
/*!40000 ALTER TABLE `enquiries` DISABLE KEYS */;
INSERT INTO `enquiries` VALUES (18,'8888951118','Rakesh','','Shinde','','Lonikand','Pune',3,'2018-08-30 11:54:08','2018-09-18 11:36:09',NULL,13,'2018-08-30','Inquiry abhout w/r in office. Customer  will tomorrow with doc.','Booked'),(19,'9922138338','Santosh','','Shinkar','','SHIRUR','',4,'2018-08-30 11:55:48','2018-08-30 11:55:48',NULL,12,'2018-08-30','will come to office ','Interested'),(20,'9511699413','Pawar','','','','Katraj','Pune',3,'2018-08-30 11:57:58','2018-09-18 12:03:17',NULL,13,'2018-08-30','Inquiry about w/r on call','Booked'),(21,'9765027865','Siraj','Kasim ','Shaikh','','','hadapsar',4,'2018-08-31 04:38:30','2018-08-31 05:02:32',NULL,8,'2018-08-31','','Interested'),(22,'7775911097','DEEPAK','','','','','warje',4,'2018-08-31 05:22:40','2018-08-31 05:22:40',NULL,9,'2018-08-31','','Interested'),(23,'7083438787','Tushar','','Gaikwad','','Bavdhan','Pune',3,'2018-08-31 07:58:56','2018-09-01 05:37:05',NULL,13,'2018-08-31','Inquiry abhout tata zest cng in office.customer will come tomorrow with doc. (swig i customer)','Interested'),(24,'8698697354','Sachin','','Aalapure','','Narhe','Pune',3,'2018-08-31 10:08:41','2018-09-03 12:23:56',NULL,13,'2018-08-31','Customer Asked abhout axcent.give him doc list .he will come tomorrow .','Booked'),(25,'8484944051','Laxman','','Oval','','','Kothrud',4,'2018-08-31 11:11:09','2018-08-31 11:11:09',NULL,8,'2018-08-31','Will come to the office on 31/8','1'),(26,'8668521641','Gangadhar','','Dindore','','Sangvi','Pune',3,'2018-09-01 04:14:47','2018-09-05 10:26:36',NULL,8,'2018-09-01','Inauiry about w/r','Interested'),(27,'7888191923','Santosh','','Gavade','','pune','katraj',4,'2018-09-01 04:53:26','2018-09-01 04:53:26',NULL,9,'2018-09-01','TR Not available-NT lic','Interested'),(28,'9665049868','JOYDRATH','','BHANDARWAD','','shivne','pune',3,'2018-09-01 04:58:22','2018-09-01 04:58:22',NULL,1,'2018-08-31','Inquiry about Zest .','Interested'),(29,'9730137920','Rajkumar','','','','Pune','Kalewadi',1,'2018-09-01 04:58:48','2018-09-17 14:17:30',NULL,8,'2018-09-01','will come to office on 1/9/2018','Interested'),(30,'7011312181','jitendra','','','','','mayur vihar',4,'2018-09-01 05:07:18','2018-09-01 05:07:18',NULL,6,'2018-09-01','','Interested'),(31,'7972226977','YOGESH','','','','wagholi','pune',3,'2018-09-01 05:10:42','2018-09-01 05:10:42',NULL,6,'2018-09-01','Inquiry about Zest on call.','Interested'),(32,'9860822600','AMAR','','PATHAN','','MOSHI','pune',3,'2018-09-01 05:14:00','2018-09-01 05:14:00',NULL,1,'2018-09-01','Inquiry about Dezire & X-Cent on call. (Reference  mahesh shinde custome. )','Interested'),(33,'8668583330','Shankar','','Kamble','','','',3,'2018-09-01 05:15:36','2018-09-01 05:15:36',NULL,10,'2018-09-01','Inquiry about w/r  on call.','Interested'),(34,'7083636777','krushna','','Chate','','','',3,'2018-09-01 05:22:17','2018-09-01 05:22:17',NULL,1,'2018-09-01','Inquiry about Zest on call','Interested'),(35,'8208824929','Sanjay ','','Thorve','','','',3,'2018-09-01 05:31:15','2018-09-01 05:31:15',NULL,6,'2018-09-01','Inquiry about x-cent on call ,but he has RS 40000 down payment .','Interested'),(36,'9325366614','Nilesh','','rajavat','','','Bawdhan',4,'2018-09-01 05:33:22','2018-09-01 05:33:22',NULL,4,'2018-09-01','inquired about innova','Interested'),(37,'8956396621','Sunil','','rathod','','','hadapsar',4,'2018-09-01 05:34:03','2018-09-01 05:34:03',NULL,8,'2018-09-01','','Interested'),(38,'7507937742','ankush','','bhad','','','chakan',4,'2018-09-01 05:46:48','2018-09-01 09:53:16',NULL,3,'2018-09-01','','Booked'),(39,'9730019333','Tushar','','Waghmare','','','',3,'2018-09-01 05:49:11','2018-09-01 05:49:11',NULL,6,'2018-09-01','Inquiry about Zest & x-cent in office. ','Interested'),(40,'9595588687','kunal','','dafale','','','chakan',4,'2018-09-01 05:50:47','2018-09-01 05:50:47',NULL,12,'2018-09-01','','Interested'),(41,'8788957080','Raju ','','Sakat','','Nigdi','pune',3,'2018-09-01 05:52:53','2018-09-01 05:52:53',NULL,6,'2018-09-01','Inquiry about Zest & x-cent in office. ','Interested'),(42,'9689151193','Amol','','Dhage','','Utthamnagar','pune',3,'2018-09-01 05:54:30','2018-09-01 05:54:30',NULL,3,'2018-09-01','Inquiry about Zest .','Interested'),(43,'9146073351','Shivanand','','Mochi','','','',3,'2018-09-01 06:00:19','2018-09-01 06:00:19',NULL,12,'2018-09-01','Inquiry about w/r on call.','Interested'),(44,'8830772994','Chandrashakhar ','','Patil','','','',3,'2018-09-01 06:41:28','2018-09-01 06:41:28',NULL,13,'2018-09-01','Inquiry about innova','Interested'),(45,'7030471029','Mukund','','','','','',3,'2018-09-01 06:46:42','2018-09-01 06:46:42',NULL,13,'2018-09-01','Inquiry about innova on call.','Interested'),(46,'7219672727','CHETAN','','AGHATE','','','BHOR',4,'2018-09-01 08:17:15','2018-09-01 08:17:15',NULL,3,'2018-09-01','','Interested'),(47,'976407005','SATISH','J','','','','NARHE',4,'2018-09-01 08:18:33','2018-09-01 08:18:33',NULL,8,'2018-09-01','','Interested'),(48,'9881334115','HARIBHAU','','SADGHAR','','KATRAJ','pune',3,'2018-09-01 08:25:29','2018-09-01 08:25:29',NULL,8,'2018-09-01','Inquiry about Dezire on call.','Interested'),(49,'9511251197','GURUPRASAD','','GUDE','','','',3,'2018-09-01 08:44:22','2018-09-01 08:44:22',NULL,6,'2018-09-01','INQUIRY ABOUT X-CENT ON CALL.','Interested'),(50,'9890606947','SANDEEP','','','','','NIGDI',4,'2018-09-01 08:46:24','2018-09-01 08:46:24',NULL,6,'2018-09-01','','Interested'),(51,'9922638810','VIJAY','','G','','','SHIVANE',1,'2018-09-01 08:50:10','2018-09-17 14:18:14',NULL,13,'2018-09-01','','Interested'),(52,'9881980487','AMIT','','PATEL','','','MUNDHAWA',4,'2018-09-01 09:02:50','2018-09-01 09:02:50',NULL,3,'2018-09-01','','Interested'),(53,'9881039782','TEJAS','','THORAT','','pimpri','pune',3,'2018-09-01 09:09:25','2018-09-01 09:09:25',NULL,8,'2018-09-01','Inquiry about Dzire on call','Interested'),(54,'7588001712','CHIMTE','','SANJAY','','SHIVAJINAGAR','pune',3,'2018-09-01 09:11:11','2018-09-01 09:11:11',NULL,8,'2018-09-01','Inquiry about Dezire  on call','Interested'),(55,'7972292609','RUSHABH','','DAHATONDE','','NIGDI','PUNE',3,'2018-09-01 10:38:39','2018-09-04 09:14:42',NULL,13,'2018-09-01','will come to office ','Interested'),(56,'8788366932','SHARAD','','WADKAR','','','BHOSARI',4,'2018-09-01 10:43:44','2018-09-01 10:43:44',NULL,4,'2018-09-01','','Interested'),(57,'9604653947','PRAVIN','','SURYANSHI','','DIGHI','PUNE',3,'2018-09-01 10:51:55','2018-09-01 10:51:55',NULL,7,'2018-09-01','will come to office .Inquiry about x-cent','Interested'),(58,'9766371822','KASHINATH','','AWATE','','','PUNE',4,'2018-09-01 11:01:54','2018-09-01 11:01:54',NULL,8,'2018-09-01','WILL COME TO THE OFFICE','Interested'),(59,'9689891197','Vikas','','Gaikwad','','Ravet','PUNE',3,'2018-09-01 11:16:47','2018-09-01 11:16:47',NULL,12,'2018-09-01','will come to office inquiry for w/r.','Interested'),(60,'7875700336','UMESH','','DHANE','','','VIMARNAGAR',4,'2018-09-01 11:18:07','2018-09-01 11:18:07',NULL,4,'2018-09-01','INNOVA','Interested'),(61,'703047981','SUNIL','','RATHOD','','HADPSAR','PUNE',3,'2018-09-01 11:28:34','2018-09-01 11:28:34',NULL,3,'2018-09-01','will come to office ','Interested'),(62,'9158610098','suraj ','','mohite','','','vishrantwadi',4,'2018-09-01 11:42:28','2018-09-01 11:42:28',NULL,6,'2018-09-01','','Interested'),(63,'9881796326','akash ','salunkhe','','','','PUNE',4,'2018-09-01 11:44:15','2018-09-01 11:44:15',NULL,8,'2018-09-01','','Interested'),(64,'9823068804','Abhijit','','Ahire','','Kalewadi pimpri','pune',1,'2018-09-03 04:53:16','2018-10-27 06:52:58',NULL,8,'2018-09-03','enquiry about Dezire on call','Booked'),(65,'8806528804','Ramesh','','','','','bhosari',4,'2018-09-03 04:54:27','2018-09-03 04:54:27',NULL,13,'2018-09-01','Inquired about w-r','Interested'),(66,'7020192433','SHARAD','','GORE','','VISHRANTWADI','pune',3,'2018-09-03 04:55:09','2018-09-03 04:55:09',NULL,8,'2018-09-03','Inquiry about Dezire on call. but he is interested in old car. ','Interested'),(67,'9881050810','DNYNESHWAR','','GANGNE','','Kalewadi','pune',3,'2018-09-03 05:03:11','2018-09-03 05:03:11',NULL,8,'2018-09-03','Inquiry about Dezire .','Interested'),(68,'9623218707','abhay','s','andhale','','Pune','dhankawadi',4,'2018-09-03 05:10:09','2018-09-03 05:11:14',NULL,13,'2018-09-03','innova crysta','Interested'),(69,'9607422518','NO NAME ','','','','KARADH','SATARA',3,'2018-09-03 05:28:42','2018-09-03 06:39:13',NULL,13,'2018-09-03','Inquiry aboutX-CENT. customer will com in office after 2 days.','Interested'),(70,'7350746546','Sujit','','Rathod','','','PUNE',4,'2018-09-03 05:34:25','2018-09-03 05:34:25',NULL,1,'2018-09-03','inquired about zest','Interested'),(71,'7559440507','Vijay','','','','','talegaon',4,'2018-09-03 05:45:39','2018-09-03 05:45:39',NULL,12,'2018-09-03','will come to office ','Interested'),(72,'7264899289','sujit','','rathod','','','',3,'2018-09-03 05:46:56','2018-09-03 05:46:56',NULL,1,'2018-09-03','','Interested'),(73,'9767670647','swechha ','','vaishnav','','','',3,'2018-09-03 06:12:32','2018-09-03 06:12:32',NULL,8,'2018-09-03','private car','Interested'),(74,'8668580700','AKSHAY','','ATHAVLE','','VISHRANTWADI','PUNE',3,'2018-09-03 06:25:41','2018-09-03 06:38:14',NULL,1,'2018-09-03','Inquiry about Zest .','Interested'),(75,'9657001112','AMIT','','WAKADKAR','','HINJWADI','PUNE',3,'2018-09-03 06:27:35','2018-09-03 06:27:35',NULL,13,'2018-09-03','Inquiry about Zest , W/R...','Interested'),(76,'988105810','SASHIKANT','','MARAKALE','','HINJWADI','PUNE',3,'2018-09-03 06:35:55','2018-09-03 06:35:55',NULL,9,'2018-09-03','Inquiry about Zest CNG. Customer will come office.','Interested'),(77,'7745034918','Natin','','Bansode','','Narhe','PUNE',3,'2018-09-03 06:52:24','2018-09-03 06:52:24',NULL,8,'2018-09-03','Inquiry about Dezire on call. will come in office.','Interested'),(78,'9309871212','SAGAR','VITTAL','GAIKWAD','','Kothrud','PUNE',3,'2018-09-03 07:01:38','2018-09-03 12:21:14',NULL,2,'2018-09-03','BOOKED','Booked'),(79,'7350095252','RAMACHANDRA','','TALEKAR','','','WAKAD',3,'2018-09-03 07:03:31','2018-09-03 07:03:31',NULL,3,'2018-09-03','','Interested'),(80,'9921003680','ASHISH','KUMAR','GUPTA','','PUNE','KALYANINAGAR',3,'2018-09-03 07:21:31','2018-09-03 07:21:31',NULL,12,'2018-09-03','Will visit the office on 4/9/2018','Interested'),(81,'9922060506','Dattu','','Kamble','','','warje',3,'2018-09-03 07:31:06','2018-09-03 07:31:06',NULL,12,'2018-09-03','will come to office ','Interested'),(82,'8766855256','DNYNESHWAR','','RAUT','','RASTA PETH','PUNE',3,'2018-09-03 07:59:08','2018-09-03 07:59:08',NULL,7,'2018-09-03','Inquiry about X-cent on call','Interested'),(83,'9823331951','Rahul','','Awale','','','wanawadi',4,'2018-09-03 09:09:03','2018-09-03 09:09:03',NULL,2,'2018-09-03','visited on 3/9/2018,will book on 4/9/2018','Interested'),(84,'9325512130','Ajay ','','Tonpurkar','','','wadgaon',4,'2018-09-03 09:10:30','2018-09-03 09:10:30',NULL,1,'2018-09-03','will visit the office on 4/9/2018','Interested'),(85,'9689053093','Amol','','Shete','','Pune','Chikhali',4,'2018-09-03 09:12:56','2018-09-03 09:12:56',NULL,12,'2018-09-03','Visit the office on 3/9/2018-will confirm in 2-3 days.TR Lic new ','Interested'),(86,'8329658726','DEEPAK','','JADHAV','','KOTHRUD','PUNE',3,'2018-09-03 09:29:59','2018-09-03 09:29:59',NULL,13,'2018-09-03','Inquiry about In nova car on call.','Interested'),(87,'9168532700','DEEPAK','','SONAVNE','','BHOSARI','PUNE',3,'2018-09-03 09:31:05','2018-09-03 09:31:05',NULL,13,'2018-09-03','Inquiry about innova on call.','Interested'),(88,'9359774771','Amit','','lad','','','PUNE',4,'2018-09-03 10:22:03','2018-09-03 10:22:03',NULL,8,'2018-09-03','TR Not available-NT lic','Interested'),(89,'8408816958','GOPAL','','YADHAV','','BANER','PUNE',3,'2018-09-03 10:29:06','2018-09-03 10:29:06',NULL,13,'2018-09-03','Inquiry about Zest on call. ','Interested'),(90,'7774033643','mahesh','','bodake','','','PUNE',4,'2018-09-03 10:33:08','2018-09-03 10:33:08',NULL,12,'2018-09-03','inquired about private car','Interested'),(91,'9359435363','Samadhan','','','','','CHIKHALI',4,'2018-09-03 10:56:40','2018-09-03 10:56:40',NULL,8,'2018-09-03','will visit the office on 5/09/2018','Interested'),(92,'8975128072','VIKAS','','CHAVAN','','','',4,'2018-09-03 11:06:52','2018-09-03 11:06:52',NULL,6,'2018-09-03','WILL VISIT THE OFFICE BUT NT LIC','Interested'),(93,'9324010244','IRAN','','KHAN','','AKURDI','PUNE',3,'2018-09-03 11:15:50','2018-09-04 12:41:35',NULL,13,'2018-09-03','Inquiry about W/R on call.','Interested'),(94,'9834102181','BAPU','','THORAT','','','MOSHI',4,'2018-09-03 11:16:59','2018-09-03 11:16:59',NULL,12,'2018-09-03','will come to office ON 04/09/2018','Interested'),(95,'9637073687','MADAN','','LODHAL','','','HINJEWADI',4,'2018-09-03 11:23:32','2018-09-03 11:23:32',NULL,6,'2018-09-03','will come to office ','Interested'),(96,'7350427427','BALASAHEB','','ROKDE','','','hadapsar',4,'2018-09-03 11:36:55','2018-09-04 06:14:38',NULL,8,'2018-09-03','will come to office ON 04/9/2018','Interested'),(97,'9702554073','Pravin','','Fanse','','VISHRANTWADI','PUNE',3,'2018-09-03 11:44:09','2018-09-03 11:44:09',NULL,13,'2018-09-03','Inquiry about W/R,zest, x-cent on call.','Interested'),(98,'7028627362','SIDHESH','','PAWAR','','','HADAPSAR',4,'2018-09-03 12:09:14','2018-09-03 12:09:14',NULL,9,'2018-09-03','inquired about SWIFT DEZIRE','Interested'),(99,'9834618851','SHRESHA','','SHETTY','','','PUNE',4,'2018-09-03 12:21:15','2018-09-03 12:21:15',NULL,8,'2018-09-03','TR Not available','Interested'),(100,'9762905472','RAMESH','','AVHAD','','KHARADI','PUNE',3,'2018-09-03 12:32:42','2018-09-03 12:32:42',NULL,1,'2018-09-03','Inquiry about Zest ,Customer will come with doc.','Interested'),(101,'9075976868','Kalyan ','','Naikwadi','','Kalewadi Phata','Pune',4,'2018-09-04 04:51:16','2018-09-04 04:51:16',NULL,12,'2018-09-04','will visit the office on 5/9/2018','Interested'),(102,'9325883443','RAMESHWAR','','','','KENDUR','PUNE',3,'2018-09-04 06:13:05','2018-09-04 06:13:05',NULL,13,'2018-09-04','Inquiry about innova on call.','Interested'),(103,'8180881592','SAINATH','','LAHUNDE','','SHIRDI','',3,'2018-09-04 06:14:43','2018-09-04 06:14:43',NULL,13,'2018-09-04','Inquiry about Dezire on call','Interested'),(104,'7057975791','ALKESH','','MORE','','KOTHRUD','PUNE',3,'2018-09-04 06:15:41','2018-09-04 06:15:41',NULL,13,'2018-09-04','Inquiry about w/r  on call.','Interested'),(105,'9923435444','VIJAY','','','','','PUNE',4,'2018-09-04 06:16:32','2018-09-04 06:16:57',NULL,13,'2018-09-04','inquired about innova crysta','Interested'),(106,'7218749890','MARUTI','','NIMBEL','','PAWANANAGAR PUNE','PUNE',3,'2018-09-04 06:16:49','2018-09-04 06:16:49',NULL,13,'2018-09-04','Inquiry about w/r  on call.','Interested'),(107,'9011211901','SURESH','','SHINDE','','BIBVEWADI','PUNE',3,'2018-09-04 06:17:56','2018-09-04 06:17:56',NULL,13,'2018-09-04','Inquiry about w/r  on call.','Interested'),(108,'9079157382','Monusingh','','','','Bihar','Dhanpur',4,'2018-09-04 06:18:31','2018-09-04 06:18:31',NULL,13,'2018-09-04','inquired about innova','Interested'),(109,'9309937531','Ashish','','','','','Beed',4,'2018-09-04 06:26:00','2018-09-04 06:26:00',NULL,6,'2018-09-04','TR Not available-NT lic','Interested'),(110,'8605119222','TULSHIRAM ','','GUNDE ','','','WARJE',4,'2018-09-04 06:52:44','2018-09-04 06:52:44',NULL,13,'2018-09-04','inquired about innova','Interested'),(111,'8459811736','SURAJ','','RATHOD','','','PUNE',4,'2018-09-04 06:55:33','2018-09-04 06:55:33',NULL,8,'2018-09-04','will come to office ','Interested'),(112,'9595952138','BALIRAM','','JADHAV','','NIGDI','PUNE',3,'2018-09-04 06:56:09','2018-09-04 06:56:09',NULL,13,'2018-09-04','WILL COME TO THE OFFICE','Interested'),(113,'7776841111','DHIRAJ','','','','KARVENAGAR','PUNE',3,'2018-09-04 06:57:16','2018-09-04 06:57:16',NULL,13,'2018-09-04','Inquiry about Zest & x-cent in office. ','Interested'),(114,'9834477136','RAHUL','','CHAUDHARI','','PUNE','DIGHI',4,'2018-09-04 06:58:45','2018-09-04 06:58:45',NULL,13,'2018-09-04','inquired about innova crysta','Interested'),(115,'755920512','UMESH','','VOSS','','','PINE',4,'2018-09-04 07:07:07','2018-09-04 07:07:07',NULL,12,'2018-09-04','NEED OLD CAR','Interested'),(116,'9740425614','PATIL','','','','KATRAJ','PUNE',3,'2018-09-04 07:08:37','2018-09-04 07:08:37',NULL,13,'2018-09-04','Inquiry about Hexa on call.','Interested'),(117,'8888005458','VIKRAM','','WAJE','','HINJWADI','PUNE',3,'2018-09-04 08:49:33','2018-09-04 08:49:33',NULL,13,'2018-09-04','inquired about innova','Interested'),(118,'8459329149','SAGAR','','RANPISE','','NIGDI','PUNE',3,'2018-09-04 08:51:18','2018-09-04 08:51:18',NULL,13,'2018-09-04','Inquired about w-r','Interested'),(120,'9822398053','YOGESH','','PAKHALE','','MOSHI','PUNE',3,'2018-09-04 08:55:26','2018-09-04 08:55:26',NULL,13,'2018-09-04','inquired about zest IN office.','Interested'),(121,'8308050328','SACHIN','','THORAT','','MOSHI','PUNE',3,'2018-09-04 08:56:39','2018-09-04 08:56:39',NULL,13,'2018-09-04','inquired about zest IN office.','Interested'),(122,'9325462897','SURAJ','','AALAKH','','Pune','PUNE',3,'2018-09-04 09:03:09','2018-09-04 09:03:09',NULL,13,'2018-09-04','Inquired about X-cent','Interested'),(123,'7040779498','MHEBOOB ','','SHAIKH','','PUNE','DAPODI',4,'2018-09-04 09:25:42','2018-09-04 09:25:42',NULL,6,'2018-09-04','WILL COME  TO THE OFFICE ON 5/9/2018','Interested'),(124,'9011230944','SHWENA','','','','','LATUR',4,'2018-09-04 09:27:08','2018-09-04 09:27:08',NULL,8,'2018-09-04','2ND HAND CAR','Interested'),(125,'8421411363','KAILAS','','','','','CAMP',4,'2018-09-04 09:28:21','2018-09-04 09:28:21',NULL,13,'2018-09-04','INQUIRED ABOUT ETIOS','Interested'),(126,'8065119222','KASIM','','','','PUNE','WARJE',4,'2018-09-04 09:47:19','2018-09-04 09:47:19',NULL,13,'2018-09-04','Inquired about innova','Interested'),(127,'9359537539','Musheer','','','','','pune',4,'2018-09-04 09:48:58','2018-09-04 09:48:58',NULL,12,'2018-09-04','interested in private car','Interested'),(128,'7020108410','Ganesh','','Kakade','','','Pune',4,'2018-09-04 09:50:02','2018-09-04 09:50:02',NULL,12,'2018-09-04','will visit the office','Interested'),(129,'7558511644','BIRAJDAR','','KISHOR','','KATRAJ','PUNE',3,'2018-09-04 09:55:01','2018-09-04 09:55:01',NULL,13,'2018-09-04','will come to office ','Interested'),(130,'9518775510','AMERSINHA ','','PANDIT','','PUNE','PUNE',3,'2018-09-04 10:14:34','2018-09-04 10:14:34',NULL,13,'2018-09-04','INQUIRY ABOUT ITOST','Interested'),(131,'8390112000','DINESH','','IRPACHE','','PUNE','PUNE',3,'2018-09-04 10:45:17','2018-09-04 10:45:17',NULL,13,'2018-09-04','inquired about DEZIRE ON CALL.','Interested'),(132,'9921302777','YOGESH','','AUSARNAL','','CHINCHWAD','PUNE',3,'2018-09-04 12:32:34','2018-09-04 12:32:34',NULL,13,'2018-09-04','inquired about Zest on call.','Interested'),(133,'7559205212','Umesh','','Voss','','','Pune',4,'2018-09-05 04:43:21','2018-09-05 04:43:21',NULL,12,'2018-09-03','Interested in used car','Interested'),(134,'8308619234','Janardan','','Waghmare','','','HINJEWADI',4,'2018-09-05 04:45:18','2018-09-05 04:45:18',NULL,8,'2018-09-03','will come to office ','Interested'),(135,'9595203638','Suraj','','','','','bhor',4,'2018-09-05 04:46:02','2018-09-05 04:46:39',NULL,1,'2018-09-03','will come to office ','Interested'),(136,'9595897834','Nilesh','','Ghodke','','','kolhapur',4,'2018-09-05 04:53:17','2018-09-05 04:53:17',NULL,12,'2018-09-03','','Interested'),(137,'9657808920','Dhairya','','','','','kolhapur',4,'2018-09-05 04:54:11','2018-09-05 04:54:11',NULL,1,'2018-09-03','','Interested'),(139,'9860629259','PANDHARINATH','','','','NARHE','PUNE',3,'2018-09-05 05:02:27','2018-09-05 05:02:27',NULL,13,'2018-09-05','Inquiry about w/r  on call.','Interested'),(140,'8482945607','Sumit','','Chopde','','','Kalewadi',4,'2018-09-05 05:03:21','2018-09-05 05:03:21',NULL,3,'2018-09-04','visit the office on 4/8/2018 hot','Interested'),(141,'9518541191','SIDDHARTH','','','','KOTHRUD','PUNE',3,'2018-09-05 05:28:21','2018-09-05 05:28:21',NULL,13,'2018-09-05','Inquiry about X-cent on call.','Interested'),(142,'7020523338','KIRAN','','BHOKRE','','KHARADI','',3,'2018-09-05 05:29:20','2018-09-05 05:29:20',NULL,13,'2018-09-05','Inquiry about Hexa.','Interested'),(143,'9860841540','DNYNESHWAR','','INGLE','','pimpri','PUNE',3,'2018-09-05 05:46:36','2018-09-05 05:46:36',NULL,13,'2018-09-05','Inquiry about ZEST & HEXA ON CALL.','Interested'),(144,'9326174892','PRASHANT','','KALE','','CHINCHWAD','PUNE',3,'2018-09-05 06:17:20','2018-09-05 06:17:20',NULL,13,'2018-09-05','Inquiry about Dezire on call.','Interested'),(145,'9767288193','KISHOR ','','GAVDE','','','CHINCHWAD',4,'2018-09-05 06:20:31','2018-09-05 06:20:31',NULL,12,'2018-09-04','will come to office ','Interested'),(146,'7447686722','NARSINGH','','MULE','','','HINJEWADI',4,'2018-09-05 06:21:52','2018-09-05 06:21:52',NULL,8,'2018-09-04','will come to office ','Interested'),(147,'9511626283','SANJAY','','CHOUDHARY','','warje','PUNE',3,'2018-09-05 07:03:07','2018-09-05 07:11:25',NULL,13,'2018-09-05','Inquiry about Zest on call.','Interested'),(149,'8766832007','SHIVAJI','SOPANA','GITE','','NAGAR','NAGAR',3,'2018-09-05 07:15:12','2018-09-05 07:15:12',NULL,13,'2018-09-05','Inquiry about ETOS ON CALL.','Interested'),(150,'7261989270','Jagdish','','','','','PUNE',1,'2018-09-05 09:14:42','2018-09-17 14:19:01',NULL,1,'2018-09-05','will come to office ','Interested'),(151,'8421327196','JAYANT','','CVHAVAN','','KARADH','SATARA',3,'2018-09-05 10:41:38','2018-09-05 10:41:38',NULL,13,'2018-09-05','Inquiry about swift on call .','Interested'),(152,'9960809004','SANDESH','','MULAVKAR','','SOLAPU','SOLAPU',3,'2018-09-05 10:42:53','2018-09-05 10:42:53',NULL,13,'2018-09-05','Inquiry about X-cent .','Interested'),(153,'8552991142','Prathemesh','','Sawant','','SHIVAJINAGAR','PUNE',3,'2018-09-05 10:44:04','2018-09-05 10:44:04',NULL,13,'2018-09-05','Inquiry about Zest on call .','Interested'),(154,'721804541','ATUL','','KONDE','','URULIKANCHAN','PUNE',3,'2018-09-05 11:38:45','2018-09-05 11:38:45',NULL,13,'2018-09-05','Inquiry about w/r  on call.','Interested'),(155,'7028296030','GANESH','','WARE','','AALANDI','PUNE',3,'2018-09-05 11:54:30','2018-09-05 11:54:30',NULL,13,'2018-09-05','inquired about Dezire on call.','Interested'),(156,'7758828803','prashant','','pol','','CHAKAN','PUNE',3,'2018-09-05 11:55:42','2018-09-05 11:55:42',NULL,13,'2018-09-05','inquired about zest on call.','Interested'),(157,'9881253340','DEEPAK','','KUMAR','','PUNE','PUNE',3,'2018-09-06 04:48:42','2018-09-06 04:48:42',NULL,13,'2018-09-06','Inquiry about w/r  on call.','Interested'),(158,'9921803933','ASPAK','','SHAIKH','','pimpri','PUNE',3,'2018-09-06 04:50:12','2018-09-06 04:50:12',NULL,13,'2018-09-06','Inquiry about ETIOS ON CALL.','Interested'),(159,'9604491686','SWARAJ','','SHAIKH','','KATRAJ','PUNE',3,'2018-09-06 05:06:30','2018-09-06 05:06:30',NULL,13,'2018-09-06','Inquiry about X-cent on call','Interested'),(160,'8888685805','5285','','DHUMAL','','SINHGAD ROAD. ','PUNE',3,'2018-09-06 07:10:45','2018-09-06 07:10:45',NULL,13,'2018-09-06','Inquiry about Hexa on call.','Interested'),(161,'9370627291','SACHIN','','GIRI','','PUNE','PUNE',3,'2018-09-06 07:12:52','2018-09-06 07:12:52',NULL,13,'2018-09-06','Inquiry about Dezire on call.','Interested'),(162,'9021890707','AMIT','','SURYANSHI','','SANGVI','PUNE',3,'2018-09-06 07:13:48','2018-09-06 07:13:48',NULL,13,'2018-09-06','Inquiry about Dezire on call.','Interested'),(163,'9881720993','RAVI','','CHANDAN','','PUNE','PUNE',3,'2018-09-06 07:14:40','2018-09-06 07:14:40',NULL,13,'2018-09-06','Inquiry about Dezire on call.','Interested'),(164,'9850594238','SURESH','','KAMBLE','','KOTHRUD','PUNE',3,'2018-09-06 07:15:35','2018-09-06 07:15:35',NULL,13,'2018-09-06','Inquiry about Dezire on call.','Interested'),(165,'7709864070','NIKHIL','','CHINCHWOLIKAR','','ZEST','PUNE',3,'2018-09-06 07:16:30','2018-09-06 07:16:30',NULL,13,'2018-09-06','Inquiry about Zest .','Interested'),(166,'8766557024','RAVINDRA','','PALKHE','','DIGHI','PUNE',3,'2018-09-06 07:17:43','2018-09-06 07:17:43',NULL,13,'2018-09-06','Inquiry about Dezire on call.','Interested'),(167,'8999449389','VISHAL','','RESIDENCY','','HADPSAR','PUNE',3,'2018-09-06 07:18:41','2018-09-06 07:18:41',NULL,13,'2018-09-06','Inquiry about w/r Etios on call.','Interested'),(168,'8788130288','MANGESH','','BHOSALE','','RAJGURUNAGAR','PUNE',3,'2018-09-06 07:19:55','2018-09-06 07:19:55',NULL,13,'2018-09-06','Inquiry about Dezire on call.','Interested'),(169,'7775838380','SUDHIR','','KAMBLE','','AUNDH','PUNE',3,'2018-09-06 07:21:01','2018-09-06 07:21:01',NULL,13,'2018-09-06','Inquiry about Zest on call.','Interested'),(170,'8669030478','RAVI','','DHONDE','','KOTHRUD','PUNE',3,'2018-09-06 08:36:12','2018-09-06 08:36:12',NULL,13,'2018-09-06','Inquiry about Hexa on call.','Interested'),(171,'9765858109','GANESH','','WALEKAR','','','',3,'2018-09-06 08:37:07','2018-09-06 08:37:07',NULL,13,'2018-09-06','Inquiry about w/r  on call.','Interested'),(172,'7798833831','SACHIN','','DOKE','','DHAYRI','PUNE',3,'2018-09-06 08:38:10','2018-09-06 08:38:10',NULL,13,'2018-09-06','Inquiry about innova on call.','Interested'),(173,'9518711637','MANOJ','','PAKHARE','','9518711637','PUNE',3,'2018-09-06 08:40:57','2018-09-06 08:40:57',NULL,13,'2018-09-06','Inquiry about Xcent on call','Interested'),(174,'8888655058','BHUSHAN','','TAWARE','','BHOSARI','PUNE',3,'2018-09-06 09:07:14','2018-09-06 09:07:14',NULL,13,'2018-09-06','Inquiry about Zest in office.','Interested'),(175,'7219410767','SANJAY','','SAPKAL','','WARJEMALWADI','PUNE',3,'2018-09-06 10:11:34','2018-09-06 10:11:34',NULL,13,'2018-09-06','inquired about innova in office.','Interested'),(176,'9011016519','Sashank','','DAMODHAR','','DEHUROAD','PUNE',3,'2018-09-06 11:04:52','2018-09-06 11:04:52',NULL,13,'2018-09-06','Inquired about x--cent in office.','Interested'),(177,'8793862358','Pradeep','','Langhe','','Akurdi','PUNE',3,'2018-09-06 11:08:56','2018-09-06 11:08:56',NULL,13,'2018-09-06','will come to office Inquiry about dezire.','Interested'),(178,'9923308150','ANAND','','BANDAL','','KARAD','PUNE',3,'2018-09-06 11:49:58','2018-09-06 11:49:58',NULL,13,'2018-09-06','inquired about Dezire on call.','Interested'),(179,'9284099726','TANISH','','','','','',4,'2018-09-06 12:06:54','2018-09-06 12:06:54',NULL,12,'2018-09-06','Inquiry about w/r ','Interested'),(180,'9657452110','Dinkar','','','','','dighi',4,'2018-09-06 12:08:44','2018-09-06 12:08:44',NULL,8,'2018-09-06','will visit the office','Interested'),(181,'8788681943','Rajesh','','Patil','','','Kalewadi',4,'2018-09-06 12:09:52','2018-09-06 12:09:52',NULL,3,'2018-09-06','will visit the office','Interested'),(182,'7387177272','Satypal','','Kolhe','','','Pune',4,'2018-09-06 12:11:21','2018-09-06 12:11:21',NULL,8,'2018-09-06','tr not availabe','Interested'),(183,'8446417617','Ganesh','','Borate','','Pune','S.B Road',4,'2018-09-06 12:12:24','2018-09-06 12:12:24',NULL,12,'2018-09-06','will visit the office','Interested'),(184,'9518390383','ROCKY','','KEDARI','','KATRAJ','PUNE',3,'2018-09-06 12:20:24','2018-09-06 12:20:24',NULL,13,'2018-09-06','inquired about X-cent on call.','Interested'),(185,'7020561589','Sambhaji','','Rajpure','','KATRAJ','PUNE',3,'2018-09-06 12:21:29','2018-09-06 12:21:29',NULL,13,'2018-09-06','inquired about Dezire on call.','Interested'),(186,'9130999025','SOMNATH','','','','','BHOSARI',4,'2018-09-07 04:54:59','2018-09-07 04:54:59',NULL,12,'2018-09-06','Inquired about w-r,WILL VISIT THE OFFICE','Interested'),(187,'7887545388','Sunil','','','','','nigadi',4,'2018-09-07 04:55:43','2018-09-07 04:55:43',NULL,6,'2018-09-06','','Interested'),(188,'7350340217','Vasant','','Patil','','','dehugaon',4,'2018-09-07 04:56:37','2018-09-07 04:56:37',NULL,1,'2018-09-06','','Interested'),(189,'9860055877','Sunil','','Tambe','','','Dapodi',4,'2018-09-07 05:00:09','2018-09-07 05:00:09',NULL,8,'2018-09-07','will come to office ','Interested'),(190,'9028730530','SAMIR','','AAREKAR','','BHOSARI','PUNE',3,'2018-09-07 05:52:29','2018-09-07 05:52:29',NULL,13,'2018-09-07','Inquiry about w/r  on call.','Interested'),(191,'9284987624','DATTATRY','','WARE','','KHARADI','PUNE',3,'2018-09-07 06:19:03','2018-09-07 06:19:03',NULL,13,'2018-09-07','Inquiry about Dezire on call.','Interested'),(192,'9082427050','TAKLING','','PADVALE','','KHARADI','PUNE',3,'2018-09-07 06:20:29','2018-09-07 06:20:29',NULL,13,'2018-09-07','Inquiry about w/r  on call.','Interested'),(193,'8669021191','SHIWAN','','SWAMI','','PULGET','PUNE',3,'2018-09-07 06:21:42','2018-09-07 06:22:24',NULL,13,'2018-09-07','Inquiry about w/r  on call.','Interested'),(194,'9067693821','GOPAL','','','','PUNE','PUNE',3,'2018-09-07 08:45:40','2018-09-07 08:45:40',NULL,13,'2018-09-07','inquired about Dezire on call.','Interested'),(195,'9823191872','AKSHAJ','','KUMAVAT','','','PUNE',4,'2018-09-07 08:59:17','2018-09-07 08:59:17',NULL,8,'2018-09-07','Will come to the office','Interested'),(196,'9226935783','Dingabar','','Pingat','','Dhanakwadi','Pune',4,'2018-09-07 09:02:05','2018-09-07 09:02:05',NULL,12,'2018-09-07','Inquired about private car','Interested'),(197,'8329766081','Anil','','Patil','','','Akurdi',4,'2018-09-07 09:09:02','2018-09-07 09:09:02',NULL,8,'2018-09-07','will ','Interested'),(198,'7769020239','Vinay','','Raut','','','Chinchwad',4,'2018-09-07 09:44:00','2018-09-07 09:44:00',NULL,12,'2018-09-07','will visit the office','Interested'),(199,'9637345757','Varda','','','','','PUNE',4,'2018-09-07 09:44:55','2018-09-07 09:44:55',NULL,3,'2018-09-07','will visit the office','Interested'),(200,'9545348274','Manoj','','Sapkal','','PUNE','wagholi',1,'2018-09-07 09:47:10','2018-09-17 14:19:42',NULL,8,'2018-09-07','','Interested'),(201,'9975997848','BHAGWAN','','SURYANSHI','','KATRAJ','PUNE',3,'2018-09-07 09:48:03','2018-09-07 09:48:03',NULL,13,'2018-09-07','inquired about Dezire on call.','Interested'),(202,'9822890364','Mahesh','','Lagad','','BHOSARI','PUNE',3,'2018-09-07 11:45:35','2018-09-07 11:45:35',NULL,13,'2018-09-07','Inquiry about Zest in office.','Interested'),(203,'9975899608','Dipak ','','Dongre','','Dehuroad','Dehuroad',10,'2018-09-07 12:06:46','2018-09-07 12:06:46',NULL,12,'2018-09-07','Inquiry about w/r  on call.','Interested'),(204,'8888610018','chaughule','','chaughule','','chkhalui','',10,'2018-09-08 04:44:46','2018-09-08 04:44:46',NULL,1,'2018-09-08','custumer called for private vehicle','Interested'),(205,'7875108570','Sutak','','sutak','','pune','pune',10,'2018-09-08 04:46:17','2018-09-08 04:46:17',NULL,12,'2018-09-08','Inquiry about w/r  on call.','Interested'),(206,'8888283887','durgesh','','kumar','','yerwada','pune',10,'2018-09-08 04:50:10','2018-09-08 04:50:10',NULL,8,'2018-09-08','Inquiry about Dezire on call.','Interested'),(207,'9049027718','YOGESH','','BHAMBURDE','','ALANDI','PUNE',3,'2018-09-08 05:04:03','2018-09-08 05:04:03',NULL,13,'2018-09-08','inquired about Zest on call.','Interested'),(208,'8999004876','Ishwar','','saruk','','WALEHKARWADI','PUNE',3,'2018-09-08 05:06:12','2018-09-19 06:35:52',NULL,13,'2018-09-08','inquired about x-cent on call.  ','Interested'),(209,'8788133655','Nitin','','','','Pune','Wakad',4,'2018-09-08 05:07:04','2018-09-08 05:07:04',NULL,3,'2018-09-08','will visit the office on 8/9/2018','Interested'),(210,'8600005419 ','saurbh','','ganeshkare','','talegoan','PUNE',10,'2018-09-08 05:07:53','2018-09-08 05:07:53',NULL,1,'2018-09-08','Inquiry about Zest .','Interested'),(211,'8669151700','Ganesh','','','','','Pune',4,'2018-09-08 05:13:51','2018-09-08 05:13:51',NULL,8,'2018-09-08','will visit the office','Interested'),(212,'8147200985','yogesh','','nigadi','','8600005419 ','jalgoan',10,'2018-09-08 05:14:00','2018-09-08 05:14:00',NULL,8,'2018-09-08','Inquiry about Dezire on call.','Interested'),(213,'9922275900 ','rahul','','MORE','','hadapsar','PUNE',10,'2018-09-08 05:53:58','2018-09-08 05:53:58',NULL,8,'2018-09-08','Inquiry about Dezire on call.','Interested'),(214,'9922307101','sagar','','bhogavade','','BHOSARI','PUNE',10,'2018-09-08 06:23:33','2018-09-08 06:23:33',NULL,8,'2018-09-08','Inquiry about Dezire on call.','Interested'),(215,'7058707307','vikas ','','ghosavi','','hadapsar','pune',10,'2018-09-08 06:37:58','2018-09-08 06:37:58',NULL,8,'2018-09-08','Inquiry about Dezire on call.','Interested'),(216,'9604325583','ganesh','','satvadhar','','alandi','pune',10,'2018-09-08 06:43:26','2018-09-08 06:43:26',NULL,8,'2018-09-08','Inquiry about Dezire on call.','Interested'),(217,'7798316226','somnath','','pansare','','BIBVEWADI','',10,'2018-09-08 07:01:29','2018-09-08 07:01:29',NULL,12,'2018-09-08','Inquiry about w/r  on call.','Interested'),(218,'9067866562','Suraj','','','','','Pune',4,'2018-09-08 07:02:09','2018-09-08 07:02:09',NULL,8,'2018-09-08','will visit the office on 8/9/2018','Interested'),(219,'8805181998','Tanaji','','Patole','','','kharadi',4,'2018-09-08 07:07:18','2018-09-08 07:07:18',NULL,8,'2018-09-08','will visit the office on 8/9/2018','Interested'),(220,'7020372631','NILESH','','DESHMUKH','','KHARADI','PUNE',3,'2018-09-08 07:09:16','2018-09-08 07:09:16',NULL,13,'2018-09-08','inquired about Dezire on call.','Interested'),(221,'8888401877','anil','','dadar','','PUNE','PUNE',10,'2018-09-08 07:20:51','2018-09-08 07:20:51',NULL,3,'2018-09-08','Inquiry about Zest .','Interested'),(222,'9284638884','viay','','gade','','danori','PUNE',1,'2018-09-08 07:33:27','2018-09-17 14:20:17',NULL,8,'2018-09-08','Inquiry about Dezire on call.','Interested'),(223,'9325025825','nilesh','','deshmukh','','wakad','',4,'2018-09-08 07:47:54','2018-09-08 07:47:54',NULL,12,'2018-09-08','will visit the office on 8/9/2018','Interested'),(224,'9130090047','MACHINDRA','','','','PIMPRI','PUNE',3,'2018-09-08 07:54:16','2018-09-08 07:54:43',NULL,13,'2018-09-08','Inquired about w-r on call.','Interested'),(225,'8840284108','YADHAV','','','','','',3,'2018-09-08 08:55:27','2018-09-08 08:55:27',NULL,13,'2018-09-08','inquired about X-cent on call.','Interested'),(226,'9881828502','Pradeep','','Ghadge','','DEHUROAD','PUNE',3,'2018-09-08 08:59:12','2018-09-08 09:08:59',NULL,13,'2018-09-08','inquired about Zest in office , customer has no TR.','Interested'),(227,'8180825009','YOGESH','','GANGURDE','','AALANDI','PUNE',3,'2018-09-08 09:04:13','2018-09-08 09:04:13',NULL,13,'2018-09-08','will come to office ','Interested'),(228,'8605256569','ATISH','','SAJID','','KONDHAW','PUNE',3,'2018-09-08 10:17:31','2018-09-08 10:17:31',NULL,13,'2018-09-08','Inquired about X-cent on call.','Interested'),(229,'9823841466','PAVAN','AMRUT','HUNDALEKAR','','KOLHAPUR','PUNE',3,'2018-09-08 11:49:21','2018-09-08 11:49:21',NULL,13,'2018-09-08','will come to office ','Interested'),(230,'9823141715','s','k','khandare','','GOPALPATTI','PUNE',4,'2018-09-08 12:04:05','2018-09-08 12:04:05',NULL,12,'2018-09-08','will come to office ','Interested'),(231,'7796740014','SUMAN','','','','','PUNE',4,'2018-09-08 12:05:04','2018-09-08 12:05:04',NULL,12,'2018-09-08','will come to office ','Interested'),(232,'9834402055','Sharad','','Thorat','','Khadki','Pune',3,'2018-09-09 04:12:44','2018-09-09 04:12:44',NULL,13,'2018-09-09','Inquiry about xcent on call','1'),(233,'8805364660','khandale','','','','Yamunanagar','',3,'2018-09-10 05:25:58','2018-09-10 05:25:58',NULL,13,'2018-09-10','BOOKING  FOR ZEST XM.','Interested'),(234,'9922976309','SACHIN','','PAWAR','','KHADKI','Pune',3,'2018-09-10 05:36:50','2018-09-10 05:36:50',NULL,13,'2018-09-10','INQUIRY ABOUT W/R ON CALL.','Interested'),(235,'9960814175	','sapan','','sapan','','pune','PUNE',10,'2018-09-10 05:53:12','2018-09-10 05:53:12',NULL,12,'2018-09-10','Inquiry about w/r  on call.`','Interested'),(236,'9960504548','SHIVAJI','','Kadam','','vishrantwadi','Pune',3,'2018-09-10 06:42:47','2018-09-10 06:42:47',NULL,13,'2018-09-10','inquiry about zest on call .','Interested'),(237,'9011444065','suraj','','Patil','','Yeravada','Pune',3,'2018-09-10 06:46:18','2018-09-10 06:47:20',NULL,13,'2018-09-10','will visit the office Today 1 pm.','Interested'),(238,'8888539557','bablu','','dhera','','camp','PUNE',10,'2018-09-10 07:25:30','2018-09-10 07:25:30',NULL,8,'2018-09-10','Inquiry about Dezire on call.','Interested'),(239,'7004470716','SUSHIL ','','KUMAR','','','HINJEWADI',4,'2018-09-10 08:38:35','2018-09-10 08:38:35',NULL,6,'2018-09-10','private car','Interested'),(240,'8788648832','SANJAY','','SHINDE','','','THERGAON',4,'2018-09-10 08:41:38','2018-09-10 08:41:38',NULL,3,'2018-09-10','will come to office ','Interested'),(241,'9637927756','SHIVAJI ','','MANE','','','PUNE',4,'2018-09-10 08:42:37','2018-09-10 08:42:37',NULL,8,'2018-09-10','will come to office ','Interested'),(242,'9145299005','AMOL','','DAMLE','','','THARMAX CHOWK',4,'2018-09-10 08:51:15','2018-09-10 08:51:15',NULL,3,'2018-09-10','WILL VISIT THE OFFICE','Interested'),(243,'8766728107','NIVRUTTI','','KAVALE','','','KONDHAVA',4,'2018-09-10 08:57:10','2018-09-10 08:57:10',NULL,3,'2018-09-10','will come to office ','Interested'),(244,'9834848189','SOHEL','','','','','HADAPSAR',4,'2018-09-10 08:58:19','2018-09-10 08:58:19',NULL,9,'2018-09-10','WILL VISIT THE OFFICE','Interested'),(245,'9767027865','SIRAJ','','SHAIKH','','','HADAPSAR',4,'2018-09-10 08:59:05','2018-09-10 08:59:05',NULL,3,'2018-09-10','will come to office ','Interested'),(246,'9767472807','MAGAR','','','','Pune','Pune',3,'2018-09-10 09:57:22','2018-09-10 09:57:22',NULL,13,'2018-09-10','inquiry about zest on call .','Interested'),(247,'9143035858','RAJ','','PISAL','','KASARWADI','PUNE',3,'2018-09-10 09:58:21','2018-09-10 09:58:21',NULL,13,'2018-09-10','will visit the office','Interested'),(248,'9527903718','SANTOSH','','RAUT','','KASARWADI','PUNE',3,'2018-09-10 10:02:12','2018-09-10 10:02:12',NULL,13,'2018-09-10','will visit the office','Interested'),(249,'8484840817','SUNIL','','LONDHE','','KOTHRUD','PUNE',3,'2018-09-10 10:03:43','2018-09-10 10:03:43',NULL,13,'2018-09-10','will visit the office','Interested'),(250,'9822522101','suresh','','butada','','bopodi','PUNE',10,'2018-09-10 10:55:52','2018-09-10 10:55:52',NULL,8,'2018-09-10','Inquiry about Dezire on call.','Interested'),(251,'9096664247','YOGESH','','DESHMUKH','','NIGDI','PUNE',3,'2018-09-10 11:42:55','2018-09-10 11:43:39',NULL,13,'2018-09-10','inquired about zest IN office.','Interested'),(252,'8788474343','SACHIN','','JADHAV','','HADPSAR','PUNE',3,'2018-09-10 11:46:05','2018-09-10 11:46:05',NULL,13,'2018-09-10','will come to office ','Interested'),(253,'9145428292','VIJAY','','GADE','','DHANORI','PUNE',3,'2018-09-10 11:54:29','2018-09-22 08:36:32',NULL,6,'2018-09-10','will come to office Inquiry about w/r on call. BOOKED ON 22/9/2018','Interested'),(254,'8956152352','ABHAY','','BHOSALE','','BALAJINAGAR','PUNE',3,'2018-09-10 11:55:22','2018-09-10 11:55:22',NULL,13,'2018-09-10','will come to office ','Interested'),(255,'9657533030','hemant','','gikwad','','hadapsar','PUNE',10,'2018-09-11 04:54:40','2018-09-11 04:54:40',NULL,12,'2018-09-11','Inquiry about w/r  on call.','Interested'),(256,'7020488909','Laxman','','Laxman','','','',10,'2018-09-11 05:12:48','2018-09-11 05:12:48',NULL,12,'2018-09-11','Inquiry about etios .','Interested'),(257,'9511732438','pavan','','sing','','chandrapur','chandrapur',10,'2018-09-11 05:35:10','2018-09-11 05:35:10',NULL,6,'2018-09-10','Inquiry about xcent on call.','Interested'),(258,'9765946686','mahadev','','somaji','','kondva','pune',10,'2018-09-11 05:36:15','2018-09-11 05:36:15',NULL,6,'2018-09-11','will visit the office','Interested'),(259,'7620372011','YOGESH','','PAKHALE','','MOSHI','PUNE',3,'2018-09-11 05:43:54','2018-09-11 05:43:54',NULL,13,'2018-09-11','CUSTOMER WILL COME  IN OFFICE TODAY WITH DOC.FOR BOOKING.','Interested'),(260,'8208654910','AMER','','CHAVAN','','KARAD','KARAD',3,'2018-09-11 05:47:30','2018-09-11 05:47:30',NULL,13,'2018-09-11','Inquiry about innova on call .','Interested'),(261,'9552912105','amol','','markad','','NAGAR','ahamadnagar',10,'2018-09-11 05:48:59','2018-09-11 05:48:59',NULL,4,'2018-09-11','will visit the office','Interested'),(262,'8087261194','shraman','','sarvade','','kolhapur','kolhapur',10,'2018-09-11 05:53:17','2018-09-11 05:53:17',NULL,12,'2018-09-11','Inquiry about Dezire on call.','Interested'),(263,'7972554509','Dattatry','','Gaikwad','','SANGVI','PUNE',3,'2018-09-11 05:55:10','2018-09-11 05:55:10',NULL,13,'2018-09-11','inquired about innova ON CALL.','Interested'),(264,'9082607700   ','kamlesh','','arora','','thane','thane',10,'2018-09-11 05:56:57','2018-09-11 05:56:57',NULL,3,'2018-09-11','Inquiry about Zest .','Interested'),(265,'9920403605','prashant','','prashant','','nalasopara','thane',10,'2018-09-11 06:02:14','2018-09-11 06:02:14',NULL,1,'2018-09-11','Inquiry about Zest .','Interested'),(266,'9860845669','malinath','','awate','','mundva','pune',10,'2018-09-11 06:11:14','2018-09-11 06:11:14',NULL,1,'2018-09-11','Inquiry about Dezire on call.','Interested'),(267,'7021469656','javed','','shaikh','','goregoan','mumbai',10,'2018-09-11 06:15:48','2018-09-11 06:15:48',NULL,7,'2018-09-11','will visit the office','Interested'),(268,'7506018951','DEEPAK','','BHUJBAL','','NAVI MUMBAI','NAVI MUMBAI',10,'2018-09-11 06:18:09','2018-09-11 06:18:09',NULL,3,'2018-09-11','will visit the office','Interested'),(269,'9766639064','SAIF','','IRFAN','','NANDED','NANDED',10,'2018-09-11 06:24:19','2018-09-11 06:24:19',NULL,8,'2018-09-11','Inquiry about Dezire on call.','Interested'),(270,'8830783974','AKASH','','KADAM','','PUNE','PUNE',10,'2018-09-11 07:12:49','2018-09-11 07:12:49',NULL,8,'2018-09-11','Inquiry about Dezire on call.','Interested'),(271,'9404506814','sushant','','kadam','','pune','pune',10,'2018-09-11 07:16:04','2018-09-11 07:16:04',NULL,2,'2018-09-11','Inquiry about Dezire on call.`','Interested'),(272,'9131650683','SANTOSH','','Ray','','PUNE','pune',3,'2018-09-11 07:31:13','2018-09-11 07:31:13',NULL,13,'2018-09-11','inquiry about W/R on call.','Interested'),(273,'7972744150','RAVINDRA','','ZAWARE','','SINHGADROAD','PUNE',3,'2018-09-11 07:56:50','2018-09-11 07:56:50',NULL,13,'2018-09-11','INQUIRY ABOUT INDICA INDIGO,,ETC CUSTOMER WILL COME OFFICE.','Interested'),(274,'8605808705','AMIT','','KEDARI','','MORGONE','PUNE',3,'2018-09-11 08:03:33','2018-09-11 08:03:33',NULL,13,'2018-09-11','will visit the office Inquiry about indica indigo.','Interested'),(275,'9309719978','vijay','','nikam','','nagar','NAGAR',10,'2018-09-11 08:40:28','2018-09-11 08:40:28',NULL,2,'2018-09-11','Inquiry about Dezire on call.','Interested'),(276,'9890792800','SHAKIL','','SHAIKH','','NANDED','PUNE',3,'2018-09-11 08:46:20','2018-09-11 08:46:20',NULL,13,'2018-09-11','INQUIRY ABOUT INDICA ,INDIGO,ZEST CUSTOMER WILL COME IN OFFICE.','Interested'),(277,'9960156592   ','gautam','','chatale','','solapur','solapur',10,'2018-09-11 08:49:40','2018-09-11 08:49:40',NULL,8,'2018-09-11','Inquiry about Dezire on call.','Interested'),(278,'9767974181','NANDU','','KARANJEKAR','','CHAKAN','PUNE',3,'2018-09-11 09:06:50','2018-09-11 09:06:50',NULL,13,'2018-09-11','INQUIRY ABOUT X-CENT ON CALL .','Interested'),(279,'8208231823','gorak','','karande','','phaltan','phaltan',10,'2018-09-11 09:07:53','2018-09-11 09:07:53',NULL,8,'2018-09-11','Inquiry about w/r  on call.','Interested'),(280,'7410503644','ASHOK','','GAIKWAD','','','CHINCHWAD',4,'2018-09-11 09:43:32','2018-09-11 09:43:32',NULL,1,'2018-09-10','will come to office ','Interested'),(281,'7507135231','KIRAN','','KAMBLE','','PUNE','PUNE',3,'2018-09-11 10:33:56','2018-09-11 10:33:56',NULL,13,'2018-09-11','inquiry about indika , indigo, zest. on call .','Interested'),(282,'8793780556','kartik','','kartik','','kharadi','pune',10,'2018-09-11 10:40:58','2018-09-11 10:40:58',NULL,3,'2018-09-11','Inquiry about Zest .','Interested'),(283,'9359252788','Ravinaryan','','Kapre','','Ranjangone','PUNE',3,'2018-09-11 11:02:33','2018-09-11 11:02:33',NULL,13,'2018-09-11','inquiry about xcent on call.','Interested'),(284,'9960270999','somnath','','paralkar','','latur','latur',10,'2018-09-11 11:07:41','2018-09-11 11:07:41',NULL,8,'2018-09-11','Inquiry about Dezire on call.','Interested'),(285,'9571173234','rajendra','','mali','','pune','pune',10,'2018-09-11 11:11:20','2018-09-11 11:11:20',NULL,8,'2018-09-11','Inquiry about Dezire on call.','Interested'),(286,'9657610603','nitin ','','patewali','','pune','pune',10,'2018-09-11 11:12:52','2018-09-11 11:12:52',NULL,8,'2018-09-11','Inquiry about Dezire on call.','Interested'),(287,'8668460069','akash','','dhotre','','pune','pune',10,'2018-09-11 11:20:43','2018-09-11 11:20:43',NULL,7,'2018-09-11','will visit the office','Interested'),(288,'8329270057','ARJUN','','AWATADE','','AKURDI','PUNE',3,'2018-09-11 11:31:05','2018-09-11 11:31:05',NULL,13,'2018-09-11','INQIRE ABOUT X-CENT ON CALL. CUSTOMER WILL COME IN OFFICE.','Interested'),(289,'7720023315','SWAPNIL','','AHIRE','','CHAKAN','PUNE',3,'2018-09-11 11:36:16','2018-09-11 11:36:16',NULL,13,'2018-09-11','inquiry about w/r on call.','Interested'),(290,'94144052893','yash','','y','','pune','pune',10,'2018-09-11 11:39:44','2018-09-11 11:39:44',NULL,6,'2018-09-11','will visit the office','Interested'),(291,'9767294034','santosh','','wagmare','','pune','pune',10,'2018-09-11 11:44:42','2018-09-11 11:44:42',NULL,7,'2018-09-11','will visit the office','Interested'),(292,'9146711762','chaitanya','','kadam','','sangvi','pune',10,'2018-09-11 11:52:44','2018-09-11 11:52:44',NULL,3,'2018-09-11','Inquiry about Zest .','Interested'),(293,'9527088383','dilip','','more','','indapur','pune',10,'2018-09-11 11:55:44','2018-09-11 11:55:44',NULL,7,'2018-09-11','will visit the office','Interested'),(294,'8668805243','nasir','','shaikh','','satara','satara',10,'2018-09-11 11:59:07','2018-09-11 11:59:07',NULL,6,'2018-09-11','will visit the office','Interested'),(295,'8421103923','sameer','','s','','NANDED','NANDED',10,'2018-09-11 12:02:58','2018-09-11 12:02:58',NULL,8,'2018-09-11','Inquiry about Dezire on call.','Interested'),(296,'8805015462','mahesh','','mosangi','','wakad','pune',10,'2018-09-11 12:14:15','2018-09-11 12:14:15',NULL,1,'2018-09-11','Inquiry about Zest .','Interested'),(297,'9412951415','ganesh','','negi','','pune','pune',10,'2018-09-11 12:17:44','2018-09-11 12:17:44',NULL,11,'2018-09-11','will visit the office','Interested'),(298,'9096737684','kisan','','m','','shikrapur','pune',10,'2018-09-11 12:21:10','2018-09-11 12:21:10',NULL,12,'2018-09-11','Inquiry about w/r  on call.','Interested'),(299,'9373677922','vinod','','choudhari','','akola','akola',10,'2018-09-11 12:27:13','2018-09-11 12:27:13',NULL,11,'2018-09-11','Inquiry about innova on call.','Interested'),(300,'7448021515','LAKHAN ','DHANAJI','KAMBLE','','','SANGOLA',4,'2018-09-12 04:41:54','2018-09-12 04:41:54',NULL,8,'2018-09-12','will come to office ','Interested'),(301,'8669355453','ARUN','','PATIL','','','RAVET',4,'2018-09-12 04:45:26','2018-09-12 04:45:26',NULL,1,'2018-09-12','will come to office ','Interested'),(302,'9284518608','SASHRI','','','','SINHGADROAD','PUNE',3,'2018-09-12 04:50:28','2018-09-12 04:50:28',NULL,13,'2018-09-12','Inquiry about innova on call.','Interested'),(303,'8668674258','JANARDHAN','','TIKKA','','NIGDI','',3,'2018-09-12 05:00:33','2018-09-12 05:00:33',NULL,13,'2018-09-12','INQUIRY ABOUT ZEST CALL.','Interested'),(304,'9767508307','JITENDRA','','JADHAV','','','HINJEWADI',4,'2018-09-12 05:09:49','2018-09-12 05:09:49',NULL,1,'2018-09-12','will come to office ','Interested'),(305,'9158970184','BHAGWAN','','MAHAR','','','PIMPRI',4,'2018-09-12 05:11:10','2018-09-12 05:11:10',NULL,8,'2018-09-12','WILL','Interested'),(306,'8421617236','J','','RIKAME','','','BHOSARI',4,'2018-09-12 05:14:15','2018-09-12 05:14:15',NULL,3,'2018-09-12','will come to office ','Interested'),(307,'7262878663','YOGESH','','JADHAV','','DIGHI','PUNE',3,'2018-09-12 05:37:08','2018-09-12 05:37:08',NULL,13,'2018-09-12','WILL COME FOR BOOKING TATA ZEST. EXPLANE PALNE ON 12/9/2018 MYSELF.','Interested'),(308,'9092443021 9867443021','AJINKYA ','','MEHANDALE','','MUMBAI','PUNE',3,'2018-09-12 06:14:38','2018-09-12 06:14:38',NULL,13,'2018-09-12','will come to office ','Interested'),(309,'7350657393','bhaleroa','','b','','junnar','pune',10,'2018-09-12 06:34:27','2018-09-12 06:34:27',NULL,7,'2018-09-12','will visit the office','Interested'),(310,'7798113538','SATISH','','SHENDGE','','WAKAD','PUNE',3,'2018-09-12 06:34:41','2018-09-12 06:34:41',NULL,13,'2018-09-12','INQUIRY ABOUT INNOVA IN OFFICE.','Interested'),(311,'7620940300','AAKASH','','NAVLE','','DABHOLSAR','PUNE',3,'2018-09-12 06:58:39','2018-09-12 06:58:39',NULL,13,'2018-09-12','inquired about indica on call','Interested'),(312,'9867512178','a','','landage','','sahakar nagar','pune',10,'2018-09-12 07:06:11','2018-09-12 07:06:11',NULL,12,'2018-09-12','Inquiry about w/r  on call.','Interested'),(313,'8855023739','vikas','','s','','lonavala','pune',10,'2018-09-12 09:04:04','2018-09-12 09:04:04',NULL,7,'2018-09-12','Inquiry about Dezire on call.','Interested'),(314,' 8855023739','ravi','','gavali','','chiplun','ratnagiri',10,'2018-09-12 09:11:50','2018-09-12 09:11:50',NULL,3,'2018-09-12','Inquiry about Zest .','Interested'),(315,'8669213245','tushar','','bhaviskar','','nashik','nashik',10,'2018-09-12 09:24:05','2018-09-12 09:24:05',NULL,12,'2018-09-12','Inquiry about w/r  on call.','Interested'),(316,'9689894627','Swapnil','','Bharne','','AALANDI','PUNE',3,'2018-09-12 09:28:22','2018-09-12 09:28:22',NULL,13,'2018-09-12','inquired about W/R on call.','Interested'),(317,'9588422622','rajiv','','b','','shirdi','shirdi',10,'2018-09-12 09:49:53','2018-09-12 09:49:53',NULL,7,'2018-09-12','will visit the office','Interested'),(318,'8849542528','arwind','','kumar','','khadaki','pune',10,'2018-09-12 10:01:20','2018-09-12 10:01:20',NULL,9,'2018-09-12','Inquiry about Dezire on call.','Interested'),(319,'7719898568','SAWANT','','BANSE','','PUNE','PUNE',3,'2018-09-12 10:30:35','2018-09-12 10:30:35',NULL,13,'2018-09-12','will come to office ','Interested'),(320,'9225527456','Asis ','','patel','','sangli','sangli',10,'2018-09-12 10:52:25','2018-09-12 10:52:25',NULL,8,'2018-09-12','Inquiry about Dezire on call.','Interested'),(321,'8169482006','ANUSHREE','','GURARV','','parel','MUMBAI',3,'2018-09-12 10:53:15','2018-09-12 10:53:15',NULL,13,'2018-09-12','will visit the office','Interested'),(322,'8437729919','MR','','LOKHANE','','HADPSAR','PUNE',3,'2018-09-12 11:06:36','2018-09-12 11:06:36',NULL,13,'2018-09-12','will visit the office Inquiry about innova.','Interested'),(323,'8850780452','ATUL','','D','','MUMBAI','MUMBAI',10,'2018-09-12 12:03:20','2018-09-12 12:03:20',NULL,1,'2018-09-12','Inquiry about Zest .','Interested'),(324,'9011771179','SWAPNIL','','AARGADE','','Nashik','Nashik',3,'2018-09-12 12:15:17','2018-09-12 12:15:17',NULL,13,'2018-09-12','will visit the office Inquiry about innova.','Interested'),(325,'8530033746','SONU','','CHOURASIYA','','hinjwadi','PUNE',3,'2018-09-14 05:03:00','2018-09-14 05:03:28',NULL,13,'2018-09-14','inquiry about zest on call .','Interested'),(326,'7020219577','BALAJI','','GORE','','MOSHI','PUNE',3,'2018-09-14 05:07:46','2018-09-14 05:07:46',NULL,13,'2018-09-14','inquiry about Dezire on call .','Interested'),(327,'9970020363','NITIN','','PAWAR','','DIGHI','PUNE',3,'2018-09-14 05:46:52','2018-09-14 05:46:52',NULL,13,'2018-09-14','COME FOR ZEST XM BOOKING .','Interested'),(328,'9657614702','NANASAEHB','BHIKAJI','GADHE','','RAHURI','AHMEDNAGAR',3,'2018-09-14 05:55:10','2018-09-14 05:55:10',NULL,13,'2018-09-14','INQUIRY ABOUT W/R ON CALL. ','Interested'),(329,'1021223','SUHASH','','TUPE','','PIMPRI','PUNE',3,'2018-09-14 06:55:59','2018-09-14 06:55:59',NULL,13,'2018-09-14','INQUIRY ABOUT W/R ON CALL .','Interested'),(330,'9623816999','MANOJ','','KUMBHAR','','BALEWADI','PUNE',3,'2018-09-14 06:58:27','2018-09-14 06:58:27',NULL,13,'2018-09-14','INQUIRY ABOUT ETIOS ON CALL.','Interested'),(331,'8668862263','firoz','','s','','pune','pune',1,'2018-09-14 07:02:47','2018-09-17 14:20:59',NULL,9,'2018-09-14','inquired about Dezire on call.','Interested'),(332,'70660063881','suhas','','tupe','','pune','chikali',10,'2018-09-14 07:05:04','2018-09-14 07:05:04',NULL,12,'2018-09-14','will come to office ','Interested'),(333,'8530366306','ARJUN','','DANDGULE','','UMARGA','SOLAPUR',3,'2018-09-14 07:10:06','2018-09-14 07:10:06',NULL,13,'2018-09-14','INQUIRY ABOUT ETIOS ON CALL.','Interested'),(334,'9226431081','SACHIN','','PATIL','','AMRAWATI','AMRAWATI',3,'2018-09-14 07:11:32','2018-09-14 07:11:32',NULL,13,'2018-09-14','INQUIRY ABOUT ZEST ON CALL.','Interested'),(335,'9881187363','NAVNATH','','POKHARKAR','','MANCHAR','PUNE',3,'2018-09-14 07:16:51','2018-09-14 07:16:51',NULL,13,'2018-09-14','inquiry about Dezire on call .','Interested'),(336,'8308073520','kaniknath','','khawale','','nigdi','PUNE',10,'2018-09-14 07:33:04','2018-09-14 07:33:04',NULL,2,'2018-09-14','will come to office ','Interested'),(337,'8329037715','yogesh','','kamle','','satara','satara',10,'2018-09-14 07:35:27','2018-09-14 07:35:27',NULL,8,'2018-09-14','will come to office ','Interested'),(338,'7972349595','MAHAJID','','SHAIKH','','PIMPRI','PUNE',3,'2018-09-14 07:51:30','2018-09-14 07:51:30',NULL,13,'2018-09-14','INQUIRY ABOUT W/R ON CALL.','Interested'),(339,'9923992703','annasaheb','','devkate','','wakad','pune',10,'2018-09-14 07:56:49','2018-09-14 07:56:49',NULL,12,'2018-09-14','will come to office ','Interested'),(340,'9518779829','PRAVIN','','KHAIRNAR','','PANSHET','PUNE',3,'2018-09-14 08:27:43','2018-09-14 08:27:43',NULL,13,'2018-09-14','inquiry about W/R ON CALL.','Interested'),(341,'8208735871','ASHOK','','JAGTAP','','BANER','PUNE',3,'2018-09-14 08:48:08','2018-09-14 08:48:08',NULL,13,'2018-09-14','will visit the office ,Inquiry about dezire.','Interested'),(342,'7517731383','M','','mane','','pshan','pune',10,'2018-09-14 11:35:33','2018-09-14 11:35:33',NULL,2,'2018-09-14','will visit the office','Interested'),(343,'9284456097','RAHUL','','SOUDE','','UTTAMNAGAR','PUNE',3,'2018-09-14 12:02:10','2018-09-14 12:02:10',NULL,13,'2018-09-14','INQUIRY ABOUT INDICA ZEST ON CALL.','Interested'),(344,'8888379326','sachin','','kamle','','hadapsar','pune',10,'2018-09-14 12:15:29','2018-09-14 12:15:29',NULL,12,'2018-09-14','will visit the office','Interested'),(345,'7020223878','KUTE','','','','MUMBAI','MUMBAI',3,'2018-09-15 04:43:05','2018-09-15 04:43:05',NULL,13,'2018-09-15','INQUIRY ABOUT W/R CUSTOMER WILL COME TODAY IN OFFICE.','Interested'),(346,'9145413557','SAGAR','','JADHAV','','BARAMATI','BARAMATI',3,'2018-09-15 04:44:09','2018-09-15 04:44:09',NULL,13,'2018-09-15','INQUIRY BAOUT ETIOS ON CALL.','Interested'),(347,'7709609124','KRUSHNA','','MARWADI','','NASRAPUR','NASRAPUR',3,'2018-09-15 04:55:59','2018-09-15 04:55:59',NULL,13,'2018-09-15','INQUIRY ABOUT HEXA ON CALL','Interested'),(348,'7972054632','NILESH','','BELDAR','','','BHOSARI',4,'2018-09-15 04:59:50','2018-09-15 04:59:50',NULL,3,'2018-09-15','will come to office ','Interested'),(349,'9604069555','YOGESH','','RANAVARE','','','KAREGAON PARK',4,'2018-09-15 05:03:36','2018-09-15 05:03:36',NULL,3,'2018-09-12','will come to office ','Interested'),(350,'7350628447','DATTATRY','','RAJGURU','','BHORARI','PUNE',3,'2018-09-15 05:20:03','2018-09-15 05:20:03',NULL,13,'2018-09-15','inquiry about iNNOVA ON CALL . CUSTOMER WILL  COME ON OFFICE.','Interested'),(351,'7075613734','DEVIDAS','','FUNDE','','BHIMA KOREGONE','PUNE',3,'2018-09-15 05:35:21','2018-09-15 05:35:21',NULL,13,'2018-09-15','INQUIRY ABOUT DEZIRE ON CALL','Interested'),(352,'9096673648','RAM','','PATHKAR','','NANDED CITY','PUNE',3,'2018-09-15 05:38:27','2018-09-15 05:38:27',NULL,13,'2018-09-15','inquiry about Dezire on call .','Interested'),(353,'9623609797','NITIN','','DIGE','','NEAR ROSHAL GARDEN','BHOSARI',4,'2018-09-15 05:43:53','2018-09-15 05:43:53',NULL,8,'2018-09-15','will come to office ','Interested'),(354,'9975545061','Samadhan','','BHANGE','','','charoli',4,'2018-09-15 05:51:24','2018-09-15 05:51:24',NULL,12,'2018-09-15','will come to office ','Interested'),(355,'9921331218','gokul','','','','','PUNE',4,'2018-09-15 05:52:44','2018-09-15 05:52:44',NULL,8,'2018-09-15','private car','Interested'),(356,'7620044165','JAIN','','','','','AHMADNAGAR',4,'2018-09-15 05:57:55','2018-09-15 05:57:55',NULL,8,'2018-09-15','will come to office ','Interested'),(357,'9149843711','Ankush','','n','','pune','pune',10,'2018-09-15 06:56:25','2018-09-15 06:56:25',NULL,9,'2018-09-15','will visit the office','Interested'),(358,'8459829771','SACHIN','','BHOSALE','','SHIVAJINAGAR','PUNE',3,'2018-09-15 07:52:33','2018-09-15 07:52:33',NULL,13,'2018-09-15','INQUIRY ABOUT XCENT ON CALL.','Interested'),(359,'9604383441','BALU','','MANALE','','','',4,'2018-09-15 10:08:55','2018-09-15 10:08:55',NULL,12,'2018-09-15','W','Interested'),(360,'8805788805','NAGNATH','','RADDY','','CHINCHWAD','PUNE',3,'2018-09-17 06:26:28','2018-09-17 06:26:28',NULL,13,'2018-09-17','INQUIRY ABOUT DEZIRE & ZEST IN OFFICE.','Interested'),(361,'9922092245','DATTATRY','','BHUMBAR','','ALANDI','PUNE',3,'2018-09-17 06:50:07','2018-09-17 06:50:07',NULL,13,'2018-09-17','INQUIRY ABOUT ZEST ON CALL ','Interested'),(362,'8956129338','D','','Deshmukh','','wagholi','wagholi',10,'2018-09-17 07:01:07','2018-09-17 07:01:07',NULL,2,'2018-09-17','will visit the office','Interested'),(363,'8975059106','irfan','','jamadhar','','lohgoan','pune',10,'2018-09-17 07:02:01','2018-09-17 07:02:01',NULL,2,'2018-09-17','will visit the office','Interested'),(364,'8888820143','machindra ','','gurav','','narayan peth','pune',10,'2018-09-17 07:03:07','2018-09-17 07:03:07',NULL,7,'2018-09-17','will visit the office','Interested'),(365,'9922175858','santosh ','','randive','','nagar','pune',10,'2018-09-17 07:04:20','2018-09-17 07:04:20',NULL,7,'2018-09-17','will visit the office','Interested'),(366,'9284365153','suresh','','hingre','','pune','pune',10,'2018-09-17 07:05:12','2018-09-17 07:05:12',NULL,3,'2018-09-17','will visit the office','Interested'),(367,'7020571728','KETAN','','BORADHE','','PIMPRI CHINCHAWD.','PUNE',3,'2018-09-17 07:09:13','2018-09-17 07:09:13',NULL,13,'2018-09-17',' INQUIRY ABOUT ZEST ON CALL.7020','Interested'),(368,'7720091046','VISHAL','','KURADHE','','CHIKHALI','PUNE',3,'2018-09-17 08:20:53','2018-09-17 08:20:53',NULL,13,'2018-09-17','INQUIRY ABOUT ZEST XE IN OFFICE. CUSTOMER WILL COME FOR BOOKING AFTER 10/12 DAYS.','Interested'),(369,'9623229977','UMESH','','','','','PIMPRI',4,'2018-09-17 08:39:40','2018-09-17 08:39:40',NULL,8,'2018-09-17','WILL VISIT THE OFFICE','Interested'),(370,'926221275','TABIS','','','','Pune','PUNE',3,'2018-09-17 08:43:43','2018-09-17 08:43:43',NULL,13,'2018-09-17','will visit the office','Interested'),(371,'8888498080','RAMCHANDRA','ANAND','JADHAV','','UTTAMNAGAR','PUNE',3,'2018-09-17 09:19:29','2018-09-17 09:19:29',NULL,13,'2018-09-17','will visit the office FOR BOOKING','Interested'),(372,'9730665793','tukaram','','m','','chichwad','pune',10,'2018-09-17 09:21:20','2018-09-17 09:21:20',NULL,2,'2018-09-17','will visit the office','Interested'),(373,'8324763651','anand','','p','','chikali','pune',10,'2018-09-17 09:22:33','2018-09-17 09:22:33',NULL,8,'2018-09-17','Inquiry about Dezire on call.','Interested'),(374,'9112319404','TUSHAR','','PAWAR','','WARJE','PUNE',3,'2018-09-17 11:33:32','2018-09-17 11:33:32',NULL,13,'2018-09-17','INQUIRY ABOUT ZET ON CALL.','Interested'),(375,'9545660816','SATISH','','KAMBLE','','DEHUROAD','PUNE',3,'2018-09-17 11:44:29','2018-09-17 11:44:29',NULL,13,'2018-09-17','inquiry about w/r on call .','Interested'),(376,'9146025380','RAJU','','','','PUNE','PUNE',3,'2018-09-18 05:05:48','2018-09-18 05:05:48',NULL,6,'2018-09-18','INQUIRY ABOUT X-CENT ','Interested'),(377,'8208940761','ATUL','','ZAGDE','','SANGVI','PUNE',3,'2018-09-18 05:12:09','2018-09-18 05:12:09',NULL,1,'2018-09-18','inquiry about Zest on call ','Interested'),(378,'9271822212','NILESH','','MASKE','','karjat','PUNE',3,'2018-09-18 06:01:36','2018-09-18 06:01:36',NULL,12,'2018-09-18','inquiry about w/r on call for privet.','Interested'),(379,'8956707123','BHAGWAT','','','','SHIRUR','PUNE',3,'2018-09-18 06:09:35','2018-09-18 06:09:35',NULL,9,'2018-09-18','inquiry about Dezire on call .','Interested'),(380,'9850562843','SOMNATH','BANDU','JADHAV','','DHANKAWADI','PUNE',3,'2018-09-18 10:02:02','2018-09-18 10:02:02',NULL,13,'2018-09-18','will visit the office . Inquiry about innova .he will come for booking.','Interested'),(381,'8329179833','bhushan','','Fulpagare','','kalewadi','PUNE',3,'2018-09-18 10:04:28','2018-09-18 10:04:28',NULL,1,'2018-09-18','','Interested'),(382,'7720911997','SANTOSH','','GAIKWAD','','','',4,'2018-09-18 11:10:58','2018-09-18 11:10:58',NULL,4,'2018-09-18','Inquiry about innova','Interested'),(383,'9545933979','mayur ','','gaikwad','','Yeravada','PUNE',3,'2018-09-18 12:30:07','2018-09-18 12:30:07',NULL,3,'2018-09-18','will visit the office','Interested'),(384,'9975752279','Jaywant','','','','','pune station',4,'2018-09-18 14:55:07','2018-09-18 14:55:07',NULL,3,'2018-09-18','will con','Interested'),(385,'8999548390','Mohsin','','','','','kalewadi',4,'2018-09-18 14:57:42','2018-09-18 14:57:42',NULL,3,'2018-09-18','will come to office','Interested'),(386,'8766912633','ABHISHAIKH','','JADHAV','','DIGHI','PUNE',3,'2018-09-19 05:09:19','2018-09-19 05:09:19',NULL,4,'2018-09-19','INQUIRY ABOUT HEXA ON CALL.','Interested'),(387,'9422817393','NAMDEV','','KOLUKARE','','','',3,'2018-09-19 05:10:39','2018-09-19 05:10:39',NULL,12,'2018-09-19','INQUIRY ABOUT W/R ON CALL.','Interested'),(388,'8668604434','NAIK','','','','KHADKI ','PUNE',3,'2018-09-19 05:37:21','2018-09-19 05:37:21',NULL,13,'2018-09-19','will visit the office INQUIRY ABOUT EECO,ERTIGA,...','Interested'),(389,'8830900946','PRADEEP','','SAWASE','','HADPSAR','PUNE',3,'2018-09-19 05:40:13','2018-09-19 05:40:13',NULL,1,'2018-09-19','inquiry about zest on call .','Interested'),(390,'9970868601','Vishal','','','','','pune',10,'2018-09-19 05:42:08','2018-09-19 05:43:10',NULL,13,'2018-09-19','fgashd','Booked'),(391,'7775811146','AKSHAY','','PATANKAR','','','',4,'2018-09-19 06:53:34','2018-09-19 06:53:34',NULL,13,'2018-09-19','will come to office, DP 4 LAXC','Interested'),(392,'8830960472','suraj','','m','','dighi','pune',10,'2018-09-19 06:56:29','2018-09-19 06:56:29',NULL,8,'2018-09-19','for office visit','Interested'),(393,'9146924152','Surbhi','','','','','Pune',1,'2018-09-19 07:21:39','2018-09-19 07:21:39',NULL,13,'2018-09-19','','1'),(394,'7875406165','Havesh','','Landge','','','sinhgad road',4,'2018-09-19 07:33:10','2018-09-19 07:33:10',NULL,13,'2018-09-19','indica','1'),(395,'7020048659','Firoz','','khan','','','aurangabad',4,'2018-09-19 09:42:04','2018-09-19 09:42:04',NULL,13,'2018-09-19','etios','1'),(396,'9168165424','sanjay','','shinde','','','kothrude',4,'2018-09-19 10:09:57','2018-09-19 10:09:57',NULL,13,'2018-09-19','inquired about indica ,will visit the office ','Interested'),(397,'9833093555','suraj','','mawade','','DIGHI','PUNE',3,'2018-09-19 10:41:47','2018-09-19 10:41:47',NULL,8,'2018-09-19','inquiry about Dezire in office.','Interested'),(398,'9623564001','VAIBHAV','','KADU','','','PASHAN',4,'2018-09-19 11:00:46','2018-09-19 11:00:46',NULL,12,'2018-09-19','WILL VISIT THE OFFICE','Interested'),(399,'9325137858','Vitthal','','Bondar','','Osmanabad','PUNE',3,'2018-09-19 11:11:31','2018-09-19 11:11:31',NULL,6,'2018-09-19','will visit the office For x-cent privet / TR .','Interested'),(400,'8208690678','santosh','','jadhav','','','kalewadi',4,'2018-09-20 04:40:54','2018-09-20 04:40:54',NULL,3,'2018-09-20','will come to office','Interested'),(401,'9552126907','Prasad','','barate','','','Pune',4,'2018-09-20 04:41:58','2018-09-20 04:41:58',NULL,6,'2018-09-20','will come to office','Interested'),(402,'9822226876','HEMANT','','DESHPANDE','','KOTHRUD','PUNE',3,'2018-09-20 04:48:05','2018-09-20 04:48:05',NULL,13,'2018-09-20','inquiry about iNNOVA ON CALL . CUSTOMER WILL  COME ON OFFICE. (PRIVET)','Interested'),(403,'9921190888','Ganesh ','','waghmode','','','solapur',4,'2018-09-20 04:54:00','2018-09-20 04:54:00',NULL,3,'2018-09-20','Will let us know','Interested'),(404,'7045974416','ABHISHEK','','SONAVANE','','','RAVET',4,'2018-09-20 05:09:01','2018-09-20 05:09:01',NULL,12,'2018-09-20','WILL VISIT THE OFFICE ON 20/9/2018','Interested'),(405,'9604570004','Sagar','','Deshmukh','','','solapur',4,'2018-09-20 05:52:27','2018-09-20 05:52:27',NULL,8,'2018-09-20','will visit office dp-3.5 lac','Interested'),(406,'8999846719','PRABHAKAR','','GAIKWAD','','VIMANNAGAR','PUNE',3,'2018-09-20 06:35:27','2018-09-20 08:19:53',NULL,8,'2018-09-20','will come to office .INQUIRY X-CENT IN OFFICE .CUSTOMER WILL COME IN OFFICE FOR BOOKING.','Interested'),(407,'9527970112','Parmeshwar','','More','','','Bhoogaon',4,'2018-09-20 07:02:09','2018-09-20 07:02:09',NULL,12,'2018-09-20','visited on 20/9/2018-will confirm till 22/9/2018','Interested'),(408,'9970136245','SUKUMAR','','SHETBHAI','','','',4,'2018-09-20 07:50:10','2018-09-20 07:50:10',NULL,9,'2018-09-20','will come to office ','Interested'),(409,'9975391592','NILESH','','DESHMUKH','','VIMANNAGAR','PUNE',3,'2018-09-20 08:18:35','2018-09-20 08:18:35',NULL,8,'2018-09-20','inquired about Dezire IN OFFICE.','Interested'),(410,'7276759641','Prasad','','b','','','pirangut',4,'2018-09-20 08:33:21','2018-09-20 08:33:21',NULL,2,'2018-09-20','inquired abou indica','Interested'),(411,'7276759645','Prasad','','','','','hinjewadi',4,'2018-09-20 08:34:35','2018-09-20 08:34:35',NULL,13,'2018-09-20','will visit the office','Interested'),(412,'976270307','abhijeet','','Shinde','','','Pirangut',4,'2018-09-20 08:36:05','2018-09-20 08:36:05',NULL,13,'2018-09-20','private innova and tourist indica-age 25 running','Interested'),(413,'7720862571','NILESH','','POTE','','SANE CHOUWK','PUNE',3,'2018-09-20 08:43:32','2018-09-20 08:43:32',NULL,13,'2018-09-20','will come to office ','Interested'),(414,'9922016120','ASHOK','','TALEKAR','','WAGHOLI','PUNE',3,'2018-09-20 08:47:08','2018-09-20 08:47:08',NULL,3,'2018-09-20','inquired about zest IN office.','Interested'),(415,'8830064165','santosh','','','','','PUNE',4,'2018-09-20 08:51:06','2018-09-20 08:51:06',NULL,2,'2018-09-20','WILL COME FOR BOOKING ON 22/9/2018','Interested'),(416,'9834096309','NANASAHEB','','BAGUL','','','PUNE',4,'2018-09-20 08:53:58','2018-09-20 08:53:58',NULL,9,'2018-09-20','WILL VISIT THE OFFICE','Interested'),(417,'8605585892','Sandeep','','Rane','','','wakad',4,'2018-09-20 09:59:56','2018-09-20 09:59:56',NULL,3,'2018-09-20','','1'),(418,'9657748101','v','','patil','','','talegaon',4,'2018-09-20 10:02:07','2018-09-20 10:02:07',NULL,9,'2018-09-20','','1'),(419,'9850046049','Permeshwar','','Jadhav','','','pune',4,'2018-09-20 10:39:47','2018-09-20 10:39:47',NULL,6,'2018-09-20','','1'),(420,'9881241418','Samdeep','','pokale','','','Raigad',4,'2018-09-20 11:56:30','2018-09-20 11:56:30',NULL,9,'2018-09-20','','1'),(421,'9518979619','Pandurang','','Gange','','','pune',4,'2018-09-20 12:20:05','2018-09-20 12:20:05',NULL,3,'2018-09-20','','1'),(422,'8880917655','SANJAY','','NALAVDE','','DEHUROAD','PUNE',3,'2018-09-21 04:54:30','2018-09-21 04:54:30',NULL,13,'2018-09-21','will visit the office Inquiry about innova.ON CALL.','Interested'),(423,'8788957278','PUSHKAR','','KANTE','','BHOR','BHOR',3,'2018-09-21 05:06:50','2018-09-21 05:06:50',NULL,13,'2018-09-21','will visit the office Inquiry about innova.','Interested'),(424,'8494932949','MAHESH','','','','SOLAPUR','SOLAPUR',3,'2018-09-21 05:16:04','2018-09-21 05:16:04',NULL,6,'2018-09-21','will visit the office Inquiry about innova /x-cent on call .','Interested'),(425,'9970399771','UTTAM','','PATIL','','SANGLI','SANGLI',3,'2018-09-21 05:21:42','2018-09-21 05:21:42',NULL,13,'2018-09-21','will visit the office Inquiry about innova.','Interested'),(426,'8070709696','AKASH','','CHAVAN','','','PANDERPUR',4,'2018-09-21 05:27:17','2018-09-21 05:27:17',NULL,3,'2018-09-21','WILL VISIT THE OFFICE','Interested'),(427,'9145557497','KUMAR','','','','MATHERAN','MATHERAN',3,'2018-09-21 05:33:57','2018-09-21 05:34:44',NULL,13,'2018-09-21','INQIRE ABOUT X-CENT OR INNOVA ON CALL.','Interested'),(428,'9112044453','K P','','MORE','','SANGLI','KADEGAON',4,'2018-09-21 05:37:37','2018-09-21 05:37:37',NULL,13,'2018-09-21','WILL LET US','Interested'),(429,'9900218485','SHRINIVAS','','','','','KESHVNAGAR',4,'2018-09-21 05:38:28','2018-09-21 05:38:28',NULL,3,'2018-09-21','will come to office ','Interested'),(430,'7755983499','SURAJ','','RASKAR','','AALEPHATA','PUNE',3,'2018-09-21 05:42:39','2018-09-21 05:42:39',NULL,13,'2018-09-21','inquiry about ETIOS ON CALL. HE WAHNT PRIVET CALL.','Interested'),(431,'9657052066','SHAIKH','','IRFAN','','PARBHANI','PUNE',3,'2018-09-21 05:58:25','2018-09-21 05:58:25',NULL,8,'2018-09-21','will visit the office','Interested'),(432,'9637577767','bharat','','wakchore','','','beed',4,'2018-09-21 06:22:01','2018-09-21 06:22:01',NULL,9,'2018-09-21','','1'),(433,'9975009891','HARSHAL','SHANKAR','SUTAR','','BHOSARI','PUNE',3,'2018-09-21 06:23:25','2018-09-21 06:23:25',NULL,4,'2018-09-21','INQUIRY ABOUT HEXA PRIVET.','Interested'),(434,'7020805621','SAI','','','','','PUNE',4,'2018-09-21 06:28:16','2018-09-21 06:28:16',NULL,8,'2018-09-21','will visit the office','Interested'),(435,'9689366595','NISHANT ','','MORE','','BHOSARI','PUNE',3,'2018-09-21 06:28:51','2018-09-21 06:28:51',NULL,3,'2018-09-21','FOR BOOKING ZEST','Interested'),(436,'9422531212','SUNIL','','GUNGE','','','AMRAWATI',4,'2018-09-21 06:29:16','2018-09-21 06:29:16',NULL,8,'2018-09-21','','Interested'),(437,'9175946686','AJAY','','WALKE','','','PIMPLE SAUDAGAR',4,'2018-09-21 07:03:40','2018-09-21 07:03:40',NULL,8,'2018-09-21','WILL VISIT THE OFFICE','Interested'),(438,'8007592295','VAIJNATH','','','','PANDHARPUR','PUNE',3,'2018-09-21 07:25:43','2018-09-21 07:25:43',NULL,8,'2018-09-21','WANT PRIVET DEZIRE CASH .','Interested'),(439,'7888106251','SAHDEV','','SHINDE','','','LONI KALBHOR',4,'2018-09-21 07:27:53','2018-09-21 07:27:53',NULL,8,'2018-09-21','will come to office ','Interested'),(440,'9730001614','ASHOK','','','','','PUNE',4,'2018-09-21 07:30:17','2018-09-21 07:30:17',NULL,8,'2018-09-21','will come to office ','Interested'),(441,'9665963128','MARUTI','','MUSMADE','','','PUNE',4,'2018-09-21 07:31:11','2018-09-21 07:31:11',NULL,8,'2018-09-21','WILL VISIT THE OFFICE','Interested'),(442,'7620778930','BASWRAJ','','','','','MOSHI',4,'2018-09-21 07:39:11','2018-09-21 07:39:11',NULL,13,'2018-09-21','innova crysta','Interested'),(443,'7020051337','LAXMMAN','','DEASI','','SANGLI','PUNE',3,'2018-09-21 07:39:24','2018-09-21 07:39:24',NULL,6,'2018-09-21','Inquiry about x-cent.','Interested'),(444,'9665826462','VILAS','','KALE','','BHORARI','PUNE',3,'2018-09-21 07:41:58','2018-09-21 07:41:58',NULL,8,'2018-09-21','inquiry about Dezire on call .','Interested'),(445,'983433787813','RAMESHWAR','','AADIK','','CHANDAN NAGAR','PUNE',3,'2018-09-21 07:53:24','2018-09-21 07:53:24',NULL,8,'2018-09-21','INQUIRY ABOUT DEZIRE ON CALL.','Interested'),(446,'7038270007','DEVIDAS ','','SONAVNE','','','DANGE CHK',4,'2018-09-21 08:37:17','2018-09-21 08:37:17',NULL,3,'2018-09-21','will come to office ','Interested'),(447,'7014173806','RAMNIWAS','','','','CHINCHWAD','PUNE',3,'2018-09-21 08:39:08','2018-09-21 09:30:31',NULL,3,'2018-09-21','inquiry about zest on call .','Interested'),(448,'7875452161','ABC','','','','HADPSAR','PUNE',3,'2018-09-21 08:41:29','2018-09-21 08:41:29',NULL,8,'2018-09-21','will visit the office','Interested'),(449,'8279213325','DHOLARAM ','','BISHNOI','','','PUNE',4,'2018-09-21 09:28:54','2018-09-21 09:28:54',NULL,9,'2018-09-21','will come to office ','Interested'),(450,'9067030017','GANESH','','SHINDE','','YEVAT','YEVAT',3,'2018-09-21 09:41:10','2018-09-21 09:41:10',NULL,8,'2018-09-21','Inquiry about Dezire on call.','Interested'),(451,'9970041741','AMOL','','RESIDENCY','','NIGDI','PUNE',3,'2018-09-21 09:42:10','2018-09-21 09:42:10',NULL,8,'2018-09-21','Inquiry about Dezire on call.','Interested'),(452,'9067565337','OM','','KALE','','','SHIRUR',4,'2018-09-21 09:42:21','2018-09-21 09:42:21',NULL,8,'2018-09-21','PRIVATE -will come to office ','Interested'),(453,'9284060932','vikas','','kamble','','','moshi',4,'2018-09-21 09:53:16','2018-09-21 09:53:16',NULL,13,'2018-09-21','private innova -used  car','Interested'),(454,'8888383335','sachin','','','','','pune',4,'2018-09-21 09:54:49','2018-09-21 09:54:49',NULL,8,'2018-09-21','will come to office ','Interested'),(455,'7020542179','JITENDRA','','','','','dighi',4,'2018-09-21 10:13:15','2018-09-21 10:13:15',NULL,13,'2018-09-21','innova-private(Will visit the office)','Interested'),(456,'7620029810','SASHIRAO','','KORDE','','BALEWADI','PUNE',3,'2018-09-21 11:28:40','2018-09-21 11:28:40',NULL,1,'2018-09-21','will visit the office, for zet inquiry.','Interested'),(457,'8805501880','Sarthak','','Patil','','AKURDI','PUNE',3,'2018-09-21 11:31:51','2018-09-21 11:31:51',NULL,7,'2018-09-21','will visit the office, for xcent inquiry.','Interested'),(458,'7058542954','ANKIT','','SING','','TALEGON','PUNE',3,'2018-09-21 11:36:23','2018-09-21 11:36:23',NULL,6,'2018-09-21','will visit the office Inquiry about xcent oncall.','Interested'),(459,'7506552032','MANOJ','','Katore','','nashik','Nashik',3,'2018-09-21 11:42:18','2018-09-21 12:00:16',NULL,8,'2018-09-21','inquiry about Dezire on call . want old look dezire..','Interested'),(460,'8668535139','DNYNESHWAR','','TANDALE','','BEED','BEED',3,'2018-09-21 11:57:05','2018-09-21 11:57:05',NULL,1,'2018-09-21','CUSTOMER WANT 0 DOWN PAYMENT CAR','Interested'),(461,'7620550436','SUSHANT','','CHOUDHARI','','VISHALNAGAR','PUNE',3,'2018-09-21 11:58:20','2018-09-21 11:58:20',NULL,1,'2018-09-21','inquired about Zest on call.','Interested'),(462,'7558272056','MAULI','','PATIL','','BARAMATI','PUNE',3,'2018-09-21 12:19:35','2018-09-21 12:19:35',NULL,6,'2018-09-21','inquired about xcent on call.','Interested'),(463,'9049973442','ANIKET','','JAGTAP','','Akurdi','PUNE',3,'2018-09-21 12:20:51','2018-09-21 12:20:51',NULL,6,'2018-09-21','will come to office .FOR E-CENT .','Interested'),(464,'91750945113','LAIS','','','','KOTHRUD','PUNE',3,'2018-09-22 05:07:03','2018-09-22 05:07:03',NULL,13,'2019-09-22','will visit the office','Interested'),(465,'7350055944','SANTOSH','','JADHAV','','BANER','PUNE',3,'2018-09-22 06:00:16','2018-09-22 06:00:16',NULL,2,'2018-09-22','inquired about zest IN office.','Interested'),(466,'9226151397','Govind','','Narkar','','Mangone','PUNE',3,'2018-09-22 06:01:56','2018-09-22 06:01:56',NULL,12,'2018-09-22','will come to office ','Interested'),(467,'8956769705','SHREEKANT','','TALIMKAR','','HADPSAR','PUNE',3,'2018-09-22 06:19:41','2018-09-22 06:19:41',NULL,7,'2018-09-22','inquired about X-cent on call.','Interested'),(468,'7796869195','AILEEN','','','','MUNDHWA','PUNE',3,'2018-09-22 08:39:22','2018-09-22 08:39:22',NULL,8,'2019-09-22','will visit the office','Interested'),(469,'8999084715','SUMIT','','JADHAV','','AKURDI','PUNE',3,'2018-09-22 08:58:11','2018-09-22 08:58:11',NULL,6,'2019-09-22','inquiry about x-CENT ON CALL.','Interested'),(470,'9763722067','SATYAWAN','','KASTURI','','TATHAWADE','PUNE',3,'2018-09-22 10:08:19','2018-09-22 10:08:19',NULL,7,'2019-09-22','inquiry about x-cent in office.','Interested'),(471,'9850107504','UTTAM','','JAGTAP','','WADGONESHERI','PUNE',3,'2018-09-22 10:32:27','2018-09-22 10:32:27',NULL,1,'2018-09-22','inquired about zest IN office.','Interested'),(472,'9730431073','GANESH','','JAGTAP','','WADGONESHERI','PUNE',3,'2018-09-22 10:33:19','2018-09-22 10:33:19',NULL,3,'2018-09-22','inquired about zest IN office.','Interested'),(473,'9067325158','ANIL','','DADAR','','WAKAD','PUNE',3,'2018-09-22 11:08:44','2018-09-22 11:11:09',NULL,9,'2018-09-22','WANT BOOK DEZIRE CNG INQUIRY IN OFFICE.','Interested'),(474,'9552657134','MAHESH ','','SALVE','','PIMPRI','PUNE',3,'2018-09-22 11:13:08','2018-09-22 11:13:08',NULL,6,'2018-09-22','inquired about X-cent on call.','Interested'),(475,'9420211360','SATISH','','BADGE','','PARVATI','PUNE',3,'2018-09-22 11:51:40','2018-09-22 11:51:40',NULL,3,'2018-09-22','inquired about Zest On call.','Interested'),(476,'9823154001','Bhupindar','','singh','','','Pune',4,'2018-09-22 16:33:08','2018-09-22 16:33:08',NULL,8,'2018-09-22','','1'),(477,'7796151659','Prayesh','','','','','warje',4,'2018-09-22 16:34:25','2018-09-22 16:34:25',NULL,6,'2018-09-22','','1'),(478,'8788588746','Sangram','','kendre','','','Hadapsar',4,'2018-09-22 16:36:33','2018-09-22 16:36:33',NULL,6,'2018-09-22','','1'),(479,'9309868285','Kawane','','','','','',4,'2018-09-22 16:48:32','2018-09-22 16:48:32',NULL,6,'2018-09-22','','1'),(480,'9325587999','ved','','','','','Pune',4,'2018-09-22 16:50:48','2018-09-22 16:50:48',NULL,13,'2018-09-22','','1'),(481,'8208155942','Aslam','','Shaikh','','','Warje',4,'2018-09-22 16:52:13','2018-09-22 16:52:13',NULL,9,'2018-09-22','','1'),(482,'9130548038','Ashok','','','','','Akurdi',4,'2018-09-22 16:54:01','2018-09-22 16:54:01',NULL,8,'2018-09-22','','1'),(483,'9850100805','Rohit','','Reddy','','','Pimple Gurav',4,'2018-09-22 16:55:39','2018-09-22 16:55:39',NULL,9,'2018-09-22','','1'),(484,'9764464602','Vijay','','Jadhav','','','Hadapsar',4,'2018-09-22 16:56:54','2018-09-22 16:56:54',NULL,6,'2018-09-22','','1'),(485,'7030253004','S','','Cinnam','','','Khadki',4,'2018-09-22 16:58:06','2018-09-22 16:58:06',NULL,8,'2018-09-22','','1'),(486,'8208782745','Sachin','','Thorat','','','Wagholi',4,'2018-09-22 17:02:21','2018-09-22 17:02:21',NULL,8,'2018-09-22','','1'),(487,'9561715141','Nitin','','','','','Wakad',4,'2018-09-22 17:03:44','2018-09-22 17:03:44',NULL,8,'2018-09-22','','1'),(488,'9860629494','Santosh','','Nalawade','','','Pune',4,'2018-09-22 17:05:06','2018-09-22 17:05:06',NULL,3,'2018-09-22','','1'),(489,'9146272525','Pranjeet','','','','','Pune',4,'2018-09-22 17:06:15','2018-09-22 17:06:15',NULL,6,'2018-09-22','','1'),(490,'7276977444','Vishwjeet','','','','','Pune',4,'2018-09-22 17:07:59','2018-09-22 17:07:59',NULL,3,'2018-09-22','','1'),(491,'9763484642','Permeshwar','','Bage','','','Pune',4,'2018-09-22 17:11:51','2018-09-22 17:11:51',NULL,6,'2018-09-22','','1'),(492,'7972339180','sanjay','','p','','hinjewadi','pune',10,'2018-09-24 04:54:04','2018-09-24 04:54:04',NULL,8,'2018-09-23','Inquiry about Dezire on call.','Interested'),(493,'9403310709','DHIRAJ','','G','','PUNE','PUNE',10,'2018-09-24 05:05:44','2018-09-24 05:05:44',NULL,12,'2018-09-23','Inquiry about w/r  on call.','Interested'),(494,'9890063626','mahhmad','','uamar','','Aurangabad','Aurangabad',3,'2018-09-24 05:15:30','2018-09-24 05:15:30',NULL,6,'2019-09-24','Inquiry about xcent on call.','Interested'),(495,'9890173298','SAGAR','','DIGHE','','NIGDI','PUNE',3,'2018-09-24 05:23:19','2018-09-24 05:23:19',NULL,12,'2019-09-24','INTRESTED IN OLD CAR W/R.','Interested'),(496,'9595952622','PRATHAMESH','','SONAWANE','','YERWADA','PUNE',10,'2018-09-24 05:26:45','2018-09-24 05:26:45',NULL,6,'2018-09-23','will visit the office','Interested'),(497,'7020697551','HARISH','','JAIN','','','PUNE',4,'2018-09-24 05:30:05','2018-09-24 05:30:05',NULL,8,'2018-09-24','WILL VISIT THE OFFICE','Interested'),(498,'7083532901','PRAFULL','','PATIL','','KHANAPUR','Pune',3,'2018-09-24 05:36:36','2018-09-24 05:36:36',NULL,4,'2019-09-24','INQUIRY ABOUT HEXA','Interested'),(499,'9637128440','RAJASAHEB','','SHAIKH','','DAPODI','PUNE',3,'2018-09-24 05:38:02','2018-09-24 05:38:02',NULL,12,'2019-09-24','INQUIRY ABOUT W/R ON CALL','Interested'),(500,'7028657838','SUDHIR','','RATHOD','','BULDHANA','BULDHANA',3,'2018-09-24 05:39:33','2018-09-24 05:39:33',NULL,8,'2019-09-24','inquiry about Dezire on call .','Interested'),(501,'9921566400','AMOL','','PATIL','','SANGLI','PUNE',3,'2018-09-24 05:41:58','2018-09-24 05:41:58',NULL,4,'2019-09-24','inquiry about HEXA ON CALL.','Interested'),(502,'9373579919','uber ','','shaikh','','kondwa','pune',10,'2018-09-24 05:49:39','2018-09-24 05:49:39',NULL,7,'2018-09-23','will visit the office','Interested'),(503,'8805218895','mahadev','','jadhav','','hijewadi','pune',10,'2018-09-24 05:58:53','2018-09-24 05:58:53',NULL,12,'2018-09-23','will visit the office','Interested'),(504,'8927272747','tukaram','','marne','','','kothrude',4,'2018-09-24 05:59:42','2018-09-24 05:59:42',NULL,8,'2018-09-24','will visit the office','Interested'),(505,'9923831521','s','','shelar','','malegoan','nashik',10,'2018-09-24 06:15:35','2018-09-24 06:15:35',NULL,3,'2018-09-23','will visit the office','Interested'),(506,'9422167420','SWAMI','','','','AALANDI','PUNE',3,'2018-09-24 06:19:17','2018-09-24 06:19:17',NULL,12,'2019-09-24','INQUIRY ABOUT W/R ON CALL.','Interested'),(507,'7620694047','manoj','','r','','bhosari','pune',10,'2018-09-24 06:24:35','2018-09-24 06:24:35',NULL,7,'2018-09-23','will visit the office','Interested'),(508,'9881930738','Anil','','a','','pune','pune',10,'2018-09-24 06:30:06','2018-09-24 06:30:06',NULL,12,'2018-09-24','will visit the office','Interested'),(509,'9168237258','RAHUL','','BHAGAT','','BAVDHAN','PUNE',3,'2018-09-24 06:31:40','2018-09-24 06:31:40',NULL,12,'2019-09-24','inquiry about WR on call.','Interested'),(510,'9689895544','shrikant','','sonawane','','bhavani peth','pune',10,'2018-09-24 06:42:54','2018-09-24 06:42:54',NULL,8,'2018-09-24','will visit the office','Interested'),(511,'9604736255','tanap','','sandepar','','BEED','PUNE',3,'2018-09-24 06:43:06','2018-09-24 06:43:06',NULL,13,'2019-09-24','INQUIRY ABOUT ETIOS ON CALL.','Interested'),(512,'9325305991','vishnu','','kharat','','hadapsar','pune',10,'2018-09-24 06:45:24','2018-09-24 06:45:24',NULL,9,'2018-09-24','will visit the office','Interested'),(513,'9766552736','AANGAD','','SONTAKKE','','NASHIK','PUNE',3,'2018-09-24 06:48:35','2018-09-24 06:48:35',NULL,3,'2019-09-24','INQIRE ABOUT X-CENT , ZEST, INDICA AND INDIGO ON CALL.','Interested'),(514,'9860535556','Gorakh','','Mane','','','Chinchwad',4,'2018-09-24 06:48:51','2018-09-24 06:48:51',NULL,8,'2018-09-24','will come to office ','Interested'),(515,'9588430823','UGLE','','','','NASHIK','NASHIK',3,'2018-09-24 06:58:35','2018-09-24 06:58:35',NULL,8,'2019-09-24','DEZIRE','Interested'),(516,'9340363607','mahesh','','m','','kondwa','pune',10,'2018-09-24 07:34:11','2018-09-24 07:34:11',NULL,8,'2018-09-24','will visit the office','Interested'),(517,'8668530538','ROHAN','','LOKHANDE','','BHOSARI','PUNE',3,'2018-09-24 07:48:14','2018-09-24 07:48:14',NULL,6,'2019-09-24','INQUIRY IN OFFICE ,DEZIRE , XCENT (REFER SIMRAN)','Interested'),(518,'8530720919','SURYKJANT','','CHOPDE','','NIGDI','PUNE',3,'2018-09-24 07:51:01','2018-09-24 07:51:01',NULL,7,'2019-09-24','inquiry about Dezire IN OFFICE.','Interested'),(519,'6393252979','BHAGESH','','JADAHV','','PUNE','PUNE',3,'2018-09-24 07:52:47','2018-09-24 07:52:47',NULL,12,'2019-09-24','INQUIRY ABOUT W/R ON CALL.','Interested'),(520,'9284028783','DATATTRY','','','','BHOSARI','PUNE',3,'2018-09-24 08:16:57','2018-09-24 08:16:57',NULL,8,'2019-09-24','inquiry about Dezire on call .','Interested'),(521,'8830680186','SAUDAGAR','','MAHEBUB','','LATUR','PUNE',3,'2018-09-24 08:19:01','2018-09-24 08:19:01',NULL,8,'2019-09-24','inquiry about Dezire on call .','Interested'),(522,'9822448278','MAHESH','','WASLANI','','PIMPRI','PUNE',3,'2018-09-24 08:37:30','2018-09-24 08:37:30',NULL,12,'2019-09-24','INQUIRY ABOUT W/R ON CALL .','Interested'),(523,'8999021139','SACHIN','','SHINDE','','VISHRANTWADI','PUNE',3,'2018-09-24 08:39:19','2018-09-24 08:39:19',NULL,8,'2019-09-24','inquiry about Dezire on call .','Interested'),(524,'9112947006','RAHUK ','','INAMDAR','','Aurangabad','Aurangabad',3,'2018-09-24 08:46:54','2018-09-24 08:46:54',NULL,8,'2019-09-24','inquiry about Dezire on call . CUSTOMER WILL COME TOORROW. 25/9/2018','Interested'),(525,'7083658181','PRAVIN','','DAREKAR','','YERAVDA','PUNE',3,'2018-09-24 09:21:48','2018-09-24 09:21:48',NULL,7,'2018-09-24','inquired about X-cent on call.','Interested'),(526,'9834684105','UTTAM','','MARKUTE','','WAGHOLI','PUNE',3,'2018-09-24 09:23:19','2018-09-24 09:23:19',NULL,13,'2018-09-24','inquired about ETIOS ON CALL.','Interested'),(527,'9822461337','VIKRAM','','RAJKUMAR','','NAGPUR','NAGPUR',3,'2018-09-24 09:30:56','2018-09-24 09:30:56',NULL,13,'2018-09-24','INQUIRY ABOUT ETIOS ON CALL.','Interested'),(528,'7744860609','SURESH','','RADDY','','KHARADI','PUNE',3,'2018-09-24 09:38:39','2018-09-24 09:38:39',NULL,13,'2018-09-24','WILL VISIT THE OFFICE , REFER PRAVIN SURYANSHI','Interested'),(529,'9579161659','MUKESH','','SHINDE','','','WAKAD',4,'2018-09-24 09:52:09','2018-09-24 09:52:09',NULL,13,'0208-09-24','WILL VISIT THE OFFICE-ETIOS PRIVATE ','Interested'),(530,'9881772331','MAULI','','G','','','PUNE',4,'2018-09-24 09:55:04','2018-09-24 09:55:04',NULL,8,'2018-09-24','will visit the office','Interested'),(531,'9156963646','GHULE','','PARK','','NIGDI','PUNE',3,'2018-09-24 09:55:55','2018-09-24 09:55:55',NULL,12,'2018-09-24','will come to office ','Interested'),(532,'7020048714','VINOD','','','','','PUNE',4,'2018-09-24 09:58:53','2018-09-24 09:58:53',NULL,8,'2018-09-24','PRIVATE CAR','Interested'),(533,'9960278640','LALSING','','RATHOD','','Rangangone','Rangangone',3,'2018-09-24 10:09:24','2018-09-24 10:09:56',NULL,8,'2018-09-24','inquired about Dezire on call.','Interested'),(534,'9665847884','SANTOSH','','SONAVNE','','NIGDI','PUNE',3,'2018-09-24 10:29:31','2018-09-24 10:29:31',NULL,8,'2018-09-24','inquired about Dezire on call.','Interested'),(535,'8669025363','SONU','','AAGRWAL','','WADGONE SHERI','PUNE',3,'2018-09-24 12:20:34','2018-09-24 12:20:34',NULL,8,'2019-09-24','inquiry about Dezire on call .','Interested'),(536,'7058404444','SANDEEP','','GOLE','','BHORARI','PUNE',3,'2018-09-24 12:21:32','2018-09-24 12:21:47',NULL,8,'2019-09-24','inquiry about Dezire on call .','Interested'),(537,'9359810985','GANESH','','KAMBLE','','PIMPRI','PUNE',3,'2018-09-24 12:27:25','2018-09-24 12:27:25',NULL,8,'2019-09-24','inquiry about Dezire on call .','Interested'),(538,'9922101992','MAHESH','','PATIL','','PUNE','PUNE',3,'2018-09-24 12:31:22','2018-09-24 12:31:22',NULL,8,'2019-09-24','inquiry about Dezire on call .','Interested'),(539,'7620238218','MANOHAR','','KULKARNI','','DHAYRI','PUNE',3,'2018-09-25 05:25:05','2018-09-25 05:25:05',NULL,1,'2018-09-25','inquired about zest ON CALL','Interested'),(540,'7972320640','SANTOSH','','GAVLI','','','YERWADA',4,'2018-09-25 05:28:16','2018-09-25 05:28:16',NULL,6,'2018-09-25','will visit the office','Interested'),(541,'9730276535','SACHIN ','','SHIDE','','PANDHPUR','PANDHPUR',3,'2018-09-25 05:30:25','2018-09-25 05:30:25',NULL,1,'2018-09-25','inquired about zest ON CALL.','Interested'),(542,'9975921571','AKASH','','LANDGE','','','CHINCHWAD',4,'2018-09-25 05:32:05','2018-09-25 05:32:05',NULL,3,'2018-09-25','will visit the office','Interested'),(543,'7620671577','MANGESH','','JADHAV','','HADPSAR','PUNE',3,'2018-09-25 06:07:27','2018-09-25 06:07:27',NULL,6,'2018-09-24','inquired about X-cent on call.','Interested'),(544,'7030590647','SANTOSH','','SANGLE','','KHARADI','PUNE',3,'2018-09-25 06:11:25','2018-09-25 06:11:25',NULL,12,'2018-09-25','inquired about WR ON CALL','Interested'),(545,'9834169681','AKSHAY','','KOdgave','','CHINCHWAD mohannagar','PUNE',3,'2018-09-25 06:16:47','2018-09-25 07:49:15',NULL,6,'2018-09-25','inquired about X-cent on call. will come for indigo booking.','Interested'),(546,'9921566161','LATA','','MISHRA','','SINHGAD ROAD','PUNE',3,'2018-09-25 06:23:39','2018-09-25 06:23:39',NULL,3,'2018-09-25','will come to office ','Interested'),(547,'8830522439','PATHAN','','RASHID','','AHMEDNAGAR','AHMEDNAGAR',3,'2018-09-25 06:55:35','2018-09-25 06:55:35',NULL,8,'2018-09-25','inquired about Dezire on call.','Interested'),(548,'9960399908','MADHAV','','HEWAD','','HADPSAR','PUNE',3,'2018-09-25 07:05:16','2018-09-25 07:05:16',NULL,12,'2018-09-25','inquired about W/R on call.','Interested'),(549,'7083030454','NITIN','','Godse','','hinjwadi','PUNE',3,'2018-09-25 07:06:50','2018-09-25 07:06:50',NULL,6,'2018-09-25','inquired about X-cent on call.','Interested'),(550,'9637564000','BAPU ','','MORE','','MANGALVAR PETH','PUNE',10,'2018-09-25 07:19:19','2018-09-25 07:19:19',NULL,1,'0024-09-20','will visit the office','Interested'),(551,'9960947272','RAJU','','KAPSE','','DANGECOUWK','PUNE',3,'2018-09-25 10:06:50','2018-09-25 10:06:50',NULL,3,'2018-09-25','inquired about zest IN office.','Interested'),(552,'8888886132','SACHIN','','KSHIRSAGAR','','DANGECOUWK','PUNE',3,'2018-09-25 10:08:42','2018-09-25 10:08:42',NULL,8,'2018-09-25','inquired about Dezire IN OFFICE.','Interested'),(553,'7020066385','ALOK','','GUPTA','','DANGECHOWK','PUNE',3,'2018-09-25 10:54:27','2018-09-25 10:54:27',NULL,6,'2018-09-25','inquired about X-cent on call.','Interested'),(554,'7774934440','DATTATRAY','','PUNDAKARE','','WALEKARWADI','PUNE',3,'2018-09-25 11:46:10','2018-09-25 11:46:10',NULL,1,'2018-09-25','BOOKED TATA XE FULPAGAR RELATIVE.','Interested'),(555,'7972624699','SHARAD','','SURYANSHI','','BHOSARI','PUNE',3,'2018-09-26 04:53:45','2018-09-26 04:53:45',NULL,8,'2018-09-26','inquired about Dezire on call.','Interested'),(556,'878852109','VITTHAL','','RANGE','','KATRAJ','PUNE',3,'2018-09-26 05:20:48','2018-09-26 05:20:48',NULL,12,'2018-09-26','inquired about W/R on call.','Interested'),(557,'9511691051','ROHIT ','','BHUTANGE','','','NANDURBAR',4,'2018-09-26 05:41:52','2018-09-26 05:41:52',NULL,13,'2018-09-26','INNOVA-USED CAR','Interested'),(558,'9545102940','SACHIN','','KARDE','','CHINCHWAD','PUNE',3,'2018-09-26 05:46:02','2018-09-26 05:46:02',NULL,13,'2018-09-26','inquired about etios on call.','Interested'),(559,'9767212236','SAGAR','','THEURKAR','','VISHRANTWADI','PUNE',3,'2018-09-26 05:57:39','2018-09-26 05:57:39',NULL,13,'2018-09-26','will come to office ','Interested'),(560,'7972567605','YOGESH','','CHASKAR','','WADGONE MAVAL','PUNE',3,'2018-09-26 06:11:43','2018-09-26 06:11:43',NULL,13,'2018-09-26','will come to office ','Interested'),(561,'8983344950','pratik','','kolekar','','Raigad','PUNE',3,'2018-09-26 06:21:14','2018-09-26 06:21:14',NULL,6,'2018-09-26','inquired about X-cent on call.','Interested'),(562,'8669069162','SULTAN','','SHAIKH','','SOLAPUE','SOLAPUR',3,'2018-09-26 06:38:25','2018-09-26 06:38:25',NULL,3,'2018-09-26','inquired about Zest on call.','Interested'),(563,'8788331398','PRASHANT','','','','','BANER',4,'2018-09-26 07:01:40','2018-09-26 09:29:58',NULL,6,'2018-09-26','WILL VISIT THE OFFICE','Interested'),(564,'9527097028','GANESH','','GAIKE','','CHINCHWAD','PUNE',3,'2018-09-26 07:09:26','2018-09-26 07:09:26',NULL,13,'2018-09-26','CUSTOMER WANT ERTIGA CAR ONLY ','Interested'),(565,'8605109423','GHULENIKHIL','','KHDAKRE','','KALEWADI','PUNE',3,'2018-09-26 09:01:13','2018-09-26 09:01:13',NULL,13,'2018-09-26','inquired about innova CIBIL problem .','Interested'),(566,'9665660836','CHANDRKANT','','SAWANT','','DOUND','DOUND',3,'2018-09-26 09:29:00','2018-09-26 09:29:00',NULL,7,'2018-09-26','inquiry about x-cent on call .','Interested'),(568,'7447675247','rupesh','','dharmik','','','PUNE',4,'2018-09-26 10:03:02','2018-09-26 10:03:02',NULL,8,'2018-09-26','will visit the office','Interested'),(569,'9220200300','DNYNESHWAR','','PAWAR','','VIMANNAGAR','PUNE',3,'2018-09-26 10:03:37','2018-09-26 10:03:37',NULL,7,'2018-09-26','inquired about X-cent on call.','Interested'),(570,'9545453000','SANTOSH','','','','','pimpari',4,'2018-09-26 10:04:24','2018-09-26 10:04:24',NULL,6,'2018-09-26','will visit the office','Interested'),(571,'9970779550','SAGAR','','','','','nigdi',4,'2018-09-26 10:05:11','2018-09-26 10:05:11',NULL,6,'2018-09-26','will visit the office','Interested'),(572,'8208951947','santosh','','sonkamble','','','hadapsar',4,'2018-09-26 10:06:58','2018-09-26 10:06:58',NULL,6,'2018-09-26','WILL VISIT THE OFFICE','Interested'),(573,'8554041411','mahendra','','shourya','','','chinchwad',4,'2018-09-26 10:09:32','2018-09-26 10:09:32',NULL,6,'2018-09-26','will visit the office','Interested'),(574,'9834510847','raza','','kadri','','','pune',4,'2018-09-26 10:10:44','2018-09-26 10:10:44',NULL,8,'2018-09-26','used cars','Interested'),(575,'9049515283','zaid','','sayyad','','','PUNE',4,'2018-09-26 10:12:27','2018-09-26 10:12:27',NULL,8,'2018-09-26','will visit the office','Interested'),(576,'8484847384','SAGAR','','RAUT','','CHINCHWAD','PUNE',3,'2018-09-26 10:36:14','2018-09-26 10:36:14',NULL,13,'2018-09-26','INQUIRY ABOUT INDICA IN OFFICE.','Interested'),(577,'8329524050','TUPESH','','DHOPARGUDE','','OSMANABAD','PUNE',3,'2018-09-26 10:43:28','2018-09-26 10:43:28',NULL,1,'2018-09-26','inquired about Zest on call. ','Interested'),(578,'8788630579','AMOL','','PATIL','','','WARJE',4,'2018-09-26 10:54:36','2018-09-26 10:54:36',NULL,12,'2018-09-26','will visit the office','Interested'),(579,'9075823213','PRAVIN','','MANE','','','HADAPSAR',4,'2018-09-26 10:57:10','2018-09-26 10:57:29',NULL,8,'2018-09-26','PRIVATE- USED CAR','Interested'),(580,'8779715413','DHNAJI','','MORE','','CHIMBLI MOSHI','PUNE',3,'2018-09-26 11:24:30','2018-09-26 11:24:30',NULL,12,'2018-09-26','INQUIRY ABOUT WR IN OFFICE.','Interested'),(581,'9850506905','RAHUL','','RANDIVE','','RAVET','PUNE',3,'2018-09-26 11:40:52','2018-09-26 11:40:52',NULL,8,'2018-09-26','inquired about Dezire on call.','Interested'),(582,'9595818108','VISHAL','','SHINDE','','','CHINCHWAD',4,'2018-09-26 11:48:32','2018-09-26 11:48:32',NULL,12,'2018-09-26','Private car-will visit the office on 27/9/2018','Interested'),(583,'8805958895','GHULE','SHIVAJI','PARK','','CHIKHALI','PUNE',3,'2018-09-26 12:30:01','2018-09-26 12:30:01',NULL,6,'2018-09-26','INQUIRY ABOUT X-CENT IN OFFICE','Interested'),(584,'7710990357','Nisha','','','','','wagholi',4,'2018-09-27 05:10:48','2018-09-27 05:10:48',NULL,13,'2018-09-27','inquired about innova-private (used car)','Interested'),(585,'7875709390','hitesh','','','','','s b road',4,'2018-09-27 05:11:54','2018-09-27 05:11:54',NULL,12,'2018-09-27','will visit the office','Interested'),(586,'9970252735','NITIN','','PAWAR','','','HINJEWADI',4,'2018-09-27 05:28:53','2018-09-27 05:28:53',NULL,2,'2018-09-27','will visit the office','Interested'),(587,'9987590752','AVINASH','','SHINDE','','','PUNE',4,'2018-09-27 05:30:28','2018-09-27 05:30:28',NULL,12,'2018-09-27','WILL VISIT THE OFFICE','Interested'),(588,'9011085182','Nanasaheb','','Shinde','','','chinchwad',4,'2018-09-27 05:52:48','2018-09-27 05:52:48',NULL,12,'2018-09-27','private car-will visit the office','Interested'),(589,'9511991467','GOPAL','','YADAV','','','PUNE',4,'2018-09-27 06:36:07','2018-09-27 06:36:07',NULL,6,'2018-09-27','will visit the office','Interested'),(590,'9096050700','ANUP','','BODKE','','PUNE','HINJEWADI',4,'2018-09-27 07:19:48','2018-09-27 07:19:48',NULL,3,'2018-09-27','will visit the office ON 27/9/2018 TILL4 PM','Interested'),(591,'8600276669','nitin','','','','','SOLAPUR',4,'2018-09-27 07:29:23','2018-09-27 07:29:23',NULL,3,'2018-09-27','WILL VISIT THE OFFICE','Interested'),(592,'9637839083','VISHAL','','PATIL','','AKURDI','PUNE',3,'2018-09-27 08:02:12','2018-09-27 08:02:12',NULL,6,'2018-09-27','inquiry about  XCENT IN OFFICE.','Interested'),(593,'7350488941','DINKAR','','DAGDE','','PANDHARPUR','PUNE',3,'2018-09-27 08:05:14','2018-09-27 08:05:14',NULL,3,'2018-09-27','inquiry about zest on call .','Interested'),(594,'8806620215','CHANDRKANT','','MANE','','CHIKHALI','PUNE',3,'2018-09-27 08:06:54','2018-09-27 08:06:54',NULL,2,'2018-09-27','inquiry about zest IN OFFISE , ASHOK KAMBLE RELATIVE.','Interested'),(595,'7420027384','ASIM','','PATEL','','CHINCHWAD','PUNE',3,'2018-09-27 09:05:23','2018-09-27 09:05:23',NULL,13,'2018-09-27','inquiry about INDICA IN OFFICE.','Interested'),(596,'9922987837','SAGAR','ANAND','KASID','','CHINCHWAD','PUNE',3,'2018-09-27 09:21:47','2018-09-27 09:21:47',NULL,12,'2018-09-27','inquiry about W/R on call. fek customer.','Interested'),(597,'9220200300','DYANESHWAR ','','PAWAR','','','VIMANNAGAR',4,'2018-09-27 09:54:28','2018-09-27 09:54:28',NULL,6,'2018-09-27','WILL CONFIRM ON 28/9/2018','Interested'),(598,'9503346886','SACHIN','','KASME','','lohaGONE','PUNE',3,'2018-09-27 10:17:16','2018-09-27 10:17:16',NULL,3,'2018-09-27','inquiry about zest on call .','Interested'),(599,'9850949438','ATUL','','WAGHMARE','','','THERGAON',4,'2018-09-27 10:18:09','2018-09-27 10:18:09',NULL,6,'2018-09-27','WILL VISIT THE OFFICE','Interested'),(600,'8796636255','RAHUL','','DALE','','PUNE','PUNE',3,'2018-09-27 10:36:37','2018-09-27 10:36:37',NULL,12,'2018-09-27','inquiry about W/R on call. privet','Interested'),(601,'8805293048','RAM','','SHNE','','','PUNE',3,'2018-10-01 05:03:17','2018-10-01 05:03:17',NULL,6,'2018-10-01','will come to office ','Interested'),(602,'8805293048','RAM','','SHINDE','','','PUNE',3,'2018-10-01 05:03:39','2018-10-01 05:03:39',NULL,6,'2018-10-01','will come to office ','Interested'),(603,'7620379277','SANTOSH','','GAIKWAD','','HADPSAR','PUNE',3,'2018-10-01 05:19:54','2018-10-01 05:19:54',NULL,13,'2018-10-01','inquired about innova On call.','Interested'),(604,'8830591158','Narewsh','','sawan','','pashan','PUNE',3,'2018-10-01 05:22:32','2018-10-01 05:22:32',NULL,7,'2018-09-01','inquired about X-cent on call.','Interested'),(605,'9096392012','ARJUN','','AWATADE','','AKURDI','PUNE',3,'2018-10-01 05:23:27','2018-10-01 05:23:27',NULL,1,'2018-10-01','inquired about zest IN office.','Interested'),(606,'7972645187','VISHNU','','PAWAR','','DAPODI','PUNE',3,'2018-10-01 05:25:24','2018-10-01 05:25:24',NULL,6,'2018-10-01','','Interested'),(607,'9421315713','SACHIN','','Bahire','','WAKAD','PUNE',3,'2018-10-01 06:20:12','2018-10-01 06:20:12',NULL,9,'2018-10-01','inquired about Dezire on call.','Interested'),(608,'9970513090','GOMARAM','','SUTAR','','KOTHRUD','PUNE',3,'2018-10-01 06:44:01','2018-10-01 06:44:01',NULL,12,'2018-10-01','inquired about W/R on call.','Interested'),(609,'7798618139','MANGESH','','SHINE','','PUNE','PUNE',3,'2018-10-01 06:46:17','2018-10-01 06:46:17',NULL,13,'2018-09-01','inquired about innova ON CALL.','Interested'),(610,'7218104206','ABCD','','','','PIMPLE GURAV','PUNE',3,'2018-10-01 07:27:00','2018-10-01 07:27:00',NULL,7,'2018-09-10','inquired about X-cent on call.','Interested'),(611,'7066716584','GIRISH','','DALVI','','CAMP','PUNE',3,'2018-10-01 07:34:50','2018-10-01 07:34:50',NULL,12,'2018-10-01','will come to office ','Interested'),(612,'9689003519','SANDEEP','','GAVANE','','BHOSARI','PUNE',3,'2018-10-01 08:25:51','2018-10-01 08:25:51',NULL,12,'2018-10-01','inquired about W/R on call.','Interested'),(613,'7057553576','VIJAY','','BHALERAO','','MULSHI','PUNE',3,'2018-10-01 09:37:55','2018-10-01 09:37:55',NULL,13,'2018-10-01','BOOED INDIGO /INDICA CNG .','Interested'),(614,'9545045619','BHAUSAHEB','','SALUNKHE','','KIVLE','PUNE',3,'2018-10-01 09:39:18','2018-10-01 09:39:18',NULL,7,'2018-10-01','inquired about X-cent IN office.','Interested'),(615,'7319051865','YOGESH','','Tapkal','','kamshet','PUNE',3,'2018-10-01 09:50:38','2018-10-01 09:50:38',NULL,12,'2018-10-01','will come to office ','Interested'),(616,'7038200509','SANJAY','','KAMBLE','','PIMPRI','PIMPRI',3,'2018-10-01 10:52:11','2018-10-01 10:52:11',NULL,6,'2018-10-01','inquired about X-cent on call.','Interested'),(617,'9156565631','SWAPNIL','','MANE','','ALANDI','PUNE',3,'2018-10-01 11:11:39','2018-10-01 11:11:39',NULL,1,'2018-10-01','','Interested'),(618,'9156565631','SWAPNIL','','MANE','','ALANDI','PUNE',3,'2018-10-01 11:25:58','2018-10-01 11:25:58',NULL,1,'2018-10-01','ZEST XM (D) PRIVET.INQURY IN OFFICE.','Interested'),(619,'9673611466','JAYESH','','JADHAV','','NARHE','PUNE',3,'2018-10-01 11:45:02','2018-10-01 11:45:02',NULL,4,'2018-10-01','inquired about About hexa on call. privet.','Interested'),(620,'9552156111','Bhushan','','Gawate','','WALHEKARWADI','PUNE',3,'2018-10-01 11:48:52','2018-10-01 11:48:52',NULL,12,'2018-10-01','will come to office ','Interested'),(621,'8329556231','mahendra','','surawade','','','PUNE',4,'2018-10-02 05:13:33','2018-10-02 05:13:33',NULL,6,'2018-10-02','will visit the office','Interested'),(622,'9284456097','RAHUL','','SAUDE','','UTTAMNAGAR','PUNE',3,'2018-10-02 05:20:33','2018-10-02 05:20:33',NULL,6,'2018-10-02','inquired about X-cent on call.','Interested'),(623,'9762848586','NISHANT','','DESAI','','DHANKAWADI KATRAJ','PUNE',3,'2018-10-02 05:35:33','2018-10-02 05:35:33',NULL,13,'2018-10-02','will come to office  FOR innova inquiry','Interested'),(624,'7000035945','DAMODHAR','','KADAM','','PARBHANI','PUNE',3,'2018-10-02 06:48:35','2018-10-02 06:49:28',NULL,3,'2018-10-02','inquired about Zest on call.','Interested'),(625,'8830686186','GOKUL','','SABLE','','HADPSAR','PUNE',3,'2018-10-02 07:01:55','2018-10-02 07:01:55',NULL,8,'2018-10-02','inquired about Dezire on call.','Interested'),(626,'9623609797','NITIN','','DIGHE','','BHOSARI','PUNE',3,'2018-10-02 07:38:29','2018-10-02 07:38:29',NULL,13,'2018-10-02','INQUIRY ABOUT INDIGO CNG.','Interested'),(627,'9156971866','KARAN','','BHARTI','','HINJWADI','PUNE',3,'2018-10-02 07:43:28','2018-10-02 07:43:28',NULL,9,'2018-10-02','inquired about Dezire on call.','Interested'),(628,'8668478490','SACHIN','','MADARIYA','','PIMPRI','PUNE',3,'2018-10-02 09:09:31','2018-10-02 09:09:31',NULL,13,'2018-10-02','will come to office ','Interested'),(629,'9665785069','raj','','thakur','','aurangabad','aurangabad',10,'2018-10-02 09:20:32','2018-10-02 09:20:32',NULL,13,'2018-10-02','will visit the office','Interested'),(630,'7028859797','MAYUR','','BHONGLE','','SASWAD','PUNE',3,'2018-10-02 09:34:57','2018-10-02 09:34:57',NULL,6,'2018-10-02','WILL COME FOR XCENT BOOKING.','Interested'),(631,'7350884419','BALASAHEB','','HADTARE','','PIMPRI','PUNE',3,'2018-10-02 10:21:15','2018-10-02 10:21:15',NULL,8,'2018-10-02','inquired about Dezire on call.','Interested'),(632,'7755923552','MAHESH','','PHAND','','HADPASAR','PUNE',3,'2018-10-02 11:13:10','2018-10-02 11:13:10',NULL,6,'2018-10-02','inquired about X-cent on call.','Interested'),(633,'8888529767','SANJAY','','AAGHAV','','MOSHI','PUNE',3,'2018-10-02 12:02:24','2018-10-02 12:04:02',NULL,6,'2018-10-02','INQUIRY ABOUT ETIOS ON CALL.','Interested'),(634,'9970128124','SACHIN ','','CHAVAN','','LATUR','PUNE',3,'2018-10-03 05:27:25','2018-10-03 05:27:25',NULL,7,'2018-10-03','inquired about X-cent on call.','Interested'),(635,'9611170057','RAMJAN','','PATEL','','KARAD','PUNE',3,'2018-10-03 05:44:19','2018-10-03 05:44:19',NULL,7,'2018-10-03','inquired about X-cent on call.','Interested'),(636,'9762881953','ANIKET','','JAMDADE','','PUNE','PUNE',3,'2018-10-03 06:15:48','2018-10-03 06:15:48',NULL,6,'2018-10-03','Inquiry about innova on call.','Interested'),(637,'8308470297','RAHUL','','GAIKWAD','','KOTHRUD','PUNE',3,'2018-10-03 06:39:03','2018-10-03 06:39:03',NULL,7,'2018-10-03','Inquiry about Zest & x-cent on call.','Interested'),(638,'9011949589','PRMOD ','','DHULE','','MOREWASTI','PUNE',3,'2018-10-03 09:55:04','2018-10-03 09:55:04',NULL,7,'2018-10-03','inquired about X-cent on call.','Interested'),(639,'9730492143','DHARESHIL','','PAWAR','','HINJWADI','PUNE',3,'2018-10-03 09:57:28','2018-10-03 09:57:28',NULL,1,'2018-10-03','inquired about zest IN office.','Interested'),(640,'8873079999','ABHISHEK','','SINHA','','HI','PUNE',3,'2018-10-03 09:59:38','2018-10-03 09:59:38',NULL,1,'2018-10-03','inquired about zest IN office.','Interested'),(641,'9561091154','ULLAS','','PATIL','','CHAKAN','PUNE',3,'2018-10-03 10:01:55','2018-10-03 10:01:55',NULL,2,'2018-10-03','inquired about zest IN office.','Interested'),(642,'9545040910','GOPAL','','PATIL','','CHAKAN','PUNE',3,'2018-10-03 10:02:51','2018-10-03 10:02:51',NULL,2,'2018-10-03','inquired about zest IN office.','Interested'),(643,'7741066439','RITESH','','MRUDULE','','AUNDH','PUNE',3,'2018-10-03 10:19:24','2018-10-03 10:19:24',NULL,13,'2018-10-03','will come to office ','Interested'),(644,'9767740324','RAHUL','','DAREKAR','','KATRAJ','PUNE',3,'2018-10-03 11:47:38','2018-10-03 11:47:38',NULL,7,'2018-10-03','inquired about X-cent IN OFFICE.','Interested'),(645,'7908169293','SASHIKANT','','HEPALI','','GOPALPATTI','PUNE',3,'2018-10-03 11:49:39','2018-10-03 11:49:39',NULL,7,'2018-10-03','inquired about X-cent on call.','Interested'),(646,'7747899696','AKSHAY','','SHINDE','','AALANDI','PUNE',3,'2018-10-03 12:02:38','2018-10-03 12:02:38',NULL,7,'2018-10-03','inquired about X-cent in office.REFER PRAVIN SURYANSHI ','Interested'),(647,'9021083869','Annpurna','','Waghmare','','','',3,'2018-10-04 05:02:03','2018-10-04 05:02:03',NULL,8,'2018-10-04','inquiry about Dezire on call .','Interested'),(648,'8380084101','GHADGE','','SAMIR','','AKURDI','PUNE',3,'2018-10-04 05:21:10','2018-10-04 07:44:59',NULL,12,'2018-10-04','INQUIRY ABOUT XCENT IN OFFICE','Interested'),(649,'9834286035','RAHUL','','KALUKHE','','SATARA','SATARA',3,'2018-10-04 05:24:11','2018-10-04 05:24:11',NULL,6,'2018-10-04','will come to office ','Interested'),(650,'7219624113','BABASAHEB','','SHEWALE','','NIGDI','PUNE',3,'2018-10-04 05:56:54','2018-10-04 05:56:54',NULL,7,'2018-10-04','inquired about X-cent on call.','Interested'),(651,'9766827807','SHELAR','','KISHOR','','CHINCHWAD','PUNE',3,'2018-10-04 06:02:07','2018-10-04 06:02:07',NULL,8,'2018-10-04','will come to office ','Interested'),(652,'9970924822','SAGAR','','BHOSALE','','WAKAD','PUNE',3,'2018-10-04 06:29:37','2018-10-04 06:29:37',NULL,6,'2018-10-04','will come to office ','Interested'),(653,'8830524465','SANTOSH','','KOLPE','','KALEWADI','PUNE',3,'2018-10-04 07:30:44','2018-10-04 07:30:44',NULL,7,'2018-10-04','inquired about X-cent on call.','Interested'),(654,'9763355531','PRSHANT','','MUGLE','','WALEKARWADI','PUNE',3,'2018-10-04 07:39:45','2018-10-04 07:39:45',NULL,7,'2018-09-04','inquired about X-cent IN office.','Interested'),(655,'8669379234','GANESH','','JAMDAR','','AKURDI','PUNE',3,'2018-10-04 07:42:53','2018-10-04 07:42:53',NULL,7,'2018-10-04','inquired about X-cent in offfice.','Interested'),(656,'8855055067','rahul','','tidke','','AKURDI','PUNE',3,'2018-10-04 07:43:50','2018-10-04 07:43:50',NULL,6,'2018-10-04','inquired about X-cent IN OFFICE.','Interested'),(657,'9766295080','NIKHIL','','MANWANI','','GOPALPATTI','PUNE',3,'2018-10-04 07:47:54','2018-10-04 07:47:54',NULL,1,'2018-09-04','inquired about Zest on call.','Interested'),(658,'8805234070','ATISH','','MATRE','','LONAVLA','PUNE',3,'2018-10-06 04:54:20','2018-10-06 04:54:20',NULL,12,'2018-10-06','INQUIRY ABOUT W/R ON CALL.','Interested'),(659,'9172418415','BHAGWAN','','BHAVE','','MALWADI','PUNE',3,'2018-10-06 06:13:48','2018-10-06 06:13:48',NULL,6,'2018-10-06','will come to office ','Interested'),(660,'9112783186','SAYYED','','SHAIKH','','GOPALPATTI','PUNE',3,'2018-10-06 06:17:20','2018-10-06 06:17:20',NULL,1,'2018-10-06','inquired about X-cent on call.','Interested'),(661,'9657654818','RANJEET','','MALVE','','AKURDI','PUNE',3,'2018-10-06 06:33:10','2018-10-06 06:33:10',NULL,7,'2018-10-06','inquired about X-cent INOFFICE.','Interested'),(662,'7058404444','SANDEEP','','GOLE','','BHOSARI','PUNE',3,'2018-10-06 11:07:43','2018-10-06 11:07:43',NULL,7,'2018-10-06','inquired about X-cent IN OFFICE. REFER BY TIDKE.','Interested'),(663,'9822834012','VIKAS','','DIKSHIT','','','',3,'2018-10-06 11:08:31','2018-10-06 11:08:31',NULL,8,'2018-10-06','inquired about Dezire on call.','Interested'),(664,'8983392198','RAVI','','SWAMI','','SINHAGAD ROAD','PUNE',3,'2018-10-06 11:09:39','2018-10-06 11:09:39',NULL,6,'2018-10-06','inquired about X-cent on call.','Interested'),(665,'7709609124','KRUSHNA','','KUMBHAR','','KATRAJ','PUNE',3,'2018-10-06 11:12:07','2018-10-06 11:12:07',NULL,4,'2018-10-06','will come to office ','Interested'),(666,'9130244663','AKASH','','MOHITE','','LOHAGONE','PUNE',3,'2018-10-06 11:14:25','2018-10-06 11:14:25',NULL,13,'2018-10-06','inquired about HONDA CITY,CIAZ IN OFFICE.','Interested'),(667,'9850558369','FAFIK','','SANGVE','','HADAPSAR','PUNE',3,'2018-10-06 11:19:26','2018-10-06 11:19:26',NULL,6,'2018-10-06','inquired about X-CENT IN OFFICE.','Interested'),(668,'7378323006','VITTHAL','','CHATE','','AALANDI','PUNE',3,'2018-10-06 11:21:29','2018-10-06 11:21:29',NULL,3,'2018-10-06','inquired about zest IN office.','Interested'),(669,'9021082015','RANJEET','','GUNALE','','ALANDI','PUNE',3,'2018-10-06 11:24:19','2018-10-06 11:24:19',NULL,7,'2018-10-06','BOOKED X-CENT (D)','Interested'),(670,'9112783186','SHYYED','','SHAIKH','','HADPSAR','PUNE',3,'2018-10-06 11:26:01','2018-10-06 11:26:01',NULL,7,'2018-10-06','will come to office ','Interested'),(671,'9766295080','NIKESH','','MANWANI','','DEHU','PUNE',3,'2018-10-07 06:49:29','2018-10-07 06:49:29',NULL,3,'2018-10-07','inquired about zest IN office.','Interested'),(672,'8600285194','ASHOK','BHANUDAS','KADAM','','LONI KALHBOR','PUNE',3,'2018-10-07 06:51:42','2018-10-31 05:10:41',NULL,2,'2018-10-07','ZEST CNG','Interested'),(673,'9822782207','NAGESH','','HATKE','','BALEWADI','PUNE',3,'2018-10-07 06:53:03','2018-10-07 06:53:03',NULL,8,'2018-10-07','will come to office ','Interested'),(674,'7030051212','SAGAR','','DESAI','','KOLHAPUE','KOLHAPUE',3,'2018-10-07 06:55:27','2018-10-07 06:55:27',NULL,6,'2018-10-07','will come to office ','Interested'),(675,'9689543177','SACHIN','','MUNDHE','','PACCHIM BANGAL','PACCHIM BANGAL',3,'2018-10-07 09:29:51','2018-10-07 09:29:51',NULL,7,'2018-10-07','will come to office ','Interested'),(676,'8999131462','sachin','','pokle','','BEED','ASTI',3,'2018-10-07 10:15:55','2018-10-07 10:15:55',NULL,2,'2018-10-07','will come to office ','Interested'),(677,'7888106251','SAHADEV','','SHINDE','','LONI KALHBOR','PUNE',3,'2018-10-07 10:17:29','2018-10-07 10:17:29',NULL,3,'2018-10-07','COME FOR ZEST BOOKING','Interested'),(678,'8830340002','AKASH','','AANKADE','','GOPALPATTI','PUNE',3,'2018-10-07 10:25:03','2018-10-07 10:25:03',NULL,6,'2018-10-07','inquired about X-cent on call.','Interested'),(679,'9850230908','Sham','','Gaikwad','','','Pune',4,'2018-10-08 04:41:23','2018-10-08 04:41:23',NULL,9,'2018-10-08','','1'),(680,'7020642201','PRADEEP','','KUMBHAR','','YERAVDA','PUNE',3,'2018-10-08 05:23:36','2018-10-08 05:23:36',NULL,7,'2018-10-08','inquired about X-cent on call.','Interested'),(681,'8928289668','ANKIT','','PAWAR','','GOPALPATTI','PUNE',3,'2018-10-08 08:08:05','2018-10-08 08:08:05',NULL,7,'2018-10-08','will come to office FOR x-cent booking .','Interested'),(682,'7020642201','PRADEEP','','KUMBHAR','','YERAVDA','PUNE',3,'2018-10-08 08:09:32','2018-10-08 08:09:32',NULL,6,'2018-10-08','inquired about X-cent on call.','Interested'),(683,'8329841212','ABHIJIT','','ADHGALE','','GOPALPATTI','PUNE',3,'2018-10-08 08:10:52','2018-10-08 08:10:52',NULL,1,'2018-10-08','inquired about Zest on call.','Interested'),(684,'8805841008','MANISH','','GAWADE','','JEJURI','PUNE',3,'2018-10-08 08:12:18','2018-10-08 08:12:18',NULL,6,'2018-10-08','inquired about X-cent on call.','Interested'),(685,'8788389560','ROHAN','','SOUDE','','GOPALPATTI','PUNE',3,'2018-10-08 08:13:20','2018-10-08 08:13:20',NULL,2,'2018-10-08','inquired about Zest on call.','Interested'),(686,'8983260482','DESHMUKH','','RUSHIKESH','','AKURDI','PUNE',3,'2018-10-08 08:15:26','2018-10-08 08:15:26',NULL,1,'2018-10-08','inquired about zest IN office.','Interested'),(687,'7798618139','MANGESH','','SHINDE','','WAKAD','PUNE',3,'2018-10-08 08:21:53','2018-10-08 08:21:53',NULL,7,'2018-10-08','inquired about X-cent IN office.','Interested'),(688,'9881870123','SANDEEP','','UDANE','','AKURDI','PUNE',3,'2018-10-08 08:22:59','2018-10-08 08:22:59',NULL,13,'2018-10-08','TAIGO','Interested'),(689,'8459262004','KAMBLE','','PRUTHVIRAJ','','','',3,'2018-10-08 08:25:01','2018-10-08 08:25:01',NULL,1,'2018-10-08','inquired about zest IN office.','Interested'),(690,'8668759621','SUJIT','','KAMBLE','','PIMPRI','PUNE',3,'2018-10-09 04:59:25','2018-10-09 04:59:25',NULL,3,'2018-10-09','inquired about Zest on call.','Interested'),(691,'9028730530','SAMIR','','AAREKAR','','BHOSARI','PUNE',3,'2018-10-09 05:00:51','2018-10-09 05:00:51',NULL,7,'2018-10-09','inquired about X-cent on call.','Interested'),(692,'8424942009','RAVINDRA','','LOHAR','','MUMBAI','MUMBAI',3,'2018-10-09 05:11:59','2018-10-09 05:11:59',NULL,6,'2018-10-09','inquired about X-cent on call.','Interested'),(693,'9764837855','MANISH','','SHINDE','','','',3,'2018-10-09 05:12:49','2018-10-09 05:12:49',NULL,2,'2018-10-09','inquired about Zest on call.','Interested'),(694,'9552849767','SAMEER','','THAKAR','','HINJAWADI','',12,'2018-10-09 09:11:23','2018-10-09 09:11:23',NULL,13,'2018-10-09','','Interested'),(695,'9850621172','TUSHAR','','KHOPKAR','','PUNE','PUNE',3,'2018-10-09 10:51:38','2018-10-09 10:51:38',NULL,6,'2018-10-09','','Interested'),(696,'9764464602','VIJAY','','JADHAV','','PUNE','PUNE',3,'2018-10-09 10:52:43','2018-10-09 10:52:43',NULL,6,'2018-10-09','','Interested'),(697,'9028730530','SAMEER ','','ALEKAR','','BHOSARI','PUNE',3,'2018-10-09 10:54:04','2018-10-09 10:54:04',NULL,7,'2018-10-09','','Interested'),(698,'6377652097','K.P','','SING','','SHIVAJINAGAR','PUNE',3,'2018-10-09 10:55:17','2018-10-09 10:55:17',NULL,7,'2018-10-09','','Interested'),(699,'9527040302','SAGAR','','NAIK','','GOPALPATTI','PUNE',3,'2018-10-09 10:56:26','2018-10-09 10:56:26',NULL,6,'2018-10-09','','Interested'),(700,'9112142337','VISHAL','','RENSE','','PUNE','PUNE',3,'2018-10-09 10:58:43','2018-10-09 10:58:43',NULL,7,'2018-10-09','','Interested'),(701,'7558697976','ANAND','','SAKTE','','BHOSARI','PUNE',3,'2018-10-09 11:01:22','2018-10-09 11:01:22',NULL,6,'2018-10-09','will come to office ','Interested'),(702,'9764837855','MANISH','','SHINDE','','','PUNE',3,'2018-10-09 11:04:09','2018-10-09 11:04:52',NULL,3,'2018-10-09','','Interested'),(703,'8668759621','SUJIT','','KAMBLE','','PIMPRI','PUNE',3,'2018-10-09 11:06:03','2018-10-09 11:06:03',NULL,1,'2018-10-09','','Interested'),(704,'8249213825','RAHUL','','SAKSENA','','ANDHERI','ANDHERI',3,'2018-10-09 11:11:52','2018-10-09 11:11:52',NULL,3,'2018-10-09','','Interested'),(705,'7020642201','SANDIP','BABAN','BHALERAV','','BARAMATI','BARAMATI',3,'2018-10-09 11:30:36','2018-10-09 11:30:36',NULL,3,'2018-10-09','ZEST','Interested'),(706,'7559272616','BHIMASHANKAR','','KAMBLE','','BHOSARI','PUNE',3,'2018-10-10 05:51:43','2018-10-10 05:51:43',NULL,8,'2018-10-10','will come to office ','Interested'),(707,'7020219577','GORE','','BALAJI','','GOPALPATTI','PUNE',3,'2018-10-10 05:52:54','2018-10-10 05:52:54',NULL,8,'2018-10-10','','Interested'),(708,'7972712436','AVINASH','','RATHOD','','DHAYRI','PUNE',3,'2018-10-10 06:04:02','2018-10-10 06:04:02',NULL,7,'2018-10-10','X-CENT','Interested'),(709,'9604190513','SANTOSH ','RAM ',' GUNTE','','CHINCHWAD','PUNE',3,'2018-10-10 08:22:15','2018-10-10 08:22:15',NULL,2,'2018-10-10','','Interested'),(710,'7972712436','RATHOD','','AVINASH','','DHAYRI','PUNE',3,'2018-10-10 08:28:19','2018-10-10 08:28:19',NULL,6,'2018-10-10','','Interested'),(711,'7391930447','KIRAN','','SHINDE','','NALASOPARA','MUMBAI',3,'2018-10-10 08:29:30','2018-10-10 08:29:30',NULL,7,'2018-10-10','','Interested'),(712,'9922461091','SANTOSH','','YAKAR','','NARHE','PUNE',3,'2018-10-10 08:30:37','2018-10-10 08:30:37',NULL,12,'2018-10-10','','Interested'),(713,'8806528804','RAJENDRA','','HOSALE','','GOPALPATTI','PUNE',3,'2018-10-10 08:31:36','2018-10-10 08:31:36',NULL,3,'2018-10-10','','Interested'),(714,'9172737565','SABBIR','','KHAN','','CHINCHWAD','PUNE',3,'2018-10-10 08:33:03','2018-10-10 08:33:03',NULL,3,'2018-10-10','','Interested'),(715,'9325796116','AJAY','','CHAVAN','','PUNE','PUNE',3,'2018-10-10 08:34:33','2018-10-10 08:34:33',NULL,3,'2018-10-10','','Interested'),(716,'9158654668','LAXUMAN','','BHISE','','GOPALPATTI','PUNE',3,'2018-10-10 08:35:28','2018-10-10 08:35:28',NULL,3,'2018-10-10','','Interested'),(717,'9970773737','VIJAY','','SHINDE','','KASARSAI','PUNE',3,'2018-10-10 08:36:39','2018-10-10 08:36:39',NULL,12,'2018-10-10','','Interested'),(718,'9112613461','AAKASH','','SURYANSHI ','','GOPALPATTI','PUNE',3,'2018-10-10 08:39:19','2018-10-10 08:39:19',NULL,2,'2018-10-10','','Interested'),(719,'9145206338','prakash','','GAIKWAD','','LOHAGONE','PUNE',3,'2018-10-10 09:04:11','2018-10-10 09:04:11',NULL,9,'2018-10-10','','Interested'),(720,'9404506814','TUSHAR','','NARKHEDE','','GOPALPATTI','PUNE',3,'2018-10-10 12:13:01','2018-10-10 12:13:01',NULL,2,'2018-10-10','inquired about zest IN office.','Interested'),(721,'7057875003','PRADEEP','','SHINDE','','KOLHAPUR','KOLHAPUR',3,'2018-10-10 12:15:10','2018-10-10 12:15:10',NULL,7,'2018-10-10','WILL COME FOR XCENT BOOKING.','Interested'),(722,'9657468967','VILAS','','PATIL','','TALEGONE','PUNE',3,'2018-10-10 12:16:43','2018-10-10 12:16:43',NULL,3,'2018-10-10','','Interested'),(723,'9890697806','RAFIK','','KHAN','','RAVET','PUNE',3,'2018-10-10 12:18:09','2018-10-10 12:18:09',NULL,2,'2018-10-10','inquired about zest IN office.','Interested'),(724,'9545045619','BHAUSAHEB','','SALUNKHE','','KIVLE','PUNE',3,'2018-10-10 12:19:42','2018-10-10 12:19:42',NULL,2,'2018-10-10','inquired about zest IN office.','Interested'),(725,'9145206338','PRAKASH','','GAIKWAD','','LOHAGONE','PUNE',3,'2018-10-10 12:20:46','2018-10-10 12:20:46',NULL,1,'2018-10-10','','Interested'),(726,'8329245106','RAHUL','','MOHITE','','CHAKAN','PUNE',3,'2018-10-10 12:22:27','2018-10-10 12:22:27',NULL,2,'2018-10-10','inquired about zest IN office.','Interested'),(727,'9923685355','SHANKAR','','AAGIVILE','','WADGONE MAVAL','PUNE',3,'2018-10-10 12:24:14','2018-10-10 12:24:14',NULL,1,'2018-10-10','','Interested'),(728,'9881321566','BALASAHEB','','THARKUDE','','TALEGONE','PUNE',3,'2018-10-10 12:25:09','2018-10-10 12:25:09',NULL,3,'2018-10-10','inquired about zest IN office.','Interested'),(729,'9594464162','SANDEEP ','','KALHKATKAR','','GOPALPATTI','PUNE',3,'2018-10-10 12:26:07','2018-10-10 12:26:07',NULL,3,'2018-10-10','inquired about zest IN office.','Interested'),(730,'9168180146','VIJAY','','MULE','','GOPALPATTI','PUNE',3,'2018-10-11 05:51:47','2018-10-11 05:51:47',NULL,2,'2018-10-11','','Interested'),(731,'8208517823','ASISH','','KUMBHAR','','GOPALPATTI','PUNE',3,'2018-10-11 05:52:43','2018-10-11 05:52:43',NULL,7,'2018-10-11','RAHUL TIDKE','Interested'),(732,'9730191091','DEEPAK','','JADHAV','','GOPALPATTI','PUNE',3,'2018-10-11 06:10:41','2018-10-11 06:10:41',NULL,8,'2018-10-11','','Interested'),(733,'9975561182','DATTATRAY','','MINDE','','BHOSARI','PUNE',3,'2018-10-11 08:19:14','2018-10-11 08:19:14',NULL,2,'2018-10-11','','Interested'),(734,'9834916986','Pawar','','','','','satara',4,'2018-10-11 08:32:13','2018-10-11 08:32:13',NULL,6,'2018-10-11','','Interested'),(735,'9767297729','VIKRAM','','BHAGAT','','NIGDI','PUNE',3,'2018-10-11 08:34:34','2018-10-11 08:34:34',NULL,3,'2018-10-11','','Interested'),(736,'7218595907','AKSHAY','','SHIRSAGAR','','GOPALPATTI','PUNE',3,'2018-10-11 12:26:05','2018-10-11 12:26:05',NULL,2,'2018-10-11','','Interested'),(737,'9145399920','VIBHAV','','PATIL','','KATRAJ','PUNE',3,'2018-10-11 12:27:33','2018-10-11 12:27:33',NULL,2,'2018-10-11','','Interested'),(738,'7007139394','KAMALDDIN','','LKAN','','KHADKI','PUNE',3,'2018-10-11 12:28:52','2018-10-11 12:28:52',NULL,3,'2018-10-11','','Interested'),(739,'8888212149','AKSHAY','','WALKE','','WAKAD','PUNE',3,'2018-10-12 05:17:54','2018-10-12 05:17:54',NULL,2,'2018-10-12','inquired about Zest on call.','Interested'),(740,'9527124989','BAJIRANG','','KAMBLE','','GOPALPATTI','PUNE',3,'2018-10-12 08:16:36','2018-10-12 08:16:36',NULL,2,'2018-10-12','RAHUL TIDKE','Interested'),(741,'9607049634','SUSHIL','','SARODE','','GOPALPATTI','PUNE',3,'2018-10-12 08:17:45','2018-10-12 08:17:45',NULL,3,'2018-10-12','will come to office ','Interested'),(742,'9772905684','DADASAHEB','','MANE','','WARJE','PUNE',3,'2018-10-12 09:37:43','2018-10-12 09:37:43',NULL,7,'2018-10-12','inquired about X-cent on call.','Interested'),(743,'8999619774','MANKANI','','DASHRAJ','','GOPALPATTI','PUNE',3,'2018-10-12 09:57:46','2018-10-12 09:57:46',NULL,13,'2018-10-12','','Interested'),(744,'8421082111','VIJAY','','BHOSALE','','NIGDI','PUNE',3,'2018-10-15 05:36:28','2018-10-15 05:36:28',NULL,3,'2018-10-15','','Interested'),(745,'9921602684','SHAILESH','','AATKARE','','PIMPRI','PUNE',3,'2018-10-15 05:37:29','2018-10-15 05:37:29',NULL,13,'2018-10-15','','Interested'),(746,'9766307483','VIJAY','','JAGTAP','','DOUND','PUNE',3,'2018-10-15 05:40:41','2018-10-15 05:40:41',NULL,13,'2018-10-15','','Interested'),(747,'7389464943','RAMESH','','PAWAR','','GOPALPATTI','PUNE',3,'2018-10-15 06:12:18','2018-10-15 06:12:18',NULL,1,'2018-10-15','','Interested'),(748,'9922232410','PARMESHWAR ',' NAGNATH ','PAWR','','VIMANNAGAR','PUNE',3,'2018-10-15 07:55:04','2018-10-15 07:55:04',NULL,7,'2018-10-15','BOOKED ZEST CNG','Interested'),(749,'8055941001','MARUTI ',' RAMLING','GAIKWAD','','URULI KANCHAN','PUNE',3,'2018-10-15 07:56:34','2018-10-15 07:56:34',NULL,7,'2018-10-15','','Interested'),(750,'7020212201','AJAY','','KAROSIA','','GOPALPATTI','PUNE',3,'2018-10-15 09:44:18','2018-10-15 09:44:18',NULL,4,'2018-10-15','','Interested'),(751,'9881979862','AJIT','','BHONDVE','','','PUNE',3,'2018-10-15 11:14:35','2018-10-15 11:14:35',NULL,7,'2018-10-15','will come to office ','Interested'),(752,'8459320957','DEEPAK','','SATHE','','GOPALPATTI','PUNE',3,'2018-10-16 06:32:28','2018-10-16 06:32:28',NULL,7,'2018-10-16','','Interested'),(753,'9834696720','AVINASH','','SANSARE','','BHOSARI','PUNE',3,'2018-10-16 06:34:59','2018-10-16 06:34:59',NULL,7,'2018-10-16','will come to office ','Interested'),(754,'9604679485','KARAN','','MADALE','','BAVDHAN','PUNE',3,'2018-10-16 06:44:10','2018-10-16 06:44:10',NULL,2,'2018-10-16','','Interested'),(755,'8287766878','ANAND','','','','KARNATAKA','KARNATAKA',3,'2018-10-16 06:52:45','2018-10-16 06:52:45',NULL,2,'2018-10-16','','Interested'),(756,'7709971356','SWAPNIL','','JADHAV','','TALAVDE','PUNE',3,'2018-10-16 08:22:37','2018-10-16 08:22:37',NULL,6,'2018-10-16','','Interested'),(757,'9975196663','RAJ','','JAGTAP','','PIMPRI','PUNE',3,'2018-10-16 11:20:19','2018-10-16 11:20:19',NULL,13,'2018-10-16','PRIVATE CAR TIAGO XM P,','Interested'),(758,'8446210421','PUNAM','','THOMBRE','','VISHRANTWADI','PUNE',3,'2018-10-16 11:22:31','2018-10-16 11:22:31',NULL,6,'2018-10-16','OLA DRIVER CUSTOMER,(PRATIK','Interested'),(759,'7709971356','SWAPNIL','','JADHAV','','PUNE','PUNE',3,'2018-10-16 11:24:17','2018-10-16 11:24:17',NULL,7,'2018-10-16','will come to office ','Interested'),(760,'9146073351','SHIVANAND','','MOCHI','','GOPALPATTI','PUNE',3,'2018-10-17 07:32:59','2018-10-17 07:32:59',NULL,3,'2018-10-17','','Interested'),(761,'9767400330','HARISH','','SATHE','','GOPALPATTI','PUNE',3,'2018-10-17 07:33:48','2018-10-17 07:33:48',NULL,3,'2018-10-17','','Interested'),(762,'9527055748','ZAID','','PATHAN','','GOPALPATTI','PUNE',3,'2018-10-17 07:35:03','2018-10-17 07:35:03',NULL,3,'2018-10-17','','Interested'),(763,'9561017522','NILESH','','AKBOTE','','GOPALPATTI','PUNE',3,'2018-10-17 11:39:52','2018-10-17 11:39:52',NULL,9,'2018-10-17','will come to office ','Interested'),(764,'9763647955','NILESH','','DESHMUKH','','PIRANGUT','PUNE',3,'2018-10-17 11:41:01','2018-10-17 11:41:01',NULL,1,'2018-10-17','','Interested'),(765,'7972466597','UMESH','','MORE','','','',3,'2018-10-19 09:55:25','2018-10-19 09:55:25',NULL,3,'2018-10-19','','Interested'),(766,'9763091260','SOMNATH','','LOKHANDE','','GOPALPATTI','PUNE',3,'2018-10-19 09:56:37','2018-10-19 09:56:37',NULL,3,'2018-10-19','','Interested'),(767,'9960792444','RAMDAS','','MORE','','AKURDI','PUNE',3,'2018-10-19 10:25:24','2018-10-19 10:25:24',NULL,2,'2018-10-19','','Interested'),(768,'9309716223','NIVRUTTI','','MASHAL','','BHOSARI','PUNE',3,'2018-10-19 11:10:42','2018-10-19 11:13:33',NULL,1,'2018-10-19','','Interested'),(769,'9673531076','JAVED','','SHAIKH','','BHAWANI PETH','PUNE',3,'2018-10-19 11:12:51','2018-10-19 11:12:51',NULL,7,'2018-10-19','','Interested'),(770,'9673531076','JAVED','','SHAIKH','','BHAWANI PETH','PUNE',3,'2018-10-19 11:12:51','2018-10-19 11:12:51',NULL,7,'2018-10-19','','Interested'),(771,'9850195659','Bhalchandra','','MISAL','','CHINCHWAD','PUNE',3,'2018-10-20 05:15:08','2018-10-20 05:15:08',NULL,1,'2018-10-20','ZEST','Interested'),(772,'9890698942','SANTOSH','','GULBILE','','MOREWASTI CHIKHALI','PUNE',3,'2018-10-20 06:26:28','2018-10-20 06:26:28',NULL,7,'2018-10-20','','Interested'),(773,'8087121004','RAHUL','','TAOUR','','CHIKHALI','PUNE',3,'2018-10-20 06:27:28','2018-10-20 06:27:28',NULL,7,'2018-10-20','','Interested'),(774,'9975751669','JAGDISH','','TALIKIK','','PUNE','PUNE',3,'2018-10-20 07:53:34','2018-10-20 07:53:34',NULL,7,'2018-10-20','','Interested'),(775,'9922978808','ASIF','','SHAIKH','','GOPALPATTI','PUNE',3,'2018-10-20 07:59:32','2018-10-20 07:59:32',NULL,5,'2018-10-20','','Interested'),(776,'9922461091','SANTOSH','','WAIKAR','','','PUNE',3,'2018-10-20 09:37:20','2018-10-20 09:37:20',NULL,7,'2018-10-20','','Interested'),(777,'8362297071','AAKASH','','WAGHMARE','','GOPALPATTI','PUNE',3,'2018-10-20 09:38:18','2018-10-20 09:38:18',NULL,7,'2018-10-20','','Interested'),(778,'8999572088','NITN','','VARMA','','','',3,'2018-10-20 09:38:58','2018-10-20 09:38:58',NULL,7,'2018-10-20','','Interested'),(779,'9175414717','GANESH','','KICHME','','BHO','PUNE',3,'2018-10-22 09:29:26','2018-10-22 09:29:26',NULL,2,'2018-10-22','','Interested'),(780,'9545828501','VITTHAL','','KOLI','','HINJWADI','PUNE',3,'2018-10-22 09:36:25','2018-10-22 09:36:25',NULL,13,'2018-10-22','','Interested'),(781,'8459627702','SHRIRANG','','KULKARNI','','GOPALPATTI','PUNE',3,'2018-10-22 10:16:39','2018-10-22 10:16:39',NULL,1,'2018-10-22','','Interested'),(782,'9145664502','SUNIL','','KALHEKAR','','','',3,'2018-10-22 11:10:13','2018-10-22 11:10:13',NULL,7,'2018-10-22','','Interested'),(783,'8459779202','AMOL','','SOLAPPA','','HADPSAR','PUNE',3,'2018-10-22 11:11:25','2018-10-22 11:11:25',NULL,7,'2018-10-22','','Interested'),(784,'9822633804','LAXUMAN','','SHINDE','','GOPALPATTI','PUNE',3,'2018-10-22 11:12:25','2018-10-22 11:12:25',NULL,1,'2018-10-22','','Interested'),(785,'9763647955','NILESH','','DHAMALE','','MULSHI','PUNE',3,'2018-10-22 11:13:42','2018-10-22 11:13:42',NULL,2,'2018-10-22','','Interested'),(786,'9860980757','VIKAS','','DIMOND','','GOPALPATTI','PUNE',3,'2018-10-22 11:16:19','2018-10-22 11:16:19',NULL,7,'2018-10-22','','Interested'),(787,'9921524980','AVINASH','','CHAVAN','','INDURI','PUNE',3,'2018-10-22 12:01:41','2018-10-22 12:01:41',NULL,2,'2018-10-22','','Interested'),(788,'7798150826','DEEPAK','','JADHAV','','HADPSAR','PUNE',3,'2018-10-23 07:58:58','2018-10-23 07:58:58',NULL,3,'2018-10-23','','Interested'),(789,'9763756767','VIKRAM','','DAREKAR','','HINJWADI','PUNE',3,'2018-10-23 08:01:05','2018-10-23 08:01:05',NULL,13,'2018-10-23','WANT 10 INNOVA IN BULK FOR COMPANY CONTRACT.','Interested'),(790,'9604420400','NIKHIL','','SHUGOKAR','','GOPALPATTI','PUNE',3,'2018-10-23 10:02:05','2018-10-23 10:02:05',NULL,1,'2018-10-23','','Interested'),(791,'9545045619','SWAPNIL ','','GAIKWAD','','','',3,'2018-10-24 06:18:27','2018-10-24 06:18:27',NULL,3,'2018-10-24','','Interested'),(792,'9545171118','CHADRKANT ','','PENDSE ','','RAIGAD','RAIGAD',3,'2018-10-24 06:31:12','2018-10-24 06:31:12',NULL,3,'2018-10-24','','Interested'),(793,'7720923686','SACHIN','','SAUJI','','','',3,'2018-10-24 06:41:57','2018-10-24 06:41:57',NULL,3,'2018-10-24','','Interested'),(794,'8888442845','SUMIT','','JOGDAND','','CHINCHWAD','PUNE',3,'2018-10-24 09:57:10','2018-10-24 09:57:10',NULL,7,'2018-10-24','','Interested'),(795,'9881234855','AMER','','ROUT','','KOTHRUD','PUNE',3,'2018-10-24 11:21:51','2018-10-24 11:21:51',NULL,6,'2018-10-24','','Interested'),(796,'9604008886','suraj','','','','','PUNE',13,'2018-10-24 11:46:23','2018-10-24 11:46:23',NULL,13,'2018-10-24','will visit the office','Interested'),(797,'8329449650','swapnl','','s','','','PUNE',13,'2018-10-25 05:04:43','2018-10-25 05:04:43',NULL,13,'2018-10-25','Inquiry about santro on call.','Interested'),(798,'7721838618','vinayak ','','jadhav','','katraj','pune',12,'2018-10-25 05:12:07','2018-10-25 05:12:07',NULL,1,'2018-08-25','','Interested'),(799,'9822621367','rajesh','','s','','','satara',13,'2018-10-25 05:13:20','2018-10-25 05:13:20',NULL,11,'2018-10-25','will visit the office','Interested'),(800,'7028041555','rakesh ','','jain','','dhankavdi','pune',12,'2018-10-25 05:13:42','2018-10-25 05:13:42',NULL,12,'2018-08-25','','Interested'),(801,'9561899796','NITIN','','','','MOSHI','PUNE',12,'2018-10-25 05:15:13','2018-10-25 05:15:13',NULL,12,'2018-08-25','','Interested'),(802,'9028353535','mahepati','','patil','','','PUNE',13,'2018-10-25 05:15:23','2018-10-25 05:15:23',NULL,13,'2018-10-25','will visit the office','Interested'),(803,'9890877888','JADHAV','','','','VISHRANT WADI','PUNE',12,'2018-10-25 05:16:53','2018-10-25 05:16:53',NULL,13,'2018-08-25','','Interested'),(804,'7972888734','SHUBHAM','','','','HINJAWADI','PUNE',12,'2018-10-25 05:18:49','2018-10-25 05:18:49',NULL,13,'2018-08-25','','Interested'),(805,'7972888734','SHUBHAM','','','','HINJAWADI','PUNE',12,'2018-10-25 05:18:49','2018-10-25 05:18:49',NULL,13,'2018-08-25','','Interested'),(806,'7558787894','nagesh','','p','','','jalgoan',13,'2018-10-25 05:27:35','2018-10-25 05:27:35',NULL,13,'2018-10-25','will visit the office','Interested'),(807,'9130833020','RAMESH','','MASKAR','','KOLHAPUR','KOLHAPUR',12,'2018-10-25 05:31:36','2018-10-25 05:31:36',NULL,13,'2018-08-25','','Interested'),(808,'8830390854','schine','','JADHAV','','','PUNE',13,'2018-10-25 05:32:32','2018-10-25 05:32:32',NULL,13,'2018-10-25','will visit the office','Interested'),(809,'9657133004','Shreedhar','','Patil','','','latur',14,'2018-10-25 05:37:36','2018-10-25 05:37:36',NULL,6,'2018-10-24','','Interested'),(810,'9953111050','Sunil','','Bharadwaj','','','Delhi',14,'2018-10-25 05:40:33','2018-10-25 05:40:33',NULL,13,'2018-10-24','','Interested'),(811,'9764665892','Rahul','','RESIDENCY','','','PUNE',13,'2018-10-25 05:42:07','2018-10-25 05:42:07',NULL,8,'2018-10-25','will visit the office','Interested'),(812,'9689555151','Mahendra','','Patil','','','Chinchwad',14,'2018-10-25 05:47:41','2018-10-25 05:47:41',NULL,13,'2018-10-24','','Interested'),(813,'9595928682','Ketan','','','','','Aurangabad',14,'2018-10-25 05:49:05','2018-10-25 05:49:05',NULL,13,'2018-10-24','','Interested'),(814,'7020549496','Unknown','','','','','',14,'2018-10-25 05:50:50','2018-10-25 05:50:50',NULL,13,'2018-10-25','','Interested'),(815,'7020549496','prashant','','','','','',14,'2018-10-25 05:51:31','2018-10-25 05:51:31',NULL,13,'2018-10-25','','Interested'),(816,'7020549496','prashant','','','','','',14,'2018-10-25 05:51:31','2018-10-25 05:51:31',NULL,13,'2018-10-25','','Interested'),(817,'8888064830','mahesh','','','','','',13,'2018-10-25 05:53:34','2018-10-25 05:53:34',NULL,13,'2018-10-25','will visit the office','Interested'),(818,'7742591916','Datturan','','','','','Pune',14,'2018-10-25 05:54:08','2018-10-25 05:54:08',NULL,13,'2018-10-25','','Interested'),(819,'7096014100','SACHIN','','RESIDENCY','','','PUNE',13,'2018-10-25 06:12:50','2018-10-25 06:12:50',NULL,4,'2018-10-25','will visit the office','Interested'),(820,'7559233219','govind','','RESIDENCY','','','PUNE',13,'2018-10-25 06:16:45','2018-10-25 06:16:45',NULL,6,'2018-10-25','will visit the office','Interested'),(821,'7887544848','DHANURAJ','','','','','KOTHROD',14,'2018-10-25 06:25:10','2018-10-25 06:25:10',NULL,1,'2018-10-25','','Interested'),(822,'7020236130','SATAYAWAN','','','','','CHAKHAN',14,'2018-10-25 06:26:35','2018-10-25 06:26:35',NULL,13,'2018-10-25','','Interested'),(823,'7020236130','SATAYAWAN','','','','','CHAKHAN',14,'2018-10-25 06:27:22','2018-10-25 06:27:22',NULL,13,'2018-10-25','','Interested'),(824,'8308097213','nekhil','','shine','','','mumbai',13,'2018-10-25 06:36:19','2018-10-25 06:36:19',NULL,6,'2018-10-25','Inquiry about X-cent on call','Interested'),(825,'7447442059','SURESH','','RESIDENCY','','','PUNE',13,'2018-10-25 06:50:05','2018-10-25 06:50:05',NULL,6,'2018-10-25','will visit the office','Interested'),(826,'9028905340','GANESH','','','','','Beed',14,'2018-10-25 07:03:35','2018-10-25 07:03:35',NULL,13,'2018-10-25','','Interested'),(827,'9588063082','manjet','','RESIDENCY','','','PUNE',13,'2018-10-25 07:06:17','2018-10-25 07:06:17',NULL,1,'2018-10-25','Inquiry about Dezire and tata zest on call.','Interested'),(828,'9665151786','kalpsh','','RESIDENCY','','nagar ROAD','PUNE',13,'2018-10-25 07:10:28','2018-10-25 07:10:28',NULL,13,'2018-10-25','will visit the office','Interested'),(829,'9665151786','Abhijeet','','','','','Hadapsar',13,'2018-10-25 07:13:57','2018-10-25 07:13:57',NULL,13,'2018-10-25','Inquired about Innova,will visit the office','Interested'),(830,'7418194749','Somnath','','Patalkar','','','talegaon',14,'2018-10-25 07:18:01','2018-10-25 07:18:01',NULL,13,'2018-10-25','','Interested'),(831,'7875554483','anand','','RESIDENCY','','','PUNE',13,'2018-10-25 07:27:57','2018-10-25 07:27:57',NULL,13,'2018-10-25','Inquiry about mahendra xylo on call.','Interested'),(832,'7039455296','patil','','','','','DANGE CHK',14,'2018-10-25 07:32:46','2018-10-25 07:32:46',NULL,13,'2018-10-25','','Interested'),(833,'9175602602','shive','','RESIDENCY','','','PUNE',13,'2018-10-25 07:35:14','2018-10-25 07:35:14',NULL,4,'2018-10-25','will visit the office','Interested'),(834,'9175602602','Ganesh','','','','','bhevandi',13,'2018-10-25 07:43:48','2018-10-25 07:43:48',NULL,13,'2018-10-25','will visit the office','Interested'),(835,'7387771084','Ganesh','','','','','bhevandi',13,'2018-10-25 07:45:29','2018-10-25 07:45:29',NULL,13,'2018-10-25','will visit the office at alto 800','Interested'),(836,'7769836077','SANTOSH','','','','','aurangabad',13,'2018-10-25 07:49:49','2018-10-25 07:49:49',NULL,13,'2018-10-25','Inquiry about Eon on call.','Interested'),(837,'9284728684','VIJAY','','','','','sangmner',13,'2018-10-25 08:00:25','2018-10-25 08:00:25',NULL,6,'2018-10-25','Inquiry about xcent on call.','Interested'),(838,'9975697536','Kumar','','','','','DANGE CHK',14,'2018-10-25 08:10:59','2018-10-25 08:10:59',NULL,4,'2018-10-25','','Interested'),(839,'7972562185','Sachin','','Kotapure','','','WAGHOLI',14,'2018-10-25 08:31:53','2018-10-25 08:31:53',NULL,13,'2018-10-25','','Interested'),(840,'8999169291','PAWAR','','','','','KATRAJ',14,'2018-10-25 09:45:27','2018-10-25 09:45:27',NULL,13,'2018-10-25','','Interested'),(841,'9822591918','aniket','','gikwad','','WAGHOLI ROAD','PUNE',13,'2018-10-25 10:39:52','2018-10-25 10:39:52',NULL,4,'2018-10-25','will visit the office','Interested'),(842,'8956286397','vinod','','','','','WAKAD',13,'2018-10-25 10:45:53','2018-10-25 10:45:53',NULL,13,'2018-10-25','will visit the office','Interested'),(843,'6362504440','prvin','','','','','nipni',13,'2018-10-25 10:47:27','2018-10-25 10:47:27',NULL,8,'2018-10-25','Inquiry about Dezire on call.','Interested'),(844,'8806720707','Pravin','','','','','jalgav',13,'2018-10-25 10:49:12','2018-10-25 10:49:12',NULL,13,'2018-10-25','will visit the office','Interested'),(845,'9370584863','SAI','','','','','PUNE',13,'2018-10-25 10:54:09','2018-10-25 10:54:09',NULL,13,'2018-10-25','will visit the office','Interested'),(846,'9011858890','bhosle','','','','','PUNE',13,'2018-10-25 10:55:49','2018-10-25 10:55:49',NULL,13,'2018-10-25','Inquiry about tata teagor on call.','Interested'),(847,'9527360868','RAVI','','','','','bawdhan',13,'2018-10-25 11:09:11','2018-10-25 11:09:11',NULL,13,'2018-10-25','Inquiry about tata tigor on call.','Interested'),(848,'8459779202','AMOL','','GAIKWAD','','PUNE','CHIKHLI',1,'2018-10-25 11:13:57','2018-10-25 11:13:57',NULL,7,'2018-09-14','will visit the office','Interested'),(849,'9371077132','PATIL','','','','','katraj',13,'2018-10-25 11:18:22','2018-10-25 11:18:22',NULL,11,'2018-10-25','Inquiry about Ertica on call.','Interested'),(850,'9518724401','vikram','','','','','PUNE',13,'2018-10-25 12:02:42','2018-10-25 12:02:42',NULL,13,'2018-10-25','will visit the office','Interested'),(851,'9518958121','PATIL','','','','','katraj',13,'2018-10-25 12:03:45','2018-10-25 12:03:45',NULL,6,'2018-10-25','will visit the office','Interested'),(852,'7507733222','parth','','','','','chakan',13,'2018-10-25 12:11:49','2018-10-25 12:11:49',NULL,13,'2018-10-25','Inquiry about i20 on call.','Interested'),(853,'9689458714','JOSHI','','','','','CHAKN',13,'2018-10-25 12:39:49','2018-10-25 12:39:49',NULL,13,'2018-10-25','Inquiry about I10 on call.','Interested'),(854,'8554994468','VIJAY','','','','','PUNE',13,'2018-10-25 13:02:10','2018-10-25 13:02:10',NULL,13,'2018-10-25','','Interested'),(855,'9309515419','VIRAJ','','','','','BHOSRI',13,'2018-10-25 13:04:24','2018-10-25 13:04:24',NULL,13,'2018-10-25','','Interested'),(856,'8999122270','mane','','','','','PUNE',13,'2018-10-26 04:42:57','2018-10-26 04:42:57',NULL,13,'2018-10-25','','Interested'),(857,'9766513501','sachine','','','','','BHOSRI',13,'2018-10-26 04:44:16','2018-10-26 04:44:16',NULL,12,'2018-10-26','','Interested'),(858,'9370584863','raju','','','','','',13,'2018-10-26 04:45:08','2018-10-26 04:45:08',NULL,13,'2018-10-26','','Interested'),(859,'8830808429','SACHIN','','Babar','','HADPSAR','PUNE',3,'2018-10-26 05:00:19','2018-10-26 05:00:19',NULL,3,'2018-10-26','','Interested'),(860,'9284369207','DILIP','','METHRE','','HADPSAR','PUNE',3,'2018-10-26 05:01:32','2018-10-26 05:01:32',NULL,3,'2018-10-26','','Interested'),(861,'9028545890','bajrang','','','','','',13,'2018-10-26 06:24:40','2018-10-26 06:24:40',NULL,13,'2018-10-26','','Interested'),(862,'9156905656','SHIVANAND','','','','','WAGHOLI',14,'2018-10-26 06:26:29','2018-10-26 06:26:29',NULL,9,'2018-10-25','','Interested'),(863,'7972114094','jawlkar','','','','','pune',13,'2018-10-26 06:38:45','2018-10-26 06:38:45',NULL,12,'2018-10-26','','Interested'),(864,'9511695075','SAGAR','','JALOT','','','MUMBAI',14,'2018-10-26 06:38:50','2018-10-26 06:38:50',NULL,8,'2018-10-25','','Interested'),(865,'8788151594','RAMESH','','','','','WADGAON',14,'2018-10-26 06:42:40','2018-10-26 06:42:40',NULL,13,'2018-10-26','','Interested'),(866,'9870008833','subash','','','','','mubaie',13,'2018-10-26 06:46:56','2018-10-26 06:46:56',NULL,13,'2018-10-26','','Interested'),(867,'9834456601','GHULE','','','','GOPALPATTI','PUNE',14,'2018-10-26 06:49:03','2018-10-26 06:49:03',NULL,8,'2018-10-26','','Interested'),(868,'9856900900','ROHIT','','','','','BEED',14,'2018-10-26 06:51:50','2018-10-26 06:51:50',NULL,13,'2018-10-26','','Interested'),(869,'9325892048','SHANKAR','','LANAVE','','','KOTHROD',14,'2018-10-26 06:53:45','2018-10-26 06:53:45',NULL,13,'2018-10-26','','Interested'),(870,'9325892048','SHANKAR','','LANAVE','','','KOTHROD',14,'2018-10-26 06:53:45','2018-10-26 06:53:45',NULL,13,'2018-10-26','','Interested'),(871,'7665598320','mahendra','','','','','wakad',13,'2018-10-26 06:55:15','2018-10-26 06:55:15',NULL,13,'2018-10-26','','Interested'),(872,'8390807737','GAT','','','','','NANDURBUG',14,'2018-10-26 06:58:55','2018-10-26 06:58:55',NULL,13,'2018-10-26','','Interested'),(873,'9860375770','MAHADEV','','','','','KATRAJ',14,'2018-10-26 07:01:45','2018-10-26 07:01:45',NULL,13,'2018-10-26','','Interested'),(874,'8830345482','ORBISE','','','','','PUNE',14,'2018-10-26 07:04:04','2018-10-26 07:04:04',NULL,8,'2018-10-26','','Interested'),(875,'8459662929','PRADEEP','','','','','KOLHAPUR',14,'2018-10-26 07:10:22','2018-10-26 07:10:22',NULL,13,'2018-10-26','','Interested'),(876,'9284240962','kale','','','','','',13,'2018-10-26 07:14:17','2018-10-26 07:14:17',NULL,9,'2018-10-26','','Interested'),(877,'9689728436','MAHADEV','','','','','PUNE',14,'2018-10-26 07:16:03','2018-10-26 07:16:03',NULL,1,'2018-10-26','','Interested'),(878,'9860843317','gangaram','','','','','pune',13,'2018-10-26 07:16:55','2018-10-26 07:16:55',NULL,4,'2018-10-26','','Interested'),(879,'9863828282','milend','','','','','dangechowk',13,'2018-10-26 07:22:40','2018-10-26 07:22:40',NULL,8,'2018-10-26','','Interested'),(880,'7775072314','pranav','','','','','PUNE',13,'2018-10-26 07:27:14','2018-10-26 07:27:14',NULL,8,'2018-10-26','','Interested'),(881,'7798770623','SHARUN','','WATHARKER','','VIMAN NAGAR','PUNE',12,'2018-10-26 07:29:01','2018-10-26 07:29:01',NULL,13,'2018-10-26','INQUIRY ABOUT VERNA ON CALL','Interested'),(882,'9763277690','SURESH','','','','','MULSHI',14,'2018-10-26 07:31:10','2018-10-26 07:31:10',NULL,13,'2018-10-26','','Interested'),(883,'9765381011','SUDHAKAR','','GAWALE','','','KOTHROD',14,'2018-10-26 07:37:01','2018-10-26 07:37:01',NULL,13,'2018-10-26','','Interested'),(884,'9011124190','prakash','','','','','nashik',13,'2018-10-26 07:45:46','2018-10-26 07:45:46',NULL,13,'2018-10-26','','Interested'),(885,'9607206426','PRAMOD','','','','Kalewadi','PUNE',12,'2018-10-26 08:03:28','2018-10-26 08:03:28',NULL,13,'2018-10-26','Inquiry about HONDA AMAZE ON CALL','Interested'),(886,'9607206426','PRAMOD','','','','','KALEWADI',14,'2018-10-26 08:06:40','2018-10-26 08:06:40',NULL,13,'2018-10-26','','Interested'),(887,'8283024235','KAKASAHEB ','','NIKAM','','','SATARA',14,'2018-10-26 08:11:25','2018-10-26 08:11:25',NULL,13,'2018-10-26','','Interested'),(888,'8484910917','VISHAL','','YADAV','','','',14,'2018-10-26 08:16:28','2018-10-26 08:16:28',NULL,12,'2018-10-26','','Interested'),(889,'9370496291','berju','','','','','',13,'2018-10-26 08:28:50','2018-10-26 08:28:50',NULL,13,'2018-10-26','','Interested'),(890,'9149952043','SANDIP','','PANDIT','','HINGOLI','PUNE',12,'2018-10-26 08:40:58','2018-10-26 08:40:58',NULL,13,'2018-10-26','Inquiry about XUV on call.','Interested'),(891,'9850667172','SHRIPAD','','LOKHANDE','','bhavani peth','PUNE',12,'2018-10-26 08:42:24','2018-10-26 08:42:24',NULL,13,'2018-10-26','Inquiry about ALTO 800 on call.','Interested'),(892,'9527360777','kureshi','','','','','jalahna',13,'2018-10-26 08:48:07','2018-10-26 08:48:07',NULL,11,'2018-10-26','visit in office','Interested'),(893,'9011485697','SHRI','','','','','BHOSARI',14,'2018-10-26 08:50:54','2018-10-26 08:50:54',NULL,13,'2018-10-26','','Interested'),(894,'9623512210','LAKSHMIKANT','','','','KOTHRUD','PUNE',12,'2018-10-26 08:53:49','2018-10-26 08:53:49',NULL,13,'2018-10-26','Inquiry about POLO on call.','Interested'),(895,'9527360777','AZIM','','','','','JALHNA',14,'2018-10-26 08:55:43','2018-10-26 08:55:43',NULL,13,'2018-10-26','','Interested'),(896,'9527360777','AZIM','','','','','JALHNA',14,'2018-10-26 08:55:43','2018-10-26 08:55:43',NULL,13,'2018-10-26','','Interested'),(897,'8999338696','SATISH','','','','','SHIRDI',14,'2018-10-26 09:05:40','2018-10-26 09:05:40',NULL,8,'2018-10-26','','Interested'),(898,'8390925188','VISHAL','','','','','PUNE',14,'2018-10-26 09:11:08','2018-10-26 09:11:08',NULL,13,'2018-10-26','','Interested'),(899,'9970011016','VERENDAR','','','','','PUNE',14,'2018-10-26 09:12:58','2018-10-26 09:12:58',NULL,13,'2018-10-26','','Interested'),(900,'7743950636','BHUSHAN','','SALUNKE','','','TATHAWDE',14,'2018-10-26 09:19:04','2018-10-26 09:19:04',NULL,13,'2018-10-26','','Interested'),(901,'9833374054','SACHIN','','','','','KATRAJ',14,'2018-10-26 09:28:12','2018-10-26 09:28:12',NULL,13,'2018-10-26','','Interested'),(902,'9657660088','godbole','','','','','pimpri',13,'2018-10-26 09:33:20','2018-10-26 09:33:20',NULL,13,'2018-10-26','inquirey on humdai i10','Interested'),(903,'9822900561','madam','','','','','pune',14,'2018-10-26 11:18:53','2018-10-26 11:18:53',NULL,13,'2018-10-26','','Interested'),(904,'8888317944','panchashil','','','','pune','pune',12,'2018-10-26 12:45:47','2018-10-26 12:45:47',NULL,8,'2018-10-26','Inquiry about Dezire on call.','Interested'),(905,'9423236956','ganesh','','Waghmare','','wakad','pune',12,'2018-10-26 12:47:27','2018-10-26 12:47:27',NULL,12,'2018-10-26','Inquiry about wagno-r on call.','Interested'),(906,'7719824325','manisha','','','','','don\'t know',12,'2018-10-26 12:49:07','2018-10-26 12:49:07',NULL,13,'2018-10-26','Inquiry about ertiga on call.','Interested'),(907,'8793724147','shardul','','surve','','chinchwad','pune',12,'2018-10-26 12:57:17','2018-10-26 12:57:17',NULL,13,'2018-10-26','Inquiry about celerio on call.','Interested'),(908,'8830536732','amit','','','','','pune',13,'2018-10-26 12:57:25','2018-10-26 12:57:25',NULL,13,'2018-10-26','','Interested'),(909,'9503736370','navnath','','','','','hadpasar',13,'2018-10-26 12:59:13','2018-10-26 12:59:13',NULL,13,'2018-10-26','','Interested'),(910,'9130386068','prashamnt','','','','','saswad',13,'2018-10-26 13:00:01','2018-10-26 13:00:01',NULL,11,'2018-10-26','','Interested'),(911,'9371212181','pratik','','shinde','','sihagad road','pune',12,'2018-10-26 13:00:02','2018-10-26 13:00:02',NULL,13,'2018-10-26','Inquiry about ciaz on call.','Interested'),(912,'9850607443','santosh','','','','','pune',13,'2018-10-26 13:00:44','2018-10-26 13:00:44',NULL,13,'2018-10-26','','Interested'),(913,'8329060770','pinto','','','','','pune',13,'2018-10-26 13:01:34','2018-10-26 13:01:34',NULL,4,'2018-10-26','','Interested'),(914,'8208907849','amol','','','','','pune',13,'2018-10-26 13:02:23','2018-10-26 13:02:23',NULL,13,'2018-10-26','','Interested'),(915,'9112188002','yogesh','','','','KOTHRUD','pune',12,'2018-10-26 13:02:59','2018-10-26 13:02:59',NULL,13,'2018-10-26','Inquiry about ciaz on call.','Interested'),(916,'8208907849','sanjay','','','','','navre',13,'2018-10-26 13:03:11','2018-10-26 13:03:11',NULL,13,'2018-10-26','','Interested'),(917,'8709504935','sarode','','','','','lature',13,'2018-10-26 13:04:11','2018-10-26 13:04:11',NULL,13,'2018-10-26','','Interested'),(918,'8788406965','mosid','','','','','pune',13,'2018-10-26 13:04:57','2018-10-26 13:04:57',NULL,11,'2018-10-26','','Interested'),(919,'8259937376','AKASH','','','','ganesh nagar','pune',12,'2018-10-26 13:05:37','2018-10-26 13:05:37',NULL,8,'2018-10-26','Inquiry about Dezire on call.','Interested'),(920,'9002100072','vishal','','','','','chichwad',13,'2018-10-26 13:06:06','2018-10-26 13:06:06',NULL,10,'2018-10-26','','Interested'),(921,'8600319907','uatkal','','','','PUNE','pune',12,'2018-10-26 13:07:11','2018-10-26 13:07:11',NULL,13,'2018-10-26','Inquiry about polo on call.','Interested'),(922,'7083428868','rakesh ','','','','','',13,'2018-10-27 04:50:24','2018-10-27 04:50:24',NULL,13,'2018-10-27','inquirey on hundai creta','Interested'),(923,'8983441461','sandip','','','','','PUNE',13,'2018-10-27 05:14:47','2018-10-27 05:14:47',NULL,13,'2018-10-27','','Interested'),(924,'8888248102','Umesh','','MASHAL','','BHOSARI','pune',3,'2018-10-27 05:26:48','2018-10-27 05:26:48',NULL,7,'2018-10-27','','Interested'),(925,'9011949589','PRMOD','','DHULE','','','pune',3,'2018-10-27 05:28:09','2018-10-27 05:28:29',NULL,3,'2018-10-27','','Interested'),(926,'9324010244','IRSHAD','','KHAN','','','pune',3,'2018-10-27 05:29:10','2018-10-27 05:29:10',NULL,6,'2018-10-27','','Interested'),(927,'9028177446','pankaj','','','','','balewadi',13,'2018-10-27 05:34:25','2018-10-27 05:34:25',NULL,13,'2018-10-27','','Interested'),(928,'8055005705','raju','','','','','pimpri',13,'2018-10-27 05:40:04','2018-10-27 05:40:04',NULL,13,'2018-10-27','inquirey on call ciaz car','Interested'),(929,'7755999939','shivaje','','','','','kondva ',13,'2018-10-27 05:53:03','2018-10-27 05:53:03',NULL,13,'2018-10-27','visit in office','Interested'),(930,'9969571566','gwde','','','','','thane',13,'2018-10-27 05:56:46','2018-10-27 05:56:46',NULL,13,'2018-10-27','visit in office','Interested'),(931,'9158890233','mangesh','','','','','pune',13,'2018-10-27 06:14:28','2018-10-27 06:14:28',NULL,13,'2018-10-27','visit in office','Interested'),(932,'9767587070','sanjay','','','','','dangechowk',13,'2018-10-27 06:26:09','2018-10-27 06:26:09',NULL,13,'2018-10-27','visit in office','Interested'),(933,'9067637172','AKSHAY','','','','','WARJE',14,'2018-10-27 06:33:37','2018-10-27 06:33:37',NULL,8,'2018-10-27','','Interested'),(934,'9552331865','RAHUL','','','','','PIMPRI CHINCHWAD',14,'2018-10-27 06:37:27','2018-10-27 06:37:27',NULL,11,'2018-10-27','','Interested'),(935,'9764461718','SHRI','','','','','PUNE',14,'2018-10-27 06:40:59','2018-10-27 06:40:59',NULL,13,'2018-10-27','','Interested'),(936,'8554041411','prasad','','','','','chinchwad',13,'2018-10-27 06:46:32','2018-10-27 06:46:32',NULL,13,'2018-10-27','visit in office','Interested'),(937,'9764461718','BHOSALE','','','','','ALANDI',14,'2018-10-27 06:46:54','2018-10-27 06:46:54',NULL,13,'2018-10-27','','Interested'),(938,'9422308693','SUMAN','','','','','PUNE',14,'2018-10-27 06:48:53','2018-10-27 06:48:53',NULL,13,'2018-10-27','','Interested'),(939,'9975951007','dhanajay','','COLONY','','CHINCHWADE,NAGAR','PUNE',13,'2018-10-27 06:50:10','2018-10-27 06:50:10',NULL,13,'2018-10-27','','Interested'),(940,'8208083061','shivaje','','COLONY','','','PUNE',13,'2018-10-27 06:52:49','2018-10-27 06:52:49',NULL,13,'2018-10-27','','Interested'),(941,'8208279423','MANIK','','SHINDE','','','WAGHOLI',14,'2018-10-27 06:52:59','2018-10-27 06:52:59',NULL,13,'2018-10-27','','Interested'),(942,'7507690888','AADESH','','MORE','','','WARJE',14,'2018-10-27 06:56:18','2018-10-27 06:56:18',NULL,13,'2018-10-27','','Interested'),(943,'9167033037','KETAN','','','','','HINJEWADI',14,'2018-10-27 06:59:31','2018-10-27 06:59:31',NULL,13,'2018-10-27','','Interested'),(944,'8668370719','sunil','','COLONY','','CHINCHWADE,NAGAR','PUNE',13,'2018-10-27 07:00:31','2018-10-27 07:00:31',NULL,4,'2018-10-27','','Interested'),(945,'9096667881','PRADEEP','','','','','PUNE',14,'2018-10-27 07:02:20','2018-10-27 07:02:20',NULL,13,'2018-10-27','','Interested'),(946,'8087700424','DHAWAL','','','','','PUNE',14,'2018-10-27 07:06:51','2018-10-27 07:06:51',NULL,12,'2018-10-27','','Interested'),(947,'9421012560','RAJESH ','','BEDEKAR','','','AKURDI',14,'2018-10-27 07:09:04','2018-10-27 07:09:04',NULL,13,'2018-10-27','','Interested'),(948,'7709383894','PRAMOD','','','','','PUNE',14,'2018-10-27 07:14:16','2018-10-27 07:14:16',NULL,8,'2018-10-27','','Interested'),(949,'8888969930','amol','','','','','aurangabad',13,'2018-10-27 07:15:49','2018-10-27 07:15:49',NULL,4,'2018-10-27','visit in office','Interested'),(950,'9130707695','MANOJ','','','','','PUNE',14,'2018-10-27 07:17:05','2018-10-27 07:17:05',NULL,13,'2018-10-27','','Interested'),(951,'8888250612','shard','','','','','aurangabad',13,'2018-10-27 07:18:56','2018-10-27 07:18:56',NULL,2,'2018-10-27','','Interested'),(952,'7715038703','shivaje','','','','','pune',13,'2018-10-27 07:20:13','2018-10-27 07:20:13',NULL,13,'2018-10-27','','Interested'),(953,'8830309420','VIJAY ','','CAVAN','','','BHOSARI',14,'2018-10-27 07:21:46','2018-10-27 07:21:46',NULL,8,'2018-10-27','','Interested'),(954,'9158768033','RAMESH','','','','','AHEMADNAGAR',14,'2018-10-27 07:28:48','2018-10-27 07:28:48',NULL,13,'2018-10-27','','Interested'),(955,'9822015680','chaNDU','','','','','PUNE',13,'2018-10-27 07:33:33','2018-10-27 07:33:33',NULL,4,'2018-10-27','','Interested'),(956,'9881749193','pravin','','shahane','','','chinchwad',14,'2018-10-27 07:33:46','2018-10-27 07:33:46',NULL,12,'2018-10-27','','Interested'),(957,'9881749193','pravin','','shahane','','','chinchwad',14,'2018-10-27 07:33:46','2018-10-27 07:33:46',NULL,12,'2018-10-27','','Interested'),(958,'9860491799','PRADIP','','','','','PUNE',13,'2018-10-27 07:35:24','2018-10-27 07:35:24',NULL,13,'2018-10-27','','Interested'),(959,'9405860543','bhaskar','','','','','BHOSARI',14,'2018-10-27 07:37:31','2018-10-27 07:37:31',NULL,13,'2018-10-27','','Interested'),(960,'9398390871','SANAP','','','','','BANGLOAR',13,'2018-10-27 07:39:12','2018-10-27 07:39:12',NULL,4,'2018-10-27','','Interested'),(961,'8329801217','JAYWANTY','','','','','PIMPLEGURAV',13,'2018-10-27 07:42:46','2018-10-27 07:42:46',NULL,13,'2018-10-27','visit in office','Interested'),(962,'9665738126','sopan','','','','','wagholi',14,'2018-10-27 07:45:37','2018-10-27 07:45:37',NULL,13,'2018-10-27','','Interested'),(963,'9637482524','sunil','','begre','','','nigdi',14,'2018-10-27 07:49:06','2018-10-27 07:49:06',NULL,13,'2018-10-27','','Interested'),(964,'8788144819','sandeep','','','','','bhosari',14,'2018-10-27 07:55:37','2018-10-27 07:55:37',NULL,13,'2018-10-27','','Interested'),(965,'9689890951','aditya','','','','','chinchwad',14,'2018-10-27 08:00:16','2018-10-27 08:00:16',NULL,13,'2018-10-27','','Interested'),(966,'9764461718','nikesh','','','','','swardate',14,'2018-10-27 08:09:05','2018-10-27 08:09:05',NULL,13,'2018-10-27','','Interested'),(967,'8329636562','pradeep','','','','','talegaon',14,'2018-10-27 08:14:31','2018-10-27 08:14:31',NULL,6,'2018-10-27','','Interested'),(968,'8975277459','mauli','','','','','pune',13,'2018-10-27 08:22:29','2018-10-27 08:22:29',NULL,13,'2018-10-27','','Interested'),(969,'9067746763','rutik','','','','','dangechowk',13,'2018-10-27 08:37:30','2018-10-27 08:37:30',NULL,13,'2018-10-27','','Interested'),(970,'9975323070','vimal','','','','','kholapour',13,'2018-10-27 08:38:32','2018-10-27 08:38:32',NULL,13,'2018-10-27','','Interested'),(971,'7507288906','kalpesh','','patil','','','rajura',13,'2018-10-27 08:42:48','2018-10-27 08:42:48',NULL,13,'2018-10-27','','Interested'),(972,'9960270207','mahesh','','','','','sheerur',14,'2018-10-27 08:45:55','2018-10-27 08:45:55',NULL,13,'2018-10-27','','Interested'),(973,'9552344440','lhane','','','','','awrangabad',13,'2018-10-27 08:47:46','2018-10-27 08:47:46',NULL,3,'2018-10-27','visit in office','Interested'),(974,'9284587373','shivaji','','','','','buldana',14,'2018-10-27 08:50:10','2018-10-27 08:50:10',NULL,13,'2018-10-27','','Interested'),(975,'8668230859','bajrang','','','','','waghole',13,'2018-10-27 08:56:07','2018-10-27 08:56:07',NULL,2,'2018-10-27','visit in office','Interested'),(976,'9623800815','more','','','','','pune',13,'2018-10-27 09:00:06','2018-10-27 09:00:06',NULL,13,'2018-10-27','','Interested'),(977,'9975706602','pradeep','','','','','pune',14,'2018-10-27 09:02:28','2018-10-27 09:02:28',NULL,13,'2018-10-27','','Interested'),(978,'9503736370','NAVNATH','','YEDE','','HADPSAR','pune',3,'2018-10-27 09:03:26','2018-10-27 09:03:26',NULL,13,'2018-10-27','','Interested'),(979,'9607206426','PRMOD','','CHANDGUDE','','WAKAD','pune',3,'2018-10-27 09:04:21','2018-10-27 09:04:21',NULL,3,'2018-10-27','','Interested'),(980,'9881749193','PRAVIN','','SAHANE','','CHIKHALI','pune',3,'2018-10-27 09:05:33','2018-10-27 09:05:33',NULL,13,'2018-10-27','','Interested'),(981,'7758809433','MANISH','','VISHWAKARMA','','','',3,'2018-10-27 09:06:19','2018-10-27 09:06:19',NULL,7,'2018-10-27','','Interested'),(982,'8390661050','vishal','','','','','pune',13,'2018-10-27 09:11:06','2018-10-27 09:11:06',NULL,3,'2018-10-27','','Interested'),(983,'8390661050','santosh','','','','','balewadi',13,'2018-10-27 09:23:22','2018-10-27 09:23:22',NULL,13,'2018-10-27','','Interested'),(984,'9028177446','surya','','','','','balewadi',14,'2018-10-27 09:30:53','2018-10-27 09:30:53',NULL,13,'2018-10-27','','Interested'),(985,'9763993274','vijay','','','','','jalgav',13,'2018-10-27 09:57:23','2018-10-27 09:57:23',NULL,3,'2018-10-27','','Interested'),(986,'9021874755','KIRAN','','','','','CHINCHWAD',14,'2018-10-27 10:12:28','2018-10-27 10:12:28',NULL,13,'2018-10-27','','Interested'),(987,'7030023002','rangnth','','','','','pune',13,'2018-10-27 10:15:32','2018-10-27 10:15:32',NULL,13,'2018-10-27','visit in office','Interested'),(988,'9309595851','AMOL','','BANDEWAR','','','CHINCHWAD',14,'2018-10-27 10:20:26','2018-10-27 10:20:26',NULL,1,'2018-10-27','','Interested'),(989,'9422478438','sanjay','','jadhav','','','nagar',13,'2018-10-27 10:30:27','2018-10-27 10:30:27',NULL,1,'2018-10-27','visit in office','Interested'),(990,'9890195067','ravi','','','','','negdi',13,'2018-10-27 10:39:10','2018-10-27 10:39:10',NULL,13,'2018-10-27','visit in office','Interested'),(991,'7507089460','BALBHIM','','SONKAMBLE','','','YERAWDA',14,'2018-10-27 10:41:03','2018-10-27 10:41:03',NULL,1,'2018-10-27','','Interested'),(992,'8999971996','sonath','','','','','warje',13,'2018-10-27 10:48:21','2018-10-27 10:48:21',NULL,12,'2018-10-27','','Interested'),(993,'9561379938','PRAVIN','','','','','LATUR',14,'2018-10-27 11:06:36','2018-10-27 11:06:36',NULL,13,'2018-10-27','','Interested'),(994,'9552082135','sandip','','','','','kharade',13,'2018-10-27 11:07:21','2018-10-27 11:07:21',NULL,6,'2018-10-27','','Interested'),(995,'7709609124','krushna','','kumart','','','PUNE',13,'2018-10-27 11:12:38','2018-10-27 11:12:38',NULL,13,'2018-10-27','','Interested'),(996,'9730990970','PRANAW','','BHALE','','','JAHALNA',14,'2018-10-27 11:13:16','2018-10-27 11:13:16',NULL,3,'2018-10-27','','Interested'),(997,'7028205489','mohite','','','','','kasarwadi',13,'2018-10-27 11:28:52','2018-10-27 11:28:52',NULL,6,'2018-10-27','visit in office','Interested'),(998,'9049758585','AVINASH','','JADHAW','','','BHOSRI',14,'2018-10-27 11:30:26','2018-10-27 11:30:26',NULL,13,'2018-10-27','','Interested'),(999,'8390287777','husen','','','','','awrangabad',13,'2018-10-27 11:42:39','2018-10-27 11:42:39',NULL,4,'2018-10-27','visit in office','Interested'),(1000,'8830309420','VIJAY ','','CHAWHAN','','','BHOSARI',14,'2018-10-27 11:45:58','2018-10-27 11:45:58',NULL,8,'2018-10-27','','Interested'),(1001,'7020040260','rajesh','','','','','pcmc',13,'2018-10-27 11:47:22','2018-10-27 11:47:22',NULL,13,'2018-10-27','visit in office','Interested'),(1002,'7892975485','kiran','','','','','magarpatta',13,'2018-10-27 11:55:01','2018-10-27 11:55:01',NULL,9,'2018-10-27','visit in office','Interested'),(1003,'7066227772','kiran','','patl','','','',13,'2018-10-27 11:56:49','2018-10-27 11:56:49',NULL,13,'2018-10-27','visit in office','Interested'),(1004,'9663767771','dasrat','','','','','solapur',13,'2018-10-27 12:02:24','2018-10-27 12:02:24',NULL,13,'2018-10-27','visit in office','Interested'),(1005,'7722015605','RAHUL','','KOLHE','','','PIRANGUT',14,'2018-10-27 12:06:24','2018-10-27 12:06:24',NULL,6,'2018-10-27','','Interested'),(1006,'7722015605','RAHUL','','KOLHE','','','PIRANGUT',14,'2018-10-27 12:06:24','2018-10-27 12:06:24',NULL,6,'2018-10-27','','Interested'),(1007,'9663767771','sambaJE','','','','','PIMPRE',13,'2018-10-27 12:28:09','2018-10-27 12:28:09',NULL,8,'2018-10-27','visit in office','Interested'),(1008,'8412828582','SAMBAJE','','','','','LONIKALBHOR',13,'2018-10-27 12:29:56','2018-10-27 12:29:56',NULL,13,'2018-10-27','visit in office','Interested'),(1009,'8237993439','SIDARTH','','','','','WAGHOLI',13,'2018-10-27 12:34:11','2018-10-27 12:34:11',NULL,13,'2018-10-27','','Interested'),(1010,'9096738193','ABHISHEK','','','','','PUNE',14,'2018-10-27 12:34:54','2018-10-27 12:34:54',NULL,12,'2018-10-27','','Interested'),(1011,'9922069440','MAHESH','','','','','KATRAJ',13,'2018-10-27 12:37:18','2018-10-27 12:37:18',NULL,13,'2018-10-27','','Interested'),(1012,'9604068022','BABN','','','','','PUNE',13,'2018-10-27 12:39:33','2018-10-27 12:39:33',NULL,13,'2018-10-27','visit in office','Interested'),(1013,'9604068022','BABAN','','','','','BHOSRI',13,'2018-10-27 12:43:13','2018-10-27 12:43:13',NULL,6,'2018-10-27','','Interested'),(1014,'8830309420','MALAHAR','','','','','PUNE',13,'2018-10-27 12:49:51','2018-10-27 12:49:51',NULL,13,'2018-10-27','','Interested'),(1015,'8999046990','QUMARALI ','','SHAIKH','','KONDHWA','PUNE',3,'2018-10-27 13:00:46','2018-10-27 13:00:46',NULL,3,'2018-10-27','','Interested'),(1016,'9067316748','RAVI','','PATIL','','WAKAD','PUNE',3,'2018-10-27 13:01:48','2018-10-27 13:01:48',NULL,1,'2018-10-27','','Interested'),(1017,'8237440083','CHETAN','','CHAVAN','','YERAVDA','PUNE',3,'2018-10-27 13:03:28','2018-10-27 13:03:28',NULL,3,'2018-10-27','RAHUL TIDKE CUSTOMER','Interested'),(1018,'7020862051','eknath','','','','','shivajenagar',13,'2018-10-28 05:05:39','2018-10-28 05:05:39',NULL,6,'2018-10-27','visit in office','Interested'),(1019,'9527864679','pravin','','','','','parvati',13,'2018-10-28 05:11:57','2018-10-28 05:11:57',NULL,6,'2018-10-28','visit in office','Interested'),(1020,'9960595928','akshay','','','','','bead',13,'2018-10-28 05:21:19','2018-10-28 05:21:19',NULL,13,'2018-10-28','visit in office','Interested'),(1021,'8412828582','RAMDAS','','MANE','','LONIKALBHOR','PUNE',3,'2018-10-28 05:35:50','2018-10-28 05:35:50',NULL,7,'2018-10-28','','Interested'),(1022,'9419509397','rahul','','','','','kholapur',13,'2018-10-28 06:21:19','2018-10-28 06:21:19',NULL,13,'2018-10-28','visit in office','Interested'),(1023,'7276142761','mahamadf','','','','','pcmc',13,'2018-10-28 06:31:23','2018-10-28 06:31:23',NULL,6,'2018-10-28','visit in office','Interested'),(1024,'9921537210','umesh','','','','','chakn',13,'2018-10-28 06:43:50','2018-10-28 06:43:50',NULL,13,'2018-10-28','visit in office','Interested'),(1025,'8668994928','RAVI','','DIKKHAL','','MORE WASTI','PUNE',3,'2018-10-28 06:59:58','2018-10-28 06:59:58',NULL,1,'2018-10-28','','Interested'),(1026,'7770055136','ravi','','','','','daund',13,'2018-10-28 07:06:01','2018-10-28 07:06:01',NULL,13,'2018-10-28','','Interested'),(1027,'9607744233','akshay','','','','','',13,'2018-10-28 07:07:16','2018-10-28 07:07:16',NULL,6,'2018-10-28','','Interested'),(1028,'7020715205','yogesh','','','','','shirur',13,'2018-10-28 07:08:09','2018-10-28 07:08:09',NULL,12,'2018-10-28','','Interested'),(1029,'8928217912','fran','','','','','mubaie',13,'2018-10-28 08:00:33','2018-10-28 08:00:33',NULL,13,'2018-10-28','visit in office','Interested'),(1030,'7020855411','karle','','','','','nanded',13,'2018-10-28 08:08:59','2018-10-28 08:08:59',NULL,13,'2018-10-28','visit in office','Interested'),(1031,'7972129824','mukesh','','','','','negdi',13,'2018-10-28 08:15:57','2018-10-28 08:15:57',NULL,13,'2018-10-28','visit in office','Interested'),(1032,'7559359535','chetan','','','','','nagar',13,'2018-10-28 08:49:27','2018-10-28 08:49:27',NULL,6,'2018-10-28','visit in office','Interested'),(1033,'9922285811','khaire','','','','','chandannagar',13,'2018-10-28 08:51:19','2018-10-28 08:51:19',NULL,11,'2018-10-28','visit in office','Interested'),(1034,'9923564416','RUSHIKESH','','SHINDE','','AKURDI','PUNE',3,'2018-10-28 08:58:09','2018-10-28 08:58:09',NULL,3,'2018-10-28','','Interested'),(1035,'9767753277','VIJAY','','CHAVAN','','HBOSARI','PUNE',3,'2018-10-28 08:59:04','2018-10-28 08:59:04',NULL,3,'2018-10-28','','Interested'),(1036,'8600117960','RAMESH','','TEMKAR','','BHOSARI','PUNE',3,'2018-10-28 08:59:58','2018-10-28 08:59:58',NULL,7,'2018-10-28','','Interested'),(1037,'9922285811','shreysh','','','','','PUNE',13,'2018-10-28 09:03:34','2018-10-28 09:03:34',NULL,13,'2018-10-26','visit in office','Interested'),(1038,'9922969839','mukund','','','','','satara',13,'2018-10-28 09:07:40','2018-10-28 09:07:40',NULL,13,'2018-10-28','visit in office','Interested'),(1039,'8329480244','salunke','','','','','PUNE',13,'2018-10-28 09:16:53','2018-10-28 09:16:53',NULL,13,'2018-10-28','visit in office','Interested'),(1040,'9834626815','sachine','','','','','PUNE',13,'2018-10-28 09:18:27','2018-10-28 09:18:27',NULL,13,'2018-10-28','visit in office','Interested'),(1041,'7028877373','akash','','','','','chikhali',13,'2018-10-28 09:22:00','2018-10-28 09:22:00',NULL,13,'2018-10-28','visit in office','Interested'),(1042,'9923114509','pravin','','','','','nashik',13,'2018-10-28 09:38:04','2018-10-28 09:38:04',NULL,13,'2018-10-28','visit in office','Interested'),(1043,'9745154653','dinesh','','','','','kalyanenAGAR',13,'2018-10-28 09:40:05','2018-10-28 09:40:05',NULL,13,'2018-10-28','visit in office','Interested'),(1044,'9370439512','SACHINE','','','','','AMBENALE',13,'2018-10-28 09:41:38','2018-10-28 09:41:38',NULL,13,'2018-10-28','visit in office','Interested'),(1045,'9717202085','kumar','','','','','pune',13,'2018-10-28 10:17:50','2018-10-28 10:17:50',NULL,13,'2018-10-28','visit in office','Interested'),(1046,'7620479599','shailesh','','','','','wakd',13,'2018-10-28 10:29:27','2018-10-28 10:29:27',NULL,13,'2018-10-28','visit in office','Interested'),(1047,'9745154653','irfan','','','','','kalyanenAGAR',13,'2018-10-28 10:36:59','2018-10-28 10:36:59',NULL,13,'2018-10-28','visit in office','Interested'),(1048,'9503713119','ANIKET','','','','','TALEGAON',14,'2018-10-29 04:56:49','2018-10-29 04:56:49',NULL,13,'2018-10-29','','Interested'),(1049,'9607744233','PANCHAL','','','','','BHOSARI',14,'2018-10-29 05:03:35','2018-10-29 05:03:35',NULL,6,'2018-10-29','','Interested'),(1050,'8669355456','ARUN','','PATIL','','','RAVET',14,'2018-10-29 05:10:47','2018-10-29 05:10:47',NULL,6,'2018-10-29','','Interested'),(1051,'8793899470','ANKIT','','','','','SAMBHAJI NAGAR',14,'2018-10-29 05:30:23','2018-10-29 05:30:23',NULL,13,'2018-10-29','','Interested'),(1052,'8975874344','KAUSTUBH','','','','','KATRAJ',14,'2018-10-29 05:37:21','2018-10-29 05:37:21',NULL,6,'2018-10-29','','Interested'),(1053,'9623609797','NIKESH ','','ALHAT','','','SWARGATE',14,'2018-10-29 05:44:06','2018-10-29 05:44:06',NULL,13,'2018-10-29','','Interested'),(1054,'8796810002','NAVNATH','','','','','BARAMATI',14,'2018-10-29 05:53:08','2018-10-29 05:53:08',NULL,13,'2018-10-29','','Interested'),(1055,'8975409468','ARPAN','','','','','PUNE',14,'2018-10-29 06:01:06','2018-10-29 06:01:06',NULL,13,'2018-10-29','','Interested'),(1056,'9527864679','AKRAM','','','','','PUNE',14,'2018-10-29 06:18:34','2018-10-29 06:18:34',NULL,13,'2018-10-29','','Interested'),(1057,'9764461718','NILESH ','','AALHAT','','SWARGET','PUNE',3,'2018-10-29 06:30:02','2018-10-29 06:30:02',NULL,13,'2018-10-29','','Interested'),(1058,'9130507144','DNYNESHWAR','','PANCHAL','','BHOSARI','PUNE',3,'2018-10-29 06:30:57','2018-10-29 06:30:57',NULL,7,'2018-10-29','','Interested'),(1059,'8840284108','RAJESH ','','SONAWNE','','','PUNE',14,'2018-10-29 06:46:07','2018-10-29 06:46:07',NULL,13,'2018-10-29','','Interested'),(1060,'7038464224','DHANRAJ','','MORE','','LOHEGONE ROAD','PUNE',3,'2018-10-29 07:09:48','2018-10-29 07:09:48',NULL,2,'2018-10-29','','Interested'),(1061,'7350182560','YATIN','','CHITRE','','','NIGDI',14,'2018-10-29 07:10:39','2018-10-29 07:10:39',NULL,1,'2018-10-29','','Interested'),(1062,'9767830238','ANKIT','','CITOLE','','','DOUND',14,'2018-10-29 07:11:54','2018-10-29 07:11:54',NULL,6,'2018-10-29','','Interested'),(1063,'9767528888','AVINASH','','','','','PUNE',14,'2018-10-29 07:34:37','2018-10-29 07:34:37',NULL,8,'2018-10-29','','Interested'),(1064,'9767528888','AVINASH','','','','','PUNE',14,'2018-10-29 07:34:37','2018-10-29 07:34:37',NULL,8,'2018-10-29','','Interested'),(1065,'9689737415','VIJAY','','SHINDE','','','KATRAJ',14,'2018-10-29 08:13:34','2018-10-29 08:13:34',NULL,13,'2018-10-29','','Interested'),(1066,'8788470056','DIGAMBAR','','SUTAR','','','SANGLI',14,'2018-10-29 08:56:43','2018-10-29 08:56:43',NULL,2,'2018-10-29','','Interested'),(1067,'8149693169','SAYAD','','','','','PARGHANI',14,'2018-10-29 09:23:37','2018-10-29 09:23:37',NULL,8,'2018-10-29','','Interested'),(1068,'9767470645','AMOL','','CHITLE','','','AHEMADNAGAR',14,'2018-10-29 09:25:04','2018-10-29 09:25:04',NULL,7,'2018-10-29','','Interested'),(1069,'7066063343','RAMESH','','MUNDE','','','BHOSRI',14,'2018-10-29 09:44:11','2018-10-29 09:44:11',NULL,6,'2018-10-29','','Interested'),(1070,'9822625748','BABASAHEB','','','','','TATHAWDE',14,'2018-10-29 09:50:25','2018-10-29 09:50:25',NULL,12,'2018-10-29','','Interested'),(1071,'9822625748','BABASAHEB','','','','','TATHAWDE',14,'2018-10-29 09:50:25','2018-10-29 09:50:25',NULL,12,'2018-10-29','','Interested'),(1072,'9970949424','PRAVIN','','WARKAD','','NIGDI','PUNE',3,'2018-10-29 10:43:21','2018-10-29 10:43:21',NULL,3,'2018-10-29','','Interested'),(1073,'8975534570','DEEPAK','','KASID','','PIMPRI','PUNE',3,'2018-10-29 10:44:28','2018-10-29 10:44:28',NULL,7,'2018-10-29','','Interested'),(1074,'9657149207','KRISHNA','','MOTE','','MALHUNGE','PUNE',3,'2018-10-29 10:46:28','2018-10-29 10:46:28',NULL,6,'2018-10-29','','Interested'),(1075,'7020171541','salim','','','','','nashik',13,'2018-10-30 05:02:41','2018-10-30 05:02:41',NULL,4,'2018-10-30','visit in office','Interested'),(1076,'8788525109','vithall','','','','','katraj',13,'2018-10-30 05:08:48','2018-10-30 05:08:48',NULL,12,'2018-10-30','visit in office','Interested'),(1077,'7972126013','pradip','','','','','PUNE',13,'2018-10-30 05:32:18','2018-10-30 05:32:18',NULL,13,'2018-10-30','visit in office','Interested'),(1078,'9130351673','gaywad','','','','','barshe',13,'2018-10-30 05:42:24','2018-10-30 05:42:24',NULL,13,'2018-10-30','visit in office','Interested'),(1079,'9359876409','galfhuge','','','','','pcmc',13,'2018-10-30 05:51:27','2018-10-30 05:51:27',NULL,13,'2018-10-30','','Interested'),(1080,'8208226320','ramkant','','','','','pimplesawdagar',13,'2018-10-30 05:54:34','2018-10-30 05:54:34',NULL,13,'2018-10-30','visit in office inquayrey about charging che car','Interested'),(1081,'8459018399','sunawne','','','','','pimplekhede',13,'2018-10-30 05:58:39','2018-10-30 05:58:39',NULL,13,'2018-10-30','visit in office','Interested'),(1082,'9975133413','sunil','','','','','pune',13,'2018-10-30 06:00:34','2018-10-30 06:00:34',NULL,13,'2018-10-30','visit in office','Interested'),(1083,'7987087330','dipak','','','','','36gad',13,'2018-10-30 06:05:28','2018-10-30 06:05:28',NULL,13,'2018-10-30','visit in office','Interested'),(1084,'9172104774','parchure','','','','','ktraj',13,'2018-10-30 06:08:06','2018-10-30 06:08:06',NULL,13,'2018-10-30','visit in office','Interested'),(1085,'7057305217','arjun','','','','','bed',13,'2018-10-30 06:16:45','2018-10-30 06:16:45',NULL,13,'2018-10-30','visit in office','Interested'),(1086,'8888845511','ashok','','','','','deghi',13,'2018-10-30 06:18:53','2018-10-30 06:18:53',NULL,6,'2018-10-30','visit in office','Interested'),(1087,'8766976492','balu','','','','','chandannagar',13,'2018-10-30 06:38:46','2018-10-30 06:38:46',NULL,13,'2018-10-30','visit in office','Interested'),(1088,'9921261500','swapnil','','','','','BHOSRI',13,'2018-10-30 06:46:05','2018-10-30 06:46:05',NULL,1,'2018-10-30','visit in office','Interested'),(1089,'7218480941','vishal','','','','','negdi',13,'2018-10-30 06:55:56','2018-10-30 06:55:56',NULL,7,'2018-10-30','visit in office','Interested'),(1090,'8329674942','shantano','','','','','temburne',13,'2018-10-30 07:00:46','2018-10-30 07:00:46',NULL,13,'2018-10-30','visit in office','Interested'),(1091,'8830265629','dahvade','','','','','kamshet',13,'2018-10-30 07:04:38','2018-10-30 07:04:38',NULL,13,'2018-10-30','visit in office','Interested'),(1092,'7972846120','nilesh','','','','','ravet',13,'2018-10-30 07:07:55','2018-10-30 07:07:55',NULL,13,'2018-10-30','visit in office','Interested'),(1093,'8956051170','gade','','','','','sangvi',13,'2018-10-30 07:13:51','2018-10-30 07:13:51',NULL,8,'2018-10-30','visit in office','Interested'),(1094,'9730137920','rajkumakr','','','','','kalewadi',13,'2018-10-30 07:15:50','2018-10-30 07:15:50',NULL,8,'2018-10-30','visit in office','Interested'),(1095,'9921024621','paresdi','','','','','pune',13,'2018-10-30 07:20:28','2018-10-30 07:20:28',NULL,12,'2018-10-30','visit in office','Interested'),(1096,'8149907107','hira','','','','','pimpre',13,'2018-10-30 07:30:20','2018-10-30 07:30:20',NULL,12,'2018-10-30','visit in office','Interested'),(1097,'9765470557','lomke','','','','','whalekarwadi',13,'2018-10-30 07:33:17','2018-10-30 07:33:17',NULL,13,'2018-10-30','visit in office','Interested'),(1098,'8329872221','khan','','','','','jalna',13,'2018-10-30 07:37:10','2018-10-30 07:37:10',NULL,13,'2018-10-30','visit in office','Interested'),(1099,'9511654610','rajan','','','','','nagpur',13,'2018-10-30 07:48:16','2018-10-30 07:48:16',NULL,9,'2018-10-30','visit in office','Interested'),(1100,'7972774388','ram','','','','','KATRAJ',13,'2018-10-30 07:52:41','2018-10-30 07:52:41',NULL,13,'2018-10-30','visit in office','Interested'),(1101,'8007399333','raj','','','','','pune',13,'2018-10-30 07:56:22','2018-10-30 07:56:22',NULL,13,'2018-10-30','visit in office','Interested'),(1102,'8805397375','mangesh','','','','','pune',13,'2018-10-30 08:02:11','2018-10-30 08:02:11',NULL,13,'2018-10-30','visit in office','Interested'),(1103,'9146672103','pawar','','','','','alandi',13,'2018-10-30 08:05:17','2018-10-30 08:05:17',NULL,13,'2018-10-30','visit in office','Interested'),(1104,'9503298073','prafull','','','','','parbhani',13,'2018-10-30 08:37:04','2018-10-30 08:37:04',NULL,13,'2018-10-30','visit in office','Interested'),(1105,'7410754199','pawaar','','','','','bhosri',13,'2018-10-30 08:45:32','2018-10-30 08:45:32',NULL,8,'2018-10-30','visit in office','Interested'),(1106,'8668339459','apte','','','','','BHOSRI',13,'2018-10-30 08:52:36','2018-10-30 08:52:36',NULL,13,'2018-10-30','visit in office','Interested'),(1107,'9011099678','sunil','','','','','pune',13,'2018-10-30 08:57:14','2018-10-30 08:57:14',NULL,6,'2018-10-30','visit in office','Interested'),(1108,'8888659689','pushkar','','','','','pune',13,'2018-10-30 09:07:00','2018-10-30 09:07:00',NULL,13,'2018-10-30','visit in office','Interested'),(1109,'9545447868','yogesh','','','','','hadpsar',13,'2018-10-30 09:10:17','2018-10-30 09:10:17',NULL,13,'2018-10-30','visit in office','Interested'),(1110,'7020260352','rajeya ','','','','','nehrunagr',13,'2018-10-30 09:27:52','2018-10-30 09:27:52',NULL,13,'2018-10-30','visit in office','Interested'),(1111,'8530150407','rohit','','','','','aurangabad',13,'2018-10-30 09:32:13','2018-10-30 09:32:13',NULL,13,'2018-10-30','visit in office','Interested'),(1112,'9765566591','SAIRAM','','THAKUR','','LOHEGONE ROAD','PUNE',3,'2018-10-30 09:45:32','2018-10-30 09:45:32',NULL,6,'2018-10-30','','Interested'),(1113,'9158475807','YOGESH','','THAKUR','','MUNDHWA','PUNE',3,'2018-10-30 09:46:22','2018-10-30 09:46:22',NULL,6,'2018-10-30','','Interested'),(1114,'9604581170','DATTATRY','','PAWAR','','ALANDI','PUNE',3,'2018-10-30 09:47:17','2018-10-30 09:47:17',NULL,2,'2018-10-30','','Interested'),(1115,'9665057575','DATTA','','KUDMULE','','PIMPRI','PUNE',3,'2018-10-30 09:48:25','2018-10-30 09:48:25',NULL,3,'2018-10-30','','Interested'),(1116,'9665057575','DATTA','','KUDMULE','','LOHEGONE ROAD','PUNE',3,'2018-10-30 09:49:16','2018-10-30 09:49:16',NULL,6,'2018-10-30','','Interested'),(1117,'9730137920','RAJKUMAR','','BADDALE','','PIMPRI','PUNE ',3,'2018-10-30 10:42:19','2018-10-30 10:42:19',NULL,2,'2018-10-30','','Interested'),(1118,'9766250350','AASIM','','SAYYED','','LOHEGONE ROAD','PUNE',3,'2018-10-30 10:43:26','2018-10-30 10:43:26',NULL,3,'2018-10-30','','Interested'),(1119,'9359366819','anil','','','','','manchr',13,'2018-10-30 11:07:09','2018-10-30 11:07:09',NULL,13,'2018-10-30','visit in office','Interested'),(1120,'9359366819','milend ','','','','','narayangav',13,'2018-10-30 11:10:58','2018-10-30 11:10:58',NULL,13,'2018-10-30','visit in office','Interested'),(1121,'9604491044','ram','','','','','shirdi',13,'2018-10-30 11:13:48','2018-10-30 11:13:48',NULL,13,'2018-10-30','inquirey xuv 500','Interested'),(1122,'9689325852','anil','','','','','karad',13,'2018-10-30 11:15:22','2018-10-30 11:15:22',NULL,13,'2018-10-30','visit in office','Interested'),(1123,'9975708898','anil','','','','','khothrud',13,'2018-10-30 11:17:50','2018-10-30 11:17:50',NULL,13,'2018-10-30','inquirey alto','Interested'),(1124,'7972520087','more','','','','','pune',13,'2018-10-30 11:23:24','2018-10-30 11:23:24',NULL,12,'2018-10-30','visit in office','Interested'),(1125,'9623342127','ram','','narale','','','dehugav',13,'2018-10-30 11:26:50','2018-10-30 11:26:50',NULL,13,'2018-10-30','','Interested'),(1126,'8766981273','VISWAS','','RANPISE','','SANGVI','PUNE',3,'2018-10-30 11:39:31','2018-10-30 11:39:31',NULL,3,'2018-10-30','','Interested'),(1127,'9834831244','mahi','','','','','jalgav',13,'2018-10-30 12:51:19','2018-10-30 12:51:19',NULL,4,'2018-10-30','visit in office','Interested'),(1128,'9823300400','shelke','','','','','pune',13,'2018-10-31 05:27:23','2018-10-31 05:27:23',NULL,13,'2018-10-30','visit in office','Interested'),(1129,'9823300400','shelke','','','','','pune',13,'2018-10-31 05:28:44','2018-10-31 05:28:44',NULL,13,'2018-10-31','visit in office','Interested'),(1130,'8329652230','kishor','','','','','khopoli',13,'2018-10-31 05:32:20','2018-10-31 05:32:20',NULL,13,'2018-10-31','visit in office','Interested'),(1131,'9175100614','nandkumar','','','','','pune',13,'2018-10-31 05:39:42','2018-10-31 05:39:42',NULL,13,'2018-10-31','visit in office','Interested'),(1132,'9373958005','amol','','','','','PUNE',13,'2018-10-31 05:50:15','2018-10-31 05:50:15',NULL,6,'2018-10-31','','Interested'),(1133,'9511923839','ishwar','','','','','pune',13,'2018-10-31 05:53:50','2018-10-31 05:53:50',NULL,13,'2018-10-31','visit in office','Interested'),(1134,'9309712132','sudir','','','','','usmanbad',13,'2018-10-31 06:02:38','2018-10-31 06:02:38',NULL,13,'2018-10-31','visit in office','Interested'),(1135,'9325253415','anirudh','','','','','vitta',13,'2018-10-31 06:13:02','2018-10-31 06:13:02',NULL,13,'2018-10-31','visit in office','Interested'),(1136,'7387520066','hajare','','','','','pune',13,'2018-10-31 06:16:46','2018-10-31 06:16:46',NULL,13,'2018-10-30','visit in office','Interested'),(1137,'9860602896','varsha','','','','','pune',13,'2018-10-31 06:23:45','2018-10-31 06:23:45',NULL,9,'2018-10-31','visit in office','Interested'),(1138,'7020402524','dananjay','','','','','pune',13,'2018-10-31 06:38:27','2018-10-31 06:38:27',NULL,13,'2018-10-31','visit in office','Interested'),(1139,'9511967447','amol','','','','','',13,'2018-10-31 06:40:05','2018-10-31 06:40:05',NULL,6,'2018-10-31','visit in office','Interested'),(1140,'9373656733','ashih','','','','','pune',13,'2018-10-31 06:52:39','2018-10-31 06:52:39',NULL,2,'2018-10-31','visit in office','Interested'),(1141,'9767918297','ganesh','','','','','BHOSRI',13,'2018-10-31 06:56:32','2018-10-31 06:56:32',NULL,12,'2018-10-31','visit in office','Interested'),(1142,'8149491109','vijay','','','','','pune',13,'2018-10-31 06:59:03','2018-10-31 06:59:03',NULL,12,'2018-10-31','visit in office','Interested'),(1143,'8082731164','sanket','','','','','nashik',13,'2018-10-31 07:03:21','2018-10-31 07:03:21',NULL,9,'2018-10-31','visit in office','Interested'),(1144,'8082731164','sajay','','','','','thane',13,'2018-10-31 07:21:07','2018-10-31 07:21:07',NULL,8,'2018-10-31','visit in office','Interested'),(1145,'8698774482','pradip','shankar','Jagdade','','AKURDI','PUNE',3,'2018-10-31 07:30:49','2018-10-31 07:30:49',NULL,2,'2018-10-31','','Interested'),(1146,'7385285600','nitesh','','','','','chichwad',13,'2018-10-31 07:34:41','2018-10-31 07:34:41',NULL,13,'2018-10-31','visit in office','Interested'),(1147,'8600240429','jitesh','','','','','pimpre',13,'2018-10-31 07:46:22','2018-10-31 07:46:22',NULL,13,'2018-10-31','visit in office','Interested'),(1148,'8600240429','ankush','','','','','pune',13,'2018-10-31 07:47:42','2018-10-31 07:47:42',NULL,1,'2018-10-31','visit in office','Interested'),(1149,'9975124973','landge','','','','','pashan',13,'2018-10-31 07:50:20','2018-10-31 07:50:20',NULL,13,'2018-10-31','visit in office','Interested'),(1150,'8999499285','balwant','','','','','pune',13,'2018-10-31 08:17:10','2018-10-31 08:17:10',NULL,13,'2018-10-31','visit in office','Interested'),(1151,'9503559173','sandip','','','','','kuntabad',13,'2018-10-31 08:20:45','2018-10-31 08:20:45',NULL,6,'2018-10-31','visit in office','Interested'),(1152,'9982093416','sajay','','','','','dhule',13,'2018-10-31 08:52:55','2018-10-31 08:52:55',NULL,13,'2018-10-31','visit in office','Interested'),(1153,'9834038063','hajarali','','','','','pune',13,'2018-10-31 09:00:34','2018-10-31 09:00:34',NULL,13,'2018-10-31','visit in office','Interested'),(1154,'8888666244','gaykwad','','','','','hadapsar',13,'2018-10-31 09:09:02','2018-10-31 09:09:02',NULL,13,'2018-10-31','visit in office','Interested'),(1155,'9881436368','avinash','','','','','bead',13,'2018-10-31 09:12:40','2018-10-31 09:12:40',NULL,13,'2018-10-31','visit in office','Interested'),(1156,'9960471067','milend','','','','','akurdi',13,'2018-10-31 09:25:08','2018-10-31 09:25:08',NULL,13,'2018-10-31','visit in office','Interested'),(1157,'9082832706','janardhan','','','','','dombevly',13,'2018-10-31 09:28:37','2018-10-31 09:28:37',NULL,13,'2018-10-31','visit in office','Interested'),(1158,'9075737009','SHUBHANGI','','SORTE','','CHINCHWAD','PUNE',3,'2018-10-31 09:30:51','2018-10-31 09:30:51',NULL,3,'2018-10-31','','Interested'),(1159,'9511923839','ISHWAR','','PAWAR','','PIMPRI','PUNE',3,'2018-10-31 09:32:19','2018-10-31 09:32:19',NULL,2,'2018-10-31','','Interested'),(1160,'9923592565','ASISH','','UTPAT','','NIGDI','PUNE',3,'2018-10-31 09:33:22','2018-10-31 09:33:22',NULL,13,'2018-10-31','ALTO 800','Interested'),(1161,'7276549138','BAPU','','KALE','','PIMPRI','PUNE',3,'2018-10-31 09:34:21','2018-10-31 09:34:21',NULL,1,'2018-10-31','','Interested'),(1162,'8208604534','RAKESH','','KADAM','','LOHEGONE ROAD','PUNE',3,'2018-10-31 09:35:04','2018-10-31 09:35:04',NULL,13,'2018-10-31','','Interested'),(1163,'9309515419','UVRAJ','','PAWAR','','BHOSARI','PUNE',3,'2018-10-31 09:35:50','2018-10-31 09:35:50',NULL,3,'2018-10-31','','Interested'),(1164,'7758060999','DINKAR','','KADAM','','CHINCHWAD','PUNE',3,'2018-10-31 09:36:30','2018-10-31 09:36:55',NULL,1,'2018-10-31','','Interested'),(1165,'7057222950','NITIN','','JADHAV','','DEHUROAD','PUNE',3,'2018-10-31 09:37:50','2018-10-31 09:37:50',NULL,1,'2018-10-31','','Interested'),(1166,'9075510093','JAIDEEP','','GAIKWAD','','NIGDI','PUNE',3,'2018-10-31 09:38:46','2018-10-31 09:38:46',NULL,6,'2018-10-31','','Interested'),(1167,'9657143280','kiran','','','','','khed',13,'2018-10-31 09:44:42','2018-10-31 09:44:42',NULL,13,'2018-10-31','visit in office','Interested'),(1168,'7045879772','pankaj','','','','','mubaie',13,'2018-10-31 09:47:01','2018-10-31 09:47:01',NULL,13,'2018-10-31','visit in office','Interested'),(1169,'7378785042','sanjay','','','','','pain',13,'2018-10-31 09:57:04','2018-10-31 09:57:04',NULL,13,'2018-10-31','visit in office','Interested'),(1170,'9309572871','vikram','','','','','pune',13,'2018-10-31 10:12:37','2018-10-31 10:12:37',NULL,13,'2018-10-31','visit in office','Interested'),(1171,'8329501994','tanaje','','','','','pune',13,'2018-10-31 10:23:54','2018-10-31 10:23:54',NULL,13,'2018-10-31','visit in office','Interested'),(1172,'9673596764','mahendra','','','','','lonavala',13,'2018-10-31 10:48:04','2018-10-31 10:48:04',NULL,13,'2018-10-31','visit in office','Interested'),(1173,'8605555580','asish','','','','','PUNE',13,'2018-10-31 10:51:41','2018-10-31 10:51:41',NULL,13,'2018-10-31','visit in office','Interested'),(1174,'7558799241','rahul','','','','','pune',13,'2018-10-31 10:56:07','2018-10-31 10:56:07',NULL,13,'2018-10-31','visit in office','Interested'),(1175,'9130374633','HAFIZ','','WASTI','','KONDHWA','PUNE',3,'2018-10-31 11:01:46','2018-10-31 11:01:46',NULL,7,'2018-10-31','','Interested'),(1176,'9921537210','ramesh','','','','','moshi',13,'2018-10-31 11:27:17','2018-10-31 11:27:17',NULL,13,'2018-10-31','visit in office','Interested'),(1177,'9977868601','Vishal Hake','','Patil','rk@mumbai.com','Pune','Pune',1,'2018-10-31 11:36:01','2018-10-31 11:48:46',NULL,13,'2018-10-31','Want to buy car','Booked'),(1178,'9075767741','sunil','','','','','khothrud',13,'2018-10-31 11:40:32','2018-10-31 11:40:32',NULL,13,'2018-10-31','visit in office','Interested'),(1179,'9552132477','raju','','','','','pune',13,'2018-10-31 12:03:09','2018-10-31 12:03:09',NULL,13,'2018-10-31','visit in office','Interested'),(1180,'9372255661','javan','','','','','jalagav',13,'2018-11-01 05:18:51','2018-11-01 05:18:51',NULL,6,'2018-11-01','visit in office','Interested'),(1181,'9309912965','shinde','','','','','chakan',13,'2018-11-01 05:26:07','2018-11-01 05:26:07',NULL,6,'2018-11-01','visit in office','Interested'),(1182,'8806999399','NAVHNATH','','MANE','','','Kalewadi',14,'2018-11-01 05:29:38','2018-11-01 05:29:38',NULL,1,'2018-11-01','','Interested'),(1183,'9823837567','candrakant','','','','','chikli',13,'2018-11-01 05:31:41','2018-11-01 05:31:41',NULL,6,'2018-11-01','visit in office','Interested'),(1184,'9890234077','shinde','','','','','Aurangabad',14,'2018-11-01 05:34:33','2018-11-01 05:34:33',NULL,1,'2018-11-01','','Interested'),(1185,'9960847061','vikram','','','','','negdi',13,'2018-11-01 05:36:05','2018-11-01 05:36:05',NULL,13,'2018-11-01','visit in office','Interested'),(1186,'7719976867','dadarav','','','','','aurangabad',13,'2018-11-01 05:38:31','2018-11-01 05:38:31',NULL,13,'2018-11-01','visit in office','Interested'),(1187,'7264850358','samir','','','','','katraj',13,'2018-11-01 05:56:03','2018-11-01 05:56:03',NULL,6,'2018-11-01','visit in office','Interested'),(1188,'7972908217','ANIL','','SHINDE','','CHIKLI','PUNE',3,'2018-11-01 05:59:02','2018-11-01 06:03:09',NULL,2,'2018-11-01','','Interested'),(1189,'7264850358','prayag','','','','','pune',13,'2018-11-01 06:02:18','2018-11-01 06:02:18',NULL,13,'2018-11-01','visit in office','Interested'),(1190,'7264895531','prayag','','','','','pune',13,'2018-11-01 06:03:07','2018-11-01 06:03:07',NULL,13,'2018-11-01','visit in office','Interested'),(1191,'9421343807','AAPTE','','','','BEED','BEED',3,'2018-11-01 06:03:55','2018-11-01 06:06:39',NULL,2,'2018-11-01','','Interested'),(1192,'9763092867','nilesh','','patil','','','pimple gurav',14,'2018-11-01 06:30:40','2018-11-01 06:30:40',NULL,8,'2018-11-01','','Interested'),(1193,'8999097348','gurudev','','','','','gondiya',13,'2018-11-01 06:34:33','2018-11-01 06:34:33',NULL,13,'2018-11-01','visit in office','Interested'),(1194,'9146627777','pandurang','','dongre','','','buldana',14,'2018-11-01 06:44:12','2018-11-01 06:44:12',NULL,1,'2018-11-01','','Interested'),(1195,'9561813438','ajay','','','','','pune',13,'2018-11-01 06:48:26','2018-11-01 06:48:26',NULL,13,'2018-11-01','visit in office','Interested'),(1196,'9325508306','satish','','','','','chikli',13,'2018-11-01 06:51:39','2018-11-01 06:51:39',NULL,8,'2018-11-01','visit in office','Interested'),(1197,'9765698598','pankaj','','patil','','','pune',14,'2018-11-01 06:53:04','2018-11-01 06:53:04',NULL,2,'2018-11-01','','Interested'),(1198,'9765698598','pankaj','','patil','','','pune',14,'2018-11-01 06:53:04','2018-11-01 06:53:04',NULL,2,'2018-11-01','','Interested'),(1199,'9319393933','rajiit','','','','','pune',13,'2018-11-01 06:54:00','2018-11-01 06:54:00',NULL,13,'2018-11-01','visit in office','Interested'),(1200,'9370023436','gaykwad','','','','','pimpre',13,'2018-11-01 06:57:44','2018-11-01 06:57:44',NULL,13,'2018-11-01','visit in officegaykwad','Interested'),(1201,'7020642201','yuraj','','','','','HADAPSAR',14,'2018-11-01 07:01:11','2018-11-01 07:01:11',NULL,12,'2018-11-01','','Interested'),(1202,'7020642201','yuraj','','','','','HADAPSAR',14,'2018-11-01 07:01:11','2018-11-01 07:01:11',NULL,12,'2018-11-01','','Interested'),(1203,'9623351773','LAXMAN','','BORDE','','','',14,'2018-11-01 07:04:24','2018-11-01 07:04:24',NULL,12,'2018-11-01','','Interested'),(1204,'8669691919','feroj','shekh','','','','swarget',13,'2018-11-01 07:11:10','2018-11-01 07:11:10',NULL,13,'2018-11-01','visit in office','Interested'),(1205,'8999303567','RAMESH','','','','','pune',13,'2018-11-01 07:15:06','2018-11-01 07:15:06',NULL,8,'2018-11-01','visit in officepune','Interested'),(1206,'7448245131','SOMNATH','','','','','',14,'2018-11-01 07:16:01','2018-11-01 07:16:01',NULL,13,'2018-11-01','','Interested'),(1207,'1204662100','MANOJ','','','','','PUNE',14,'2018-11-01 07:22:48','2018-11-01 07:22:48',NULL,12,'2018-11-01','','Interested'),(1208,'9960963486','SACHIN ','','CHOWDHARY','','','MALEGAON',14,'2018-11-01 07:31:43','2018-11-01 07:31:43',NULL,2,'2018-11-01','','Interested'),(1209,'9588426945','atul','aher','','','','sangve',13,'2018-11-01 07:35:55','2018-11-01 07:35:55',NULL,13,'2018-11-01','visit in office','Interested'),(1210,'1204662100','SUBHASH','','','','','MUMBAI',14,'2018-11-01 07:42:13','2018-11-01 07:42:13',NULL,8,'2018-11-01','','Interested'),(1211,'7666671090','DINESH GUPPTA','','','','','MUMBAI',14,'2018-11-01 08:17:58','2018-11-01 08:17:58',NULL,1,'2018-11-01','','Interested'),(1212,'8378930567','BHARAT','','','','','PUNE',13,'2018-11-01 08:27:19','2018-11-01 08:27:19',NULL,12,'2018-11-01','visit in office','Interested'),(1213,'9822230420','YOGESH','','THORAT','','','',14,'2018-11-01 08:28:44','2018-11-01 08:28:44',NULL,13,'2018-11-01','','Interested'),(1214,'9665326656','GANPT','','','','','PUNE',14,'2018-11-01 08:32:39','2018-11-01 08:32:39',NULL,13,'2018-11-01','will come to office ','Interested'),(1215,'9923722212','AJAY','','','','','PIMPREE',13,'2018-11-01 08:38:09','2018-11-01 08:38:09',NULL,13,'2018-11-01','visit in office','Interested'),(1216,'9082536924','dipesh j','','','','','mubaie',13,'2018-11-01 08:43:11','2018-11-01 08:43:11',NULL,13,'2018-11-01','visit in office','Interested'),(1217,'9766461275','GANESH ','','JADHAW','','','',14,'2018-11-01 08:46:28','2018-11-01 08:46:28',NULL,8,'2018-11-01','','Interested'),(1218,'9284774962','sandip','','','','','nanded',13,'2018-11-01 08:47:49','2018-11-01 08:47:49',NULL,13,'2018-11-01','visit in office','Interested'),(1219,'8149472791','RAJU ','','HOLKAR','','CHINCHWAD','PUNE',3,'2018-11-01 08:50:15','2018-11-01 08:50:15',NULL,12,'2018-11-01','','Interested'),(1220,'8554021385','ASHOK ','PANDURANG ','DARADE','','WAGHOLI','PUNE',3,'2018-11-01 08:51:21','2018-11-01 08:51:21',NULL,2,'2018-11-01','','Interested'),(1221,'7350605366','ROHIT','','','','','YERAWDA',14,'2018-11-01 09:00:26','2018-11-01 09:00:26',NULL,6,'2018-11-01','','Interested'),(1222,'9870008833','subash','','','','','mubaie',13,'2018-11-01 09:07:15','2018-11-01 09:07:15',NULL,13,'2018-11-01','visit in office','Interested'),(1223,'9545182210','SHREEDHAR','','','','','CHIPLUN',14,'2018-11-01 09:18:45','2018-11-01 09:18:45',NULL,13,'2018-11-01','','Interested'),(1224,'9975218059','SHREE','','','','','DALVINAGAR',14,'2018-11-01 09:27:20','2018-11-01 09:27:20',NULL,13,'2018-11-01','','Interested'),(1225,'9975218059','SHREE','','','','','DALVINAGAR',14,'2018-11-01 09:27:20','2018-11-01 09:27:20',NULL,13,'2018-11-01','','Interested'),(1226,'8459025988','avinash','','','','','',14,'2018-11-01 09:36:07','2018-11-01 09:36:07',NULL,8,'2018-11-01','','Interested'),(1227,'9890838840','avinashh','','','','','PIMPRI',14,'2018-11-01 09:41:57','2018-11-01 09:41:57',NULL,13,'2018-11-01','','Interested'),(1228,'9975524414','vikram','','yadav','','','jejuri',14,'2018-11-01 09:47:19','2018-11-01 09:47:19',NULL,6,'2018-11-01','','Interested'),(1229,'7276112153','SUNIL','','PITHKAR','','KATRAJ','PUNE',3,'2018-11-01 10:00:28','2018-11-01 10:00:28',NULL,7,'2018-11-01','','Interested'),(1230,'9020881373','alka','','','','','henjewdi',14,'2018-11-01 10:03:28','2018-11-01 10:03:28',NULL,6,'2018-11-01','','Interested'),(1231,'9765818004','SACHIN ','','BANKAR','','THERGAON ','PUNE',3,'2018-11-01 10:04:20','2018-11-01 10:04:20',NULL,1,'2018-11-01','','Interested'),(1232,'8805092774','abhi','','','','','pimpre',13,'2018-11-01 10:04:31','2018-11-01 10:04:31',NULL,6,'2018-11-01','visit in office','Interested'),(1233,'9922954953','SHRAVANBAL ','','CHORMOLE','','9922954953','PUNE',3,'2018-11-01 10:05:13','2018-11-01 10:05:13',NULL,1,'2018-11-01','','Interested'),(1234,'9763756767','VIKRAM ','','DEVKAR','','GHOTAWDE','PUNE',3,'2018-11-01 10:07:01','2018-11-01 10:07:01',NULL,1,'2018-11-01','','Interested'),(1235,'9767327976','shubham','','','','','akurdi',14,'2018-11-01 10:18:06','2018-11-01 10:18:06',NULL,13,'2018-11-01','','Interested'),(1236,'7030324869','karke','','','','','pune',13,'2018-11-01 10:25:20','2018-11-01 10:25:20',NULL,13,'2018-11-01','visit in office','Interested'),(1237,'7218719500','pravin','','kharat','','','pune',14,'2018-11-01 10:25:56','2018-11-01 10:25:56',NULL,7,'2018-11-01','','Interested'),(1238,'9067752685','hingmire','','','','','nagpur',13,'2018-11-01 10:44:18','2018-11-01 10:44:18',NULL,12,'2018-11-01','visit in office','Interested'),(1239,'7773949966','SANDEEP','','KALE','','','KHARADI',14,'2018-11-01 10:44:42','2018-11-01 10:44:42',NULL,4,'2018-11-01','','Interested'),(1240,'8550918279','JEEVAN KUMAR','','','','','PUNE',14,'2018-11-01 11:06:02','2018-11-01 11:06:02',NULL,13,'2018-11-01','','Interested'),(1241,'8432345151','akasjh','','','','','tuljapur',13,'2018-11-01 11:54:25','2018-11-01 11:54:25',NULL,13,'2018-11-01','visit in office','Interested'),(1242,'9921933844','NITIN','','KAMBLE','','','HADAPSAR',14,'2018-11-01 12:12:13','2018-11-01 12:12:13',NULL,8,'2018-11-01','','Interested'),(1243,'9552358635','MADAN','','','','','BHOSARI',14,'2018-11-01 12:19:18','2018-11-01 12:19:18',NULL,8,'2018-11-01','','Interested'),(1244,'9765122208','BABASAHEB','','','','','PIMPRI',14,'2018-11-01 12:33:57','2018-11-01 12:33:57',NULL,8,'2018-11-01','','Interested'),(1245,'7013871358','AMIN','','','','','LATUR',14,'2018-11-01 12:48:24','2018-11-01 12:48:24',NULL,6,'2018-11-01','','Interested'),(1246,'7013871358','AMIN','','','','','LATUR',14,'2018-11-01 12:48:24','2018-11-01 12:48:24',NULL,6,'2018-11-01','','Interested'),(1247,'7219474881','AJAY','','SHINDE','','','KARVE NAGAR',14,'2018-11-01 13:03:01','2018-11-01 13:03:01',NULL,13,'2018-11-01','','Interested'),(1248,'8087430552','PRASHANT','','','','','PUNE',14,'2018-11-01 13:07:58','2018-11-01 13:07:58',NULL,8,'2018-11-01','','Interested'),(1249,'9890997610','GOPAL','','','','','AKURDI',14,'2018-11-01 13:26:31','2018-11-01 13:26:31',NULL,2,'2018-11-01','','Interested'),(1250,'9370401540','PARANJEET','','KADAM','','','SHIROLI',14,'2018-11-02 05:00:54','2018-11-02 06:11:41',NULL,13,'2018-11-02','','Interested'),(1251,'9420659148','MYURESH','','BHOSLE','','9049122122','vishrantwadi',14,'2018-11-02 05:15:12','2018-11-02 06:12:09',NULL,13,'2018-11-02','','Interested'),(1252,'9960471067','Milind','','KAJALE','','LOHEGONE ROAD','PUNE',3,'2018-11-02 05:18:48','2018-11-02 05:18:48',NULL,6,'2018-11-02','','Interested'),(1253,'9594464162','SANDEEP','','KALADKAR','','','PIMPRI CHINCHWAD',14,'2018-11-02 05:26:15','2018-11-02 06:12:31',NULL,13,'2018-11-02','','Interested'),(1254,'9146547505','yogesh','','','','','parner',13,'2018-11-02 05:32:00','2018-11-02 05:32:00',NULL,13,'2018-11-02','visit in office','Interested'),(1255,'8208877459','tanish','','','','','mumbai',13,'2018-11-02 05:41:04','2018-11-02 05:41:04',NULL,13,'2018-11-02','visit in office','Interested'),(1256,'9370987801','amol','','','','','chakn',13,'2018-11-02 05:43:31','2018-11-02 05:43:31',NULL,6,'2018-11-02','visit in office','Interested'),(1257,'9960471067','ANIL','','METHRE','','LOHEGONE ROAD','PUNE',3,'2018-11-02 05:44:36','2018-11-02 05:44:36',NULL,2,'2018-11-02','','Interested'),(1258,'9370987801','lokhande','','','','','akurdi',13,'2018-11-02 05:48:18','2018-11-02 05:48:18',NULL,6,'2018-11-02','visit in office','Interested'),(1259,'8788996201','santosh','','','','','amravte',13,'2018-11-02 05:50:51','2018-11-02 05:50:51',NULL,13,'2018-11-02','visit in office','Interested'),(1260,'8308815766','AMIT','','JADHAV','','LOHEGONE ROAD','PUNE',3,'2018-11-02 05:51:29','2018-11-02 05:51:29',NULL,1,'2018-11-02','','Interested'),(1261,'9325310844','amol','','','','','khothrud',13,'2018-11-02 05:53:50','2018-11-02 05:53:50',NULL,13,'2018-11-02','visit in office','Interested'),(1262,'9975414142','chetan','','','','','talegav',13,'2018-11-02 06:00:51','2018-11-02 06:00:51',NULL,13,'2018-11-02','visit in office','Interested'),(1263,'9817239696','shirkrukshn','','','','','akluj',13,'2018-11-02 06:03:50','2018-11-02 06:03:50',NULL,6,'2018-11-02','visit in office','Interested'),(1264,'9822334084','SHAIKH ','','AARIF','','','Aurangabad',14,'2018-11-02 06:10:57','2018-11-02 06:10:57',NULL,8,'2018-11-02','','Interested'),(1265,'8530338588','ketaN','','','','','nashik',13,'2018-11-02 06:17:55','2018-11-02 06:17:55',NULL,7,'2018-11-02','visit in office','Interested'),(1266,'9665654337','rakesh','','','','','solapur',13,'2018-11-02 06:21:41','2018-11-02 06:21:41',NULL,6,'2018-11-02','visit in office','Interested'),(1267,'9822656634','naryan','','','','','ravet',13,'2018-11-02 06:23:30','2018-11-02 06:23:30',NULL,7,'2018-11-02','visit in office','Interested'),(1268,'9172308221','SOMNATH','','THAKRE','','','PUNE',14,'2018-11-02 06:36:05','2018-11-02 06:36:05',NULL,1,'2018-11-02','','Interested'),(1269,'9172656931','swapnil','','','','','pune',13,'2018-11-02 06:43:11','2018-11-02 06:43:11',NULL,13,'2018-11-02','visit in office','Interested'),(1270,'8857947777','sanjay','','','','','hadpsar',13,'2018-11-02 06:45:50','2018-11-02 06:45:50',NULL,13,'2018-11-02','visit in office','Interested'),(1271,'7083332277','bhart','','','','','chichwad',13,'2018-11-02 06:53:35','2018-11-02 06:53:35',NULL,6,'2018-11-02','visit in office','Interested'),(1272,'8668215008','MAHESH','','','','','nagar',13,'2018-11-02 06:58:49','2018-11-02 06:58:49',NULL,3,'2018-11-02','visit in office','Interested'),(1273,'9820794437','SAIYAD','','','','','ANDHERI WEST',14,'2018-11-02 07:17:24','2018-11-02 07:17:24',NULL,13,'2018-11-02','','Interested'),(1274,'9011815766','AKHIL','','DESHMUKH','','','PUNE',3,'2018-11-02 07:23:18','2018-11-02 07:23:18',NULL,13,'2018-11-02','DEZIRE, ZEXON','Interested'),(1275,'9767358798','DNYNESHWAR','','','','','USMANABAAD',14,'2018-11-02 07:40:51','2018-11-02 07:40:51',NULL,6,'2018-11-02','','Interested'),(1276,'9696923131','AAKASH','','','','','HENJAWDI',14,'2018-11-02 07:53:11','2018-11-02 07:53:11',NULL,6,'2018-11-02','','Interested'),(1277,'8999275767','ANKUSH','','','','','PUNE',14,'2018-11-02 08:18:14','2018-11-02 08:18:14',NULL,1,'2018-11-02','','Interested'),(1278,'9021311154','purushottam ','','pawar','','DEHUROAD','PUNE',3,'2018-11-02 08:18:38','2018-11-02 08:18:38',NULL,6,'2018-11-02','','Interested'),(1279,'7709412126','swpnil','','','','','pune',13,'2018-11-02 08:30:34','2018-11-02 08:30:34',NULL,13,'2018-11-02','visit in office','Interested'),(1280,'9850372067','najju','','','','','nagpur',13,'2018-11-02 08:51:47','2018-11-02 08:51:47',NULL,13,'2018-11-02','visit in office','Interested'),(1281,'9834251242','dipak','','','','','solapur',13,'2018-11-02 08:57:59','2018-11-02 08:57:59',NULL,6,'2018-11-02','visit in office','Interested'),(1282,'9834251242','tanvir','','','','','nagpur',13,'2018-11-02 09:01:28','2018-11-02 09:01:28',NULL,13,'2018-11-02','visit in office','Interested'),(1283,'9834251242','KUMAR','','','','','SOLAPUR',14,'2018-11-02 09:05:26','2018-11-02 09:05:26',NULL,13,'2018-11-02','','Interested'),(1284,'9623609797','AMAR','','PATIL','','','LATUR',14,'2018-11-02 09:10:44','2018-11-02 09:10:44',NULL,13,'2018-11-02','','Interested'),(1285,'9890840828','adsule','','','','','nagar',13,'2018-11-02 09:22:14','2018-11-02 09:22:14',NULL,13,'2018-11-02','visit in office','Interested'),(1286,'9594097509','sachine','','','','','baner',13,'2018-11-02 09:24:09','2018-11-02 09:24:09',NULL,8,'2018-11-02','visit in office','Interested'),(1287,'7020038532','saher','','','','','aurangabad',13,'2018-11-02 09:29:38','2018-11-02 09:29:38',NULL,9,'2018-11-02','visit in office','Interested'),(1288,'8999770588','shekh','','','','','pune',13,'2018-11-02 09:44:29','2018-11-02 09:44:29',NULL,13,'2018-11-02','visit in office','Interested'),(1289,'8983976143','balasaheb','','','','','mubai',13,'2018-11-02 09:53:04','2018-11-02 09:53:04',NULL,13,'2018-11-02','visit in office','Interested'),(1290,'9503408338','MAYUR','','PANDORE','','','SHIRDI',14,'2018-11-02 10:13:26','2018-11-02 10:13:26',NULL,8,'2018-11-02','','Interested'),(1291,'7773949966','SANDEEP','','KALE','','LOHEGONE ROAD','PUNE',3,'2018-11-02 10:23:28','2018-11-02 10:23:28',NULL,6,'2018-11-02','','Interested'),(1292,'8888110858','narayan','mane','','','','pune',13,'2018-11-02 10:24:28','2018-11-02 10:24:28',NULL,13,'2018-11-02','visit in office','Interested'),(1293,'9309716223','newruti','','','','','bhosri',13,'2018-11-02 10:29:30','2018-11-02 10:29:30',NULL,1,'2018-11-02','visit in office','Interested'),(1294,'9145387774','DAYANAND','','','','','SINDHUDURG',14,'2018-11-02 10:33:53','2018-11-02 10:33:53',NULL,13,'2018-11-02','','Interested'),(1295,'7875400579','HITESH','','AWASTI','','NIGDI','PUNE',3,'2018-11-02 11:14:58','2018-11-02 11:14:58',NULL,2,'2018-11-02','','Interested'),(1296,'9696923131','akash','','','','','hinjewade',13,'2018-11-03 04:57:19','2018-11-03 04:57:19',NULL,6,'2018-11-03','visit in office','Interested'),(1297,'9021122717','prakash','','','','','',13,'2018-11-03 05:08:21','2018-11-03 05:08:21',NULL,13,'2018-11-03','visit in office','Interested'),(1298,'9518306545','anchal','','','','','pune',13,'2018-11-03 05:12:21','2018-11-03 05:12:21',NULL,13,'2018-11-03','visit in office','Interested'),(1299,'9011340038','ganesh','','','','','pune',13,'2018-11-03 05:23:52','2018-11-03 05:23:52',NULL,13,'2018-11-03','visit in office','Interested'),(1300,'8999270073','swapnil','','','','','pandharpur',13,'2018-11-03 05:33:56','2018-11-03 05:33:56',NULL,13,'2018-11-03','visit in office','Interested'),(1301,'9011443593','sanjay','','','','','sangli',13,'2018-11-03 05:37:57','2018-11-03 05:37:57',NULL,13,'2018-11-03','visit in office','Interested'),(1302,'8668842827','kamlesh','','','','','nagar',13,'2018-11-03 05:41:24','2018-11-03 05:41:24',NULL,13,'2018-11-03','visit in office','Interested'),(1303,'9284432123','hement','','','','','pune',13,'2018-11-03 05:49:31','2018-11-03 05:49:31',NULL,13,'2018-11-03','visit in office','Interested'),(1304,'9284670829','nilesh','','','','','akurdi',13,'2018-11-03 05:51:22','2018-11-03 05:51:22',NULL,13,'2018-11-03','visit in office','Interested'),(1305,'9511670904','balasaheb','','','','','buldhana',13,'2018-11-03 06:16:05','2018-11-03 06:16:05',NULL,13,'2018-11-03','visit in office','Interested'),(1306,'9029916640','sahjet','','','','','mumbaie',13,'2018-11-03 06:17:12','2018-11-03 06:17:12',NULL,13,'2018-11-03','visit in office','Interested'),(1307,'9960524625','suraj','','','','','',13,'2018-11-03 06:24:26','2018-11-03 06:24:26',NULL,6,'2018-11-03','visit in officem','Interested'),(1308,'7020106588','ratnakr','','','','','nagpur',13,'2018-11-03 06:43:40','2018-11-03 06:43:40',NULL,13,'2018-11-03','visit in office','Interested'),(1309,'8830881042','akhill','','','','','pimpre',13,'2018-11-03 06:45:45','2018-11-03 06:45:45',NULL,8,'2018-11-03','visit in office','Interested'),(1310,'8830309420','VIJAY','','CHAVAN','','BHOSARI (KARNATAKA)','PUNE',3,'2018-11-03 06:47:51','2018-11-03 06:47:51',NULL,2,'2018-11-03','','Interested'),(1311,'7888237938','dipak','','','','','pune',13,'2018-11-03 06:49:48','2018-11-03 06:49:48',NULL,13,'2018-11-03','visit in office','Interested'),(1312,'7028365150','SACHIN','','GADHVE','','DIGHI','PUNE',3,'2018-11-03 06:51:23','2018-11-03 06:51:23',NULL,3,'2018-11-03','','Interested'),(1313,'9284115338','sunil','','','','','kamshet',13,'2018-11-03 08:00:16','2018-11-03 08:00:16',NULL,7,'2018-11-03','visit in office','Interested'),(1314,'7709609124','x','','','','','nasrapur',13,'2018-11-03 08:45:09','2018-11-03 08:45:09',NULL,13,'2018-11-03','visit in office inquayrey about inova','Interested'),(1315,'9922078626','ARIF','','FULARI','','PIMPRI','PUNE',3,'2018-11-03 08:50:12','2018-11-03 08:50:12',NULL,2,'2018-11-03','','Interested'),(1316,'9503298073','prafull','','','','','parbhane',13,'2018-11-03 08:50:16','2018-11-03 08:50:16',NULL,13,'2018-11-03','visit in office','Interested'),(1317,'9717319221','sanjay','','','','','pune',13,'2018-11-03 08:57:21','2018-11-03 08:57:21',NULL,12,'2018-11-03','visit in office','Interested'),(1318,'9096417333','shekh','','','','','aurangbad',13,'2018-11-03 09:04:04','2018-11-03 09:04:04',NULL,8,'2018-11-03','visit in office','Interested'),(1319,'9765462914','vithall','','','','','baner',13,'2018-11-03 09:06:24','2018-11-03 09:06:24',NULL,11,'2018-11-03','visit in office','Interested'),(1320,'7249579746','SATYAM','','VIR','','WAKAD','PUNE',3,'2018-11-03 09:36:39','2018-11-03 09:36:39',NULL,6,'2018-11-03','','Interested'),(1321,'9765462914','vilash','','','','','thane',13,'2018-11-03 09:36:52','2018-11-03 09:36:52',NULL,13,'2018-11-03','visit in office','Interested'),(1322,'8779011959','vilash','','','','','thane',13,'2018-11-03 09:38:44','2018-11-03 09:38:44',NULL,6,'2018-11-03','visit in office','Interested'),(1323,'8888209523','sachin','','','','','hadpsar',13,'2018-11-03 09:43:00','2018-11-03 09:43:00',NULL,6,'2018-11-03','visit in office','Interested'),(1324,'7447203204','mukesh','','','','','chikhli',13,'2018-11-03 09:56:42','2018-11-03 09:56:42',NULL,6,'2018-11-03','visit in office','Interested'),(1325,'9271245212','SANDEEP ','','SONKIRE','','WADGOAN SHERI','PUNE',3,'2018-11-03 10:05:33','2018-11-03 10:05:33',NULL,2,'2018-11-03','','Interested'),(1326,'9881695976','ajit','','','','','warje',13,'2018-11-03 10:32:28','2018-11-03 10:32:28',NULL,12,'2018-11-03','visit in office','Interested'),(1327,'9359800946','RAMESH','','','','','thrgav',13,'2018-11-03 10:35:22','2018-11-03 10:35:22',NULL,13,'2018-11-03','visit in office','Interested'),(1328,'9552919018','vikram','','','','','bhegvan',13,'2018-11-03 11:34:49','2018-11-03 11:34:49',NULL,13,'2018-11-03','visit in office','Interested'),(1329,'8208279423','Manik','','','','pune','wagholi',12,'2018-11-03 11:41:49','2018-11-03 11:41:49',NULL,13,'2018-10-01','Inquiry about ertiga on call.','Interested'),(1330,'8605643657','Kiran','K','Atakare','','PUNE','Kothroud',12,'2018-11-03 11:44:38','2018-11-03 11:44:38',NULL,1,'2018-11-01','Inquiry about Zest on call.','Interested'),(1331,'9552919018','vijay','','','','','dehugav',13,'2018-11-03 11:44:53','2018-11-03 11:44:53',NULL,13,'2018-11-03','visit in office','Interested'),(1332,'7028285227','SANDIP','','THORAT','','PUNE','Katraj',12,'2018-11-03 11:46:55','2018-11-03 11:46:55',NULL,13,'2018-11-01','will visit the office','Interested'),(1333,'9765282882','sudam','','','','','mavl',13,'2018-11-03 11:47:49','2018-11-03 11:47:49',NULL,13,'2018-11-03','visit in office','Interested'),(1334,'8446594647','SIDDHANT','','WAGHMARE','','PUNE','HADSPAR',12,'2018-11-03 11:49:17','2018-11-03 11:49:17',NULL,13,'2018-11-01','will visit the office','Interested'),(1335,'9881702223','RAHUL','','','','','PUNE',14,'2018-11-04 05:08:44','2018-11-04 05:08:44',NULL,13,'2018-11-04','','Interested'),(1336,'8419907107','HEERA','','WASWAN','','','PIMPRI',14,'2018-11-04 05:51:37','2018-11-04 05:51:37',NULL,13,'2018-09-04','','Interested'),(1337,'7083431212','akash','','','','','latur',13,'2018-11-04 06:56:19','2018-11-04 06:56:19',NULL,8,'2018-11-04','visit in office','Interested'),(1338,'9921318563','kolti','','','','','usmanabad',13,'2018-11-04 07:15:43','2018-11-04 07:15:43',NULL,13,'2018-11-04','visit in office','Interested'),(1339,'8310248449','SACHINE','','','','','pune',13,'2018-11-04 07:21:49','2018-11-04 07:21:49',NULL,13,'2018-11-04','visit in office','Interested'),(1340,'9284985424','ANITA','','JAISWAL','','CHINCHWAD','PUNE',3,'2018-11-04 07:30:25','2018-11-04 07:30:25',NULL,1,'2018-11-03','','Interested'),(1341,'8237749000','SADDAM ','','KHAN','','KALEWADI','PUNE',3,'2018-11-04 07:31:21','2018-11-04 07:31:21',NULL,1,'2018-11-03','','Interested'),(1342,'8888004664','SAILANI ','','SHAIKH','','NANDED CITY','PUNE',3,'2018-11-04 07:32:04','2018-11-04 07:32:04',NULL,2,'2018-11-03','','Interested'),(1343,'9373931148','DEELIP ','','KUMAR','','DHANORI','PUNE',3,'2018-11-04 07:33:20','2018-11-04 07:33:20',NULL,13,'2018-11-04','SCORPIO,PRIVATE','Interested'),(1344,'8857088881','SACHIN','','ARMALE','','HADSPAR','PUNE',12,'2018-11-04 07:35:45','2018-11-04 07:35:45',NULL,6,'2018-11-02','INQUIRY ABOUT X-CENT ON CALL','Interested'),(1345,'9271245212','SANDIP','','SONGIRE','','KHARADI','PUNE',12,'2018-11-04 07:37:18','2018-11-04 07:37:18',NULL,13,'2018-11-02','will come to office','Interested'),(1346,'7350605366','ROHIT','','GAYAKWAD','','VISHRANT WADI','PUNE',12,'2018-11-04 07:38:39','2018-11-04 07:38:39',NULL,13,'2018-11-02','will come to office','Interested'),(1347,'7620207008','amol','','','','','warje',13,'2018-11-04 08:20:58','2018-11-04 08:20:58',NULL,13,'2018-11-04','visit in office','Interested'),(1348,'9021977244','VISHAL','DONGE','','','','kholAPUR',13,'2018-11-04 08:28:11','2018-11-04 08:28:11',NULL,13,'2018-11-04','visit in office','Interested'),(1349,'9999576598','SHARD','','','','','chichwad',13,'2018-11-04 08:42:20','2018-11-04 08:42:20',NULL,12,'2018-11-04','visit in office','Interested'),(1350,'8999942757','AKASH','','','','','Dapodi',14,'2018-11-04 08:43:45','2018-11-04 08:43:45',NULL,13,'2018-09-04','','Interested'),(1351,'9082908940','ISMAILE','','','','','mumbai',13,'2018-11-04 08:50:20','2018-11-04 08:50:20',NULL,13,'2018-11-04','visit in office','Interested'),(1352,'9028358830','SACHIN','','SHINDE','','','BHOSRI',14,'2018-11-04 09:06:47','2018-11-04 09:06:47',NULL,8,'2018-11-04','','Interested'),(1353,'9819508082','ASLAM','','KHAN','','','MUMBAI',14,'2018-11-04 09:17:04','2018-11-04 09:17:04',NULL,12,'2018-11-04','','Interested'),(1354,'9545557014','MAHESH','','','','','PIMPRI CHINCHWAD',14,'2018-11-04 09:18:36','2018-11-04 09:18:36',NULL,6,'2018-11-04','','Interested'),(1355,'9604378175','DEEPAK','','PAWAR','','','KATRAJ',14,'2018-11-04 09:21:53','2018-11-04 09:21:53',NULL,8,'2018-11-04','','Interested'),(1356,'7030327775','SIDHANT','','MORE','','GOPALPATTI','PUNE',14,'2018-11-04 09:29:27','2018-11-04 09:29:27',NULL,2,'2018-11-04','','Interested'),(1357,'7030327775','SIDHANT','','MORE','','GOPALPATTI','PUNE',14,'2018-11-04 09:29:27','2018-11-04 09:29:27',NULL,2,'2018-11-04','','Interested'),(1358,'7083431212','AAKASH BORE','','','','','LATUR',14,'2018-11-04 09:33:44','2018-11-04 09:33:44',NULL,13,'2018-11-04','','Interested'),(1359,'9766126851','VIJAY','','','','','WAKAD',14,'2018-11-04 09:48:58','2018-11-04 09:48:58',NULL,13,'2018-11-04','','Interested'),(1360,'8999397131','KANISHK','','','','','PIMPRI',13,'2018-11-04 09:50:10','2018-11-04 09:50:10',NULL,13,'2018-11-04','','Interested'),(1361,'9890212126','Kumar','','','','','PUNE',14,'2018-11-04 09:53:37','2018-11-04 09:53:37',NULL,12,'2018-11-04','','Interested'),(1362,'8208940768','GANESH','','','','','SATARA',13,'2018-11-04 10:00:23','2018-11-04 10:00:23',NULL,13,'2018-11-04','visit in office','Interested'),(1363,'9921057637','SHAIKH','','','','','CHAKHAN',14,'2018-11-04 10:01:16','2018-11-04 10:01:16',NULL,13,'2018-11-04','','Interested'),(1364,'9309930523','ANGAT','','','','','chakn',13,'2018-11-04 10:03:55','2018-11-04 10:03:55',NULL,6,'2018-11-04','visit in office','Interested'),(1365,'9730928296','ANIL','','','','','BHOSARI',14,'2018-11-04 11:24:01','2018-11-04 11:24:01',NULL,6,'2018-11-04','','Interested'),(1366,'8421482822','SHKHAR','','','','','CHINCHWAD',14,'2018-11-04 11:29:46','2018-11-04 11:29:46',NULL,13,'2018-11-04','','Interested'),(1367,'9096680877','GANESH','','','','','CHANDAN NAGAR',14,'2018-11-04 11:42:51','2018-11-04 11:42:51',NULL,8,'2018-11-04','','Interested'),(1368,'9220262342','SANTOSH','','','','','PUNE',14,'2018-11-04 12:32:23','2018-11-04 12:32:23',NULL,13,'2018-11-04','','Interested'),(1369,'8668994928','NAREN','','','','PIMPRI','PUNE',12,'2018-11-05 06:00:39','2018-11-05 06:00:39',NULL,13,'2018-11-02','Inquiry about INOVA on call.','Interested'),(1370,'9921112552','SUJIT','','','','','SOLAPUR',14,'2018-11-06 06:02:04','2018-11-06 06:02:04',NULL,13,'2018-11-06','','Interested'),(1371,'9511202095','SANDEEP','','','','','BEED',14,'2018-11-06 06:05:32','2018-11-06 06:05:32',NULL,8,'2018-11-06','','Interested'),(1372,'9511202095','SANDEEP','','','','','BEED',14,'2018-11-06 06:05:32','2018-11-06 06:05:32',NULL,8,'2018-11-06','','Interested'),(1373,'8828656597','PRADEEP','','','','','PUNE',14,'2018-11-06 06:24:39','2018-11-06 06:24:39',NULL,13,'2018-11-06','','Interested'),(1374,'9371929999','SUBHIR','','','','','PUNE',14,'2018-11-06 06:26:57','2018-11-06 06:26:57',NULL,13,'2018-11-06','','Interested'),(1375,'9921707058','SAGAR','','','','','CHINCHWAD',14,'2018-11-06 06:39:30','2018-11-06 06:39:30',NULL,6,'2018-11-06','','Interested'),(1376,'8459911092','AKASH','','','','','KONDWA',14,'2018-11-06 06:56:13','2018-11-06 06:56:13',NULL,13,'2018-11-06','','Interested'),(1377,'9970515622','AMIT ','','JADHAW','','','CHIKHLI',14,'2018-11-06 07:04:03','2018-11-06 07:04:03',NULL,6,'2018-11-06','','Interested'),(1378,'9762481319','PRAVIN','','SHINDE','','','HADAPSAR',14,'2018-11-06 07:22:39','2018-11-06 07:22:39',NULL,13,'2018-11-06','','Interested'),(1379,'8840284108','KRUSHNA ','','','','','BHOSARI',14,'2018-11-06 07:30:36','2018-11-06 07:30:36',NULL,8,'2018-11-06','','Interested'),(1380,'9890222470','RAJENDAR','','BAGHWAT','','','SHIRDI',14,'2018-11-06 08:16:19','2018-11-06 08:16:19',NULL,13,'2018-11-06','','Interested'),(1381,'9762205090','SAGAR','','KALE','','','BHOSARI',14,'2018-11-06 08:42:55','2018-11-06 08:42:55',NULL,13,'2018-11-06','','Interested'),(1382,'9359010380','AABASAHEB','','','','','PUNE',14,'2018-11-06 08:51:13','2018-11-06 08:51:13',NULL,13,'2018-11-06','','Interested'),(1383,'9172825013','GADGE','','','','','KALEWADI',14,'2018-11-06 08:58:54','2018-11-06 08:58:54',NULL,11,'2018-11-06','','Interested'),(1384,'8552900876','CIMAN','','','','','VIMAN NAGAR',14,'2018-11-06 09:22:00','2018-11-06 09:22:00',NULL,13,'2018-11-06','','Interested'),(1385,'8379999486','VITHAL','','','','','BEBEWADI',14,'2018-11-06 11:05:25','2018-11-06 11:05:25',NULL,13,'2018-11-06','','Interested'),(1386,'8805596579','TUKARAM','','','','','RANJANGAON',14,'2018-11-06 11:11:54','2018-11-06 11:11:54',NULL,13,'2018-11-06','','Interested'),(1387,'9773221183','UDAY','','YADAV','','','SATARA',14,'2018-11-06 11:27:52','2018-11-06 11:27:52',NULL,8,'2018-11-06','','Interested'),(1388,'9421947171','SOMNATH','','','','','RAHATNI',14,'2018-11-06 11:32:14','2018-11-06 11:32:14',NULL,6,'2018-11-06','','Interested'),(1389,'8999771605','MOHAMAD','','','','','PUNE',14,'2018-11-07 07:02:12','2018-11-07 07:02:12',NULL,13,'2018-11-07','','Interested'),(1390,'8208541058','AMAR','','','','','KONDHWA',14,'2018-11-07 07:07:30','2018-11-07 07:07:30',NULL,6,'2018-11-07','','Interested'),(1391,'8208541058','AMAR','','','','','KONDHWA',14,'2018-11-07 07:07:30','2018-11-07 07:07:30',NULL,6,'2018-11-07','','Interested'),(1392,'9665000737','sham','','bansode','','','SOLAPUR',14,'2018-11-07 07:19:14','2018-11-07 07:19:14',NULL,13,'2018-11-07','','Interested'),(1393,'9623609797','ankit','','jadhaw','','','pune',14,'2018-11-07 08:46:10','2018-11-07 08:46:10',NULL,13,'2018-11-07','','Interested'),(1394,'8805788876','sudam','','','','','BHOSRI',13,'2018-11-09 05:08:16','2018-11-09 05:08:16',NULL,9,'2018-10-09','visit in office','Interested'),(1395,'8329018608','bhede','','','','','pune',13,'2018-11-09 05:09:54','2018-11-09 05:09:54',NULL,13,'2018-10-09','visit in office','Interested'),(1396,'8625080225','punav','','','','','pune',13,'2018-11-09 05:15:27','2018-11-09 05:15:27',NULL,13,'2018-10-09','visit in office','Interested'),(1397,'9082334186','mahajan','','','','','pune',13,'2018-11-09 05:18:19','2018-11-09 05:18:19',NULL,13,'2018-10-09','visit in office','Interested'),(1398,'9405447077','ratnakar','','','','','baramati',13,'2018-11-09 05:24:49','2018-11-09 05:24:49',NULL,13,'2018-10-09','visit in office','Interested'),(1399,'9503424396','sunil','','','','','BHOSRI',13,'2018-11-09 05:48:11','2018-11-09 05:48:11',NULL,13,'2018-10-09','visit in office','Interested'),(1400,'7020659696','rahul','','','','','LONIKALBHOR',13,'2018-11-09 05:53:36','2018-11-09 05:53:36',NULL,12,'2018-10-09','visit in office','Interested'),(1401,'9765201376','sambaje','','','','','BHOSRI',13,'2018-11-09 05:56:27','2018-11-09 05:56:27',NULL,13,'2018-10-09','visit in office','Interested'),(1402,'8788854837','akshay','','','','','aund',13,'2018-11-09 06:07:53','2018-11-09 06:07:53',NULL,13,'2018-10-09','','Interested'),(1403,'7972487887','GANESH','','','','','pune',13,'2018-11-09 06:33:48','2018-11-09 06:33:48',NULL,13,'2018-10-09','visit in office','Interested'),(1404,'7972487887','manoj','','','','','BHOSRI',13,'2018-11-09 06:35:58','2018-11-09 06:35:58',NULL,11,'2018-10-09','visit in office','Interested'),(1405,'9922617879','sachine','','','','','pimpre',13,'2018-11-09 07:24:40','2018-11-09 07:24:40',NULL,13,'2018-10-09','visit in office','Interested'),(1406,'8766749643','abhijet','','','','','buldahan',13,'2018-11-09 07:35:27','2018-11-09 07:35:27',NULL,13,'2018-10-09','visit in office','Interested'),(1407,'9130917262','appasaheb','','','','','pune',13,'2018-11-09 07:40:28','2018-11-09 07:40:28',NULL,6,'2018-10-09','visit in office','Interested'),(1408,'9923032848','premchand','','','','','chinchwad',13,'2018-11-09 07:44:58','2018-11-09 07:44:58',NULL,3,'2018-10-09','visit in office','Interested'),(1409,'9890107974','rajendr','','','','','pune',13,'2018-11-09 07:47:25','2018-11-09 07:47:25',NULL,13,'2018-10-09','visit in office','Interested'),(1410,'8208872907','santosh','','','','','dehuroad',13,'2018-11-09 07:50:41','2018-11-09 07:50:41',NULL,13,'2018-10-09','visit in office','Interested'),(1411,'9325327001','dattaray','','','','','chikle',13,'2018-11-09 08:22:29','2018-11-09 08:22:29',NULL,13,'2018-10-09','','Interested'),(1412,'9071988675','sutar','','','','','pune',13,'2018-11-09 09:11:40','2018-11-09 09:11:40',NULL,13,'2018-10-09','visit in office','Interested'),(1413,'7507495558','rupesh','','','','','bhevandi',13,'2018-11-09 09:16:12','2018-11-09 09:16:12',NULL,13,'2018-10-09','visit in office','Interested'),(1414,'9850792600','ikbal','','','','','pimpre',13,'2018-11-09 09:48:22','2018-11-09 09:48:22',NULL,13,'2018-10-09','visit in office','Interested'),(1415,'7620575940','ganesh','','','','','BHOSRI',13,'2018-11-09 09:50:07','2018-11-09 09:50:07',NULL,13,'2018-10-09','visit in office','Interested'),(1416,'8623838623','navin','','','','','nashik',13,'2018-11-10 06:17:11','2018-11-10 06:17:11',NULL,13,'2018-11-10','visit in office','Interested'),(1417,'9923505616','dilep','','','','','dhanori',13,'2018-11-10 06:49:29','2018-11-10 06:49:29',NULL,13,'2018-11-10','visit in office','Interested'),(1418,'9923505616','rahul','','','','','kondva',13,'2018-11-10 06:57:21','2018-11-10 06:57:21',NULL,13,'2018-11-10','visit in office','Interested'),(1419,'9923505616','dineh','','','','','talegav',13,'2018-11-10 07:05:43','2018-11-10 07:05:43',NULL,7,'2018-11-10','visit in office','Interested'),(1420,'9923505616','RAHUL','SONAWNE','','','','MALEGAV',13,'2018-11-10 07:10:48','2018-11-10 07:10:48',NULL,13,'2018-11-10','visit in office','Interested'),(1421,'9011323509','SASHIKANT','','UTTANKAR','','','KOKAN',3,'2018-11-12 06:45:11','2018-11-12 06:45:11',NULL,3,'2018-11-12','','Interested'),(1422,'9145387774','DAYANANAD','','UTTANKAR','','','KOKNA',3,'2018-11-12 06:46:05','2018-11-12 06:46:05',NULL,3,'2018-11-12','','Interested'),(1423,'9834665528','SHAHAZAD','','KHAN','','KASARWADI','PUNE',3,'2018-11-12 07:42:17','2018-11-12 07:42:17',NULL,3,'2018-11-12','','Interested');
/*!40000 ALTER TABLE `enquiries` ENABLE KEYS */;
UNLOCK TABLES;

--
-- Table structure for table `file_processes`
--

DROP TABLE IF EXISTS `file_processes`;
/*!40101 SET @saved_cs_client     = @@character_set_client */;
/*!40101 SET character_set_client = utf8 */;
CREATE TABLE `file_processes` (
  `id` int(11) NOT NULL AUTO_INCREMENT,
  `vehicle_booking_id` int(11) DEFAULT NULL,
  `financer` varchar(255) COLLATE utf8_unicode_ci DEFAULT NULL,
  `contact_person` varchar(255) COLLATE utf8_unicode_ci DEFAULT NULL,
  `contact_no` varchar(255) COLLATE utf8_unicode_ci DEFAULT NULL,
  `status` varchar(255) COLLATE utf8_unicode_ci DEFAULT NULL,
  `created_at` datetime NOT NULL,
  `updated_at` datetime NOT NULL,
  PRIMARY KEY (`id`),
  KEY `index_file_processes_on_vehicle_booking_id` (`vehicle_booking_id`),
  CONSTRAINT `fk_rails_a6af8efba6` FOREIGN KEY (`vehicle_booking_id`) REFERENCES `vehicle_bookings` (`id`)
) ENGINE=InnoDB DEFAULT CHARSET=utf8 COLLATE=utf8_unicode_ci;
/*!40101 SET character_set_client = @saved_cs_client */;

--
-- Dumping data for table `file_processes`
--

LOCK TABLES `file_processes` WRITE;
/*!40000 ALTER TABLE `file_processes` DISABLE KEYS */;
/*!40000 ALTER TABLE `file_processes` ENABLE KEYS */;
UNLOCK TABLES;

--
-- Table structure for table `financer_masters`
--

DROP TABLE IF EXISTS `financer_masters`;
/*!40101 SET @saved_cs_client     = @@character_set_client */;
/*!40101 SET character_set_client = utf8 */;
CREATE TABLE `financer_masters` (
  `id` int(11) NOT NULL AUTO_INCREMENT,
  `code` varchar(255) COLLATE utf8_unicode_ci DEFAULT NULL,
  `name` varchar(255) COLLATE utf8_unicode_ci DEFAULT NULL,
  `description` text COLLATE utf8_unicode_ci,
  `pin_code` int(11) DEFAULT NULL,
  `place` varchar(255) COLLATE utf8_unicode_ci DEFAULT NULL,
  `address` text COLLATE utf8_unicode_ci,
  `contact_no` varchar(255) COLLATE utf8_unicode_ci DEFAULT NULL,
  `email` varchar(255) COLLATE utf8_unicode_ci DEFAULT NULL,
  `contact_person` varchar(255) COLLATE utf8_unicode_ci DEFAULT NULL,
  `status` tinyint(1) DEFAULT NULL,
  `created_at` datetime NOT NULL,
  `updated_at` datetime NOT NULL,
  `branch_id` int(11) DEFAULT NULL,
  PRIMARY KEY (`id`),
  KEY `index_financer_masters_on_branch_id` (`branch_id`),
  CONSTRAINT `fk_rails_83568c6e72` FOREIGN KEY (`branch_id`) REFERENCES `branches` (`id`)
) ENGINE=InnoDB AUTO_INCREMENT=15 DEFAULT CHARSET=utf8 COLLATE=utf8_unicode_ci;
/*!40101 SET character_set_client = @saved_cs_client */;

--
-- Dumping data for table `financer_masters`
--

LOCK TABLES `financer_masters` WRITE;
/*!40000 ALTER TABLE `financer_masters` DISABLE KEYS */;
INSERT INTO `financer_masters` VALUES (3,'F001','tata motor finance ltd','tata motor finance ltd',411035,'akudi','akudi pune','no','no','laxmikant',0,'2018-08-22 11:49:34','2018-08-22 11:51:33',1),(4,'F002','au finance ltd','au finance ltd',411035,'akudi','akudi pune','no','no','sandeep',0,'2018-08-22 11:51:33','2018-08-22 11:51:33',1),(5,'F003','bcc bank','bcc bank',411035,'akudi','akudi pune','no','no','kaushik',0,'2018-08-22 11:51:33','2018-08-22 11:51:33',1),(6,'F004','corporation bank','corporation bank',411035,'akudi','akudi pune','no','no','NA',0,'2018-08-22 11:51:33','2018-08-22 11:51:33',1),(7,'F005','bank of maharastra','bank of maharastra',411035,'akudi','akudi pune','no','no','NA',0,'2018-08-22 11:51:33','2018-08-22 11:51:33',1),(8,'F006','boi','boi',411035,'akudi','akudi pune','no','no','NA',0,'2018-08-22 11:51:33','2018-08-22 11:51:33',1),(9,'F007','cholamandlum finance','cholamandlum finance',411035,'akudi','akudi pune','no','no','NA',0,'2018-08-22 11:51:33','2018-08-22 11:51:33',1),(10,'F008','hdfc bank','hdfc bank',411035,'akudi','akudi pune','no','no','NA',0,'2018-08-22 11:51:33','2018-08-22 11:51:33',1),(11,'F009','axis bank','axis bank',411035,'akudi','akudi pune','no','no','NA',0,'2018-08-22 11:51:33','2018-08-22 11:51:33',1),(12,'F010','union bank ','union bank ',411035,'akudi','akudi pune','no','no','NA',0,'2018-08-22 11:51:33','2018-08-22 11:51:33',1),(13,'F011','sarswat bank','sarswat bank',411035,'akudi','akudi pune','no','no','NA',0,'2018-08-22 11:51:33','2018-08-22 11:51:33',1),(14,'F012','suvarnyug bank','suvarnyug bank',411035,'akudi','akudi pune','no','no','NA',0,'2018-08-22 11:51:33','2018-08-22 11:51:33',1);
/*!40000 ALTER TABLE `financer_masters` ENABLE KEYS */;
UNLOCK TABLES;

--
-- Table structure for table `inwords`
--

DROP TABLE IF EXISTS `inwords`;
/*!40101 SET @saved_cs_client     = @@character_set_client */;
/*!40101 SET character_set_client = utf8 */;
CREATE TABLE `inwords` (
  `id` int(11) NOT NULL AUTO_INCREMENT,
  `date` date DEFAULT NULL,
  `vehicle_booking_id` int(11) DEFAULT NULL,
  `payment_type` varchar(255) COLLATE utf8_unicode_ci DEFAULT NULL,
  `amount` decimal(10,0) DEFAULT NULL,
  `receipt_no` varchar(255) COLLATE utf8_unicode_ci DEFAULT NULL,
  `employee_id` int(11) DEFAULT NULL,
  `vendor_name` varchar(255) COLLATE utf8_unicode_ci DEFAULT NULL,
  `contact_no` varchar(255) COLLATE utf8_unicode_ci DEFAULT NULL,
  `created_at` datetime NOT NULL,
  `updated_at` datetime NOT NULL,
  PRIMARY KEY (`id`),
  KEY `index_inwords_on_vehicle_booking_id` (`vehicle_booking_id`),
  KEY `index_inwords_on_employee_id` (`employee_id`),
  CONSTRAINT `fk_rails_abdc7b2bba` FOREIGN KEY (`employee_id`) REFERENCES `employees` (`id`),
  CONSTRAINT `fk_rails_d8059d724b` FOREIGN KEY (`vehicle_booking_id`) REFERENCES `vehicle_bookings` (`id`)
) ENGINE=InnoDB AUTO_INCREMENT=4 DEFAULT CHARSET=utf8 COLLATE=utf8_unicode_ci;
/*!40101 SET character_set_client = @saved_cs_client */;

--
-- Dumping data for table `inwords`
--

LOCK TABLES `inwords` WRITE;
/*!40000 ALTER TABLE `inwords` DISABLE KEYS */;
INSERT INTO `inwords` VALUES (1,'2018-10-27',16,'Booking Amount',5000,'0001',1,'','9865321470','2018-10-27 06:53:34','2018-10-27 06:53:34'),(2,'2018-10-02',10,'Downpayment',20000,'Resp01',1,'Mas','','2018-10-30 06:44:43','2018-10-30 06:44:43'),(3,'2018-10-31',10,'Downpayment',50000,'003',1,'','','2018-10-31 10:34:30','2018-10-31 10:34:30');
/*!40000 ALTER TABLE `inwords` ENABLE KEYS */;
UNLOCK TABLES;

--
-- Table structure for table `outwords`
--

DROP TABLE IF EXISTS `outwords`;
/*!40101 SET @saved_cs_client     = @@character_set_client */;
/*!40101 SET character_set_client = utf8 */;
CREATE TABLE `outwords` (
  `id` int(11) NOT NULL AUTO_INCREMENT,
  `date` date DEFAULT NULL,
  `employee_id` int(11) DEFAULT NULL,
  `amount` decimal(10,0) DEFAULT NULL,
  `handover_to` varchar(255) COLLATE utf8_unicode_ci DEFAULT NULL,
  `handover_id_id` int(11) DEFAULT NULL,
  `purpose` text COLLATE utf8_unicode_ci,
  `created_at` datetime NOT NULL,
  `updated_at` datetime NOT NULL,
  PRIMARY KEY (`id`),
  KEY `index_outwords_on_employee_id` (`employee_id`),
  CONSTRAINT `fk_rails_001f4aa862` FOREIGN KEY (`employee_id`) REFERENCES `employees` (`id`)
) ENGINE=InnoDB DEFAULT CHARSET=utf8 COLLATE=utf8_unicode_ci;
/*!40101 SET character_set_client = @saved_cs_client */;

--
-- Dumping data for table `outwords`
--

LOCK TABLES `outwords` WRITE;
/*!40000 ALTER TABLE `outwords` DISABLE KEYS */;
/*!40000 ALTER TABLE `outwords` ENABLE KEYS */;
UNLOCK TABLES;

--
-- Table structure for table `roles`
--

DROP TABLE IF EXISTS `roles`;
/*!40101 SET @saved_cs_client     = @@character_set_client */;
/*!40101 SET character_set_client = utf8 */;
CREATE TABLE `roles` (
  `id` int(11) NOT NULL AUTO_INCREMENT,
  `code` varchar(255) COLLATE utf8_unicode_ci DEFAULT NULL,
  `name` varchar(255) COLLATE utf8_unicode_ci DEFAULT NULL,
  `description` varchar(255) COLLATE utf8_unicode_ci DEFAULT NULL,
  `is_confirm` tinyint(1) DEFAULT NULL,
  `created_at` datetime NOT NULL,
  `updated_at` datetime NOT NULL,
  PRIMARY KEY (`id`)
) ENGINE=InnoDB AUTO_INCREMENT=10 DEFAULT CHARSET=utf8 COLLATE=utf8_unicode_ci;
/*!40101 SET character_set_client = @saved_cs_client */;

--
-- Dumping data for table `roles`
--

LOCK TABLES `roles` WRITE;
/*!40000 ALTER TABLE `roles` DISABLE KEYS */;
INSERT INTO `roles` VALUES (1,'R001','GroupAdmin','',1,'2018-10-23 12:52:07','2018-10-23 12:53:56'),(2,'R002','Admin','Admin',1,'2018-10-23 12:53:29','2018-10-23 12:53:29'),(3,'R003','Branch','Branch',1,'2018-10-23 12:54:16','2018-10-23 12:54:16'),(4,'R004','Accountant','Accountant',1,'2018-10-23 12:54:39','2018-10-23 12:54:39'),(5,'R005','Tele Team Lead','Tele Team Lead',1,'2018-10-23 12:55:11','2018-10-23 12:55:11'),(6,'R006','Sales Team Lead','Sales Team Lead',1,'2018-10-23 12:55:37','2018-10-23 12:55:37'),(7,'R007','Delivery Executive','Delivery Executive',1,'2018-10-23 12:56:04','2018-10-23 12:56:04'),(8,'R008','Finance Executive','Finance Executive',1,'2018-10-23 12:56:31','2018-10-23 12:56:31'),(9,'R009','Tellecaller','Tellecaller',1,'2018-10-23 12:57:01','2018-10-23 12:57:01');
/*!40000 ALTER TABLE `roles` ENABLE KEYS */;
UNLOCK TABLES;

--
-- Table structure for table `schema_migrations`
--

DROP TABLE IF EXISTS `schema_migrations`;
/*!40101 SET @saved_cs_client     = @@character_set_client */;
/*!40101 SET character_set_client = utf8 */;
CREATE TABLE `schema_migrations` (
  `version` varchar(255) COLLATE utf8_unicode_ci NOT NULL,
  UNIQUE KEY `unique_schema_migrations` (`version`)
) ENGINE=InnoDB DEFAULT CHARSET=utf8 COLLATE=utf8_unicode_ci;
/*!40101 SET character_set_client = @saved_cs_client */;

--
-- Dumping data for table `schema_migrations`
--

LOCK TABLES `schema_migrations` WRITE;
/*!40000 ALTER TABLE `schema_migrations` DISABLE KEYS */;
INSERT INTO `schema_migrations` VALUES ('20180625050513'),('20180625110139'),('20180625110231'),('20180625114946'),('20180625121433'),('20180626072124'),('20180626102655'),('20180626113710'),('20180626114121'),('20180626114507'),('20180628100935'),('20180628101111'),('20180629101435'),('20180629102005'),('20180629112806'),('20180629114446'),('20180629120257'),('20180702071048'),('20180702071421'),('20180702071440'),('20180703054715'),('20180703105940'),('20180703105941'),('20180718071922'),('20180719053633'),('20180720074001'),('20180720093322'),('20180721072717'),('20180724071617'),('20180724100559'),('20180808124900'),('20180828071451'),('20180828093905'),('20180917095615'),('20180918075424'),('20180918120449'),('20180919062919'),('20180919065537'),('20180919065729'),('20180919071834'),('20180919080556'),('20180919121208'),('20181011055350'),('20181011060058'),('20181017053608'),('20181017061501'),('20181017064650'),('20181023044539'),('20181023063212'),('20181023073722');
/*!40000 ALTER TABLE `schema_migrations` ENABLE KEYS */;
UNLOCK TABLES;

--
-- Table structure for table `schemes`
--

DROP TABLE IF EXISTS `schemes`;
/*!40101 SET @saved_cs_client     = @@character_set_client */;
/*!40101 SET character_set_client = utf8 */;
CREATE TABLE `schemes` (
  `id` int(11) NOT NULL AUTO_INCREMENT,
  `name` varchar(255) COLLATE utf8_unicode_ci DEFAULT NULL,
  `budget` decimal(10,0) DEFAULT NULL,
  `down_payment` varchar(255) COLLATE utf8_unicode_ci DEFAULT NULL,
  `intrest` decimal(10,0) DEFAULT NULL,
  `from_date` date DEFAULT NULL,
  `to_date` date DEFAULT NULL,
  `status` tinyint(1) DEFAULT NULL,
  `created_at` datetime DEFAULT NULL,
  `updated_at` datetime DEFAULT NULL,
  `installment_amount` decimal(10,0) DEFAULT NULL,
  `scheme_type` varchar(255) COLLATE utf8_unicode_ci DEFAULT NULL,
  `installment` varchar(255) COLLATE utf8_unicode_ci DEFAULT NULL,
  `vehicle_type_id` int(11) DEFAULT NULL,
  `description` text COLLATE utf8_unicode_ci,
  `avatar_file_name` varchar(255) COLLATE utf8_unicode_ci DEFAULT NULL,
  `avatar_content_type` varchar(255) COLLATE utf8_unicode_ci DEFAULT NULL,
  `avatar_file_size` int(11) DEFAULT NULL,
  `avatar_updated_at` datetime DEFAULT NULL,
  `image_file_name` varchar(255) COLLATE utf8_unicode_ci DEFAULT NULL,
  `image_content_type` varchar(255) COLLATE utf8_unicode_ci DEFAULT NULL,
  `image_file_size` int(11) DEFAULT NULL,
  `image_updated_at` datetime DEFAULT NULL,
  `image1_file_name` varchar(255) COLLATE utf8_unicode_ci DEFAULT NULL,
  `image1_content_type` varchar(255) COLLATE utf8_unicode_ci DEFAULT NULL,
  `image1_file_size` int(11) DEFAULT NULL,
  `image1_updated_at` datetime DEFAULT NULL,
  `interest` varchar(255) COLLATE utf8_unicode_ci DEFAULT NULL,
  `total_amount` varchar(255) COLLATE utf8_unicode_ci DEFAULT NULL,
  `emi_amount` varchar(255) COLLATE utf8_unicode_ci DEFAULT NULL,
  `image2_file_name` varchar(255) COLLATE utf8_unicode_ci DEFAULT NULL,
  `image2_content_type` varchar(255) COLLATE utf8_unicode_ci DEFAULT NULL,
  `image2_file_size` bigint(20) DEFAULT NULL,
  `image2_updated_at` datetime DEFAULT NULL,
  `image3_file_name` varchar(255) COLLATE utf8_unicode_ci DEFAULT NULL,
  `image3_content_type` varchar(255) COLLATE utf8_unicode_ci DEFAULT NULL,
  `image3_file_size` bigint(20) DEFAULT NULL,
  `image3_updated_at` datetime DEFAULT NULL,
  `image4_file_name` varchar(255) COLLATE utf8_unicode_ci DEFAULT NULL,
  `image4_content_type` varchar(255) COLLATE utf8_unicode_ci DEFAULT NULL,
  `image4_file_size` bigint(20) DEFAULT NULL,
  `image4_updated_at` datetime DEFAULT NULL,
  `image5_file_name` varchar(255) COLLATE utf8_unicode_ci DEFAULT NULL,
  `image5_content_type` varchar(255) COLLATE utf8_unicode_ci DEFAULT NULL,
  `image5_file_size` bigint(20) DEFAULT NULL,
  `image5_updated_at` datetime DEFAULT NULL,
  `branch_id` int(11) DEFAULT NULL,
  PRIMARY KEY (`id`),
  KEY `fk_rails_8115123ef3` (`vehicle_type_id`),
  KEY `index_schemes_on_branch_id` (`branch_id`),
  CONSTRAINT `fk_rails_790447dcfd` FOREIGN KEY (`branch_id`) REFERENCES `branches` (`id`),
  CONSTRAINT `fk_rails_8115123ef3` FOREIGN KEY (`vehicle_type_id`) REFERENCES `vehicle_types` (`id`)
) ENGINE=InnoDB AUTO_INCREMENT=14 DEFAULT CHARSET=utf8 COLLATE=utf8_unicode_ci;
/*!40101 SET character_set_client = @saved_cs_client */;

--
-- Dumping data for table `schemes`
--

LOCK TABLES `schemes` WRITE;
/*!40000 ALTER TABLE `schemes` DISABLE KEYS */;
INSERT INTO `schemes` VALUES (1,'TATA ZEST XE D',728000,'67000',15,'2018-08-01','2018-09-30',1,'2018-08-09 05:44:57','2018-09-19 08:02:48',19279,'scheme 1','60',1,'','07.jpg','image/jpeg',65307,'2018-09-19 08:02:47',NULL,NULL,NULL,NULL,'12_(1).jpg','image/jpeg',71365,'2018-09-19 08:02:48','495750','1156750','661000','12.jpg','image/jpeg',77177,'2018-09-19 08:02:47','2014-Tata-Zest-Interior-Dashboard-720x540.jpg','image/jpeg',53413,'2018-09-19 08:02:47','-15102_4191.jpg','image/jpeg',74377,'2018-09-19 08:02:47','19510_03.jpg','image/jpeg',576625,'2018-09-19 08:02:47',1),(2,'TATA ZEST XE P',728000,'67000',15,'2018-08-01','2018-09-30',1,'2018-08-22 12:01:41','2018-08-22 12:21:17',19279,NULL,'60',2,'',NULL,NULL,NULL,NULL,NULL,NULL,NULL,NULL,NULL,NULL,NULL,NULL,'495750','1156750','661000',NULL,NULL,NULL,NULL,NULL,NULL,NULL,NULL,NULL,NULL,NULL,NULL,NULL,NULL,NULL,NULL,1),(3,'TATA ZEST XM D',798000,'80000',15,'2018-08-01','2018-09-30',1,'2018-08-22 12:02:38','2018-08-22 12:21:27',20941,NULL,'60',3,'',NULL,NULL,NULL,NULL,NULL,NULL,NULL,NULL,NULL,NULL,NULL,NULL,'538500','1256500','718000',NULL,NULL,NULL,NULL,NULL,NULL,NULL,NULL,NULL,NULL,NULL,NULL,NULL,NULL,NULL,NULL,1),(4,'TATA HEXA',1375000,'187000',11,'2018-08-23','2018-08-25',1,'2018-08-22 12:03:43','2018-08-23 07:41:32',30690,NULL,'60',4,'',NULL,NULL,NULL,NULL,NULL,NULL,NULL,NULL,NULL,NULL,NULL,NULL,'653400','1841400','1188000',NULL,NULL,NULL,NULL,NULL,NULL,NULL,NULL,NULL,NULL,NULL,NULL,NULL,NULL,NULL,NULL,1),(5,'TATA BOLT XM',720000,'67000',15,'2018-08-01','2018-09-30',1,'2018-08-22 12:22:41','2018-08-22 12:22:41',19045,NULL,'60',5,'',NULL,NULL,NULL,NULL,NULL,NULL,NULL,NULL,NULL,NULL,NULL,NULL,'489750','1142750','653000',NULL,NULL,NULL,NULL,NULL,NULL,NULL,NULL,NULL,NULL,NULL,NULL,NULL,NULL,NULL,NULL,1),(6,'HUNDAI XCENT D',706000,'72000',15,'2018-08-01','2018-09-30',1,'2018-08-22 12:23:39','2018-08-22 12:23:39',21133,NULL,'48',6,'',NULL,NULL,NULL,NULL,NULL,NULL,NULL,NULL,NULL,NULL,NULL,NULL,'380400','1014400','634000',NULL,NULL,NULL,NULL,NULL,NULL,NULL,NULL,NULL,NULL,NULL,NULL,NULL,NULL,NULL,NULL,1),(7,'HUNDAI XCENT P+CNG',712000,'72000',15,'2018-08-01','2018-09-30',1,'2018-08-22 12:24:26','2018-08-22 12:24:26',21333,NULL,'48',7,'',NULL,NULL,NULL,NULL,NULL,NULL,NULL,NULL,NULL,NULL,NULL,NULL,'384000','1024000','640000',NULL,NULL,NULL,NULL,NULL,NULL,NULL,NULL,NULL,NULL,NULL,NULL,NULL,NULL,NULL,NULL,1),(8,'MARUTI SWIFT DZIRE D',690000,'110000',15,'2018-08-01','2018-09-30',1,'2018-08-22 12:25:20','2018-08-22 12:25:20',19333,NULL,'48',8,'',NULL,NULL,NULL,NULL,NULL,NULL,NULL,NULL,NULL,NULL,NULL,NULL,'348000','928000','580000',NULL,NULL,NULL,NULL,NULL,NULL,NULL,NULL,NULL,NULL,NULL,NULL,NULL,NULL,NULL,NULL,1),(9,'MARUTI SWIFT DZIRE P+CNG',710000,'95000',15,'2018-08-01','2018-09-30',1,'2018-08-22 12:26:02','2018-08-31 07:58:56',20500,NULL,'48',9,'',NULL,NULL,NULL,NULL,NULL,NULL,NULL,NULL,NULL,NULL,NULL,NULL,'369000','984000','615000',NULL,NULL,NULL,NULL,NULL,NULL,NULL,NULL,NULL,NULL,NULL,NULL,NULL,NULL,NULL,NULL,1),(10,'MARUTI ERTIGA P+CNG',950000,'150000',15,'2018-08-01','2018-09-30',1,'2018-08-22 12:26:47','2018-08-22 12:26:47',26666,NULL,'48',10,'',NULL,NULL,NULL,NULL,NULL,NULL,NULL,NULL,NULL,NULL,NULL,NULL,'480000','1280000','800000',NULL,NULL,NULL,NULL,NULL,NULL,NULL,NULL,NULL,NULL,NULL,NULL,NULL,NULL,NULL,NULL,1),(11,'MARUTI ERTIGA D',1050000,'150000',15,'2018-08-01','2018-09-30',1,'2018-08-22 12:27:34','2018-08-22 12:27:34',30000,NULL,'48',11,'',NULL,NULL,NULL,NULL,NULL,NULL,NULL,NULL,NULL,NULL,NULL,NULL,'540000','1440000','900000',NULL,NULL,NULL,NULL,NULL,NULL,NULL,NULL,NULL,NULL,NULL,NULL,NULL,NULL,NULL,NULL,1),(12,'MARUTI WAGON-R CNG',550000,'85000',15,'2018-08-01','2018-09-30',0,'2018-08-22 12:28:18','2018-08-22 12:28:18',15500,NULL,'48',12,'',NULL,NULL,NULL,NULL,NULL,NULL,NULL,NULL,NULL,NULL,NULL,NULL,'279000','744000','465000',NULL,NULL,NULL,NULL,NULL,NULL,NULL,NULL,NULL,NULL,NULL,NULL,NULL,NULL,NULL,NULL,1),(13,'NA',1,'1',1,'2018-08-01','2022-08-31',1,'2018-09-17 14:10:32','2018-09-17 14:10:32',0,NULL,'1',1,'',NULL,NULL,NULL,NULL,NULL,NULL,NULL,NULL,NULL,NULL,NULL,NULL,'0','0','0',NULL,NULL,NULL,NULL,NULL,NULL,NULL,NULL,NULL,NULL,NULL,NULL,NULL,NULL,NULL,NULL,1);
/*!40000 ALTER TABLE `schemes` ENABLE KEYS */;
UNLOCK TABLES;

--
-- Table structure for table `showroom_masters`
--

DROP TABLE IF EXISTS `showroom_masters`;
/*!40101 SET @saved_cs_client     = @@character_set_client */;
/*!40101 SET character_set_client = utf8 */;
CREATE TABLE `showroom_masters` (
  `id` int(11) NOT NULL AUTO_INCREMENT,
  `code` varchar(255) COLLATE utf8_unicode_ci DEFAULT NULL,
  `name` varchar(255) COLLATE utf8_unicode_ci DEFAULT NULL,
  `description` text COLLATE utf8_unicode_ci,
  `pin_code` int(11) DEFAULT NULL,
  `place` varchar(255) COLLATE utf8_unicode_ci DEFAULT NULL,
  `address` text COLLATE utf8_unicode_ci,
  `contact_no` varchar(255) COLLATE utf8_unicode_ci DEFAULT NULL,
  `email` varchar(255) COLLATE utf8_unicode_ci DEFAULT NULL,
  `contact_person` varchar(255) COLLATE utf8_unicode_ci DEFAULT NULL,
  `status` tinyint(1) DEFAULT NULL,
  `created_at` datetime NOT NULL,
  `updated_at` datetime NOT NULL,
  `branch_id` int(11) DEFAULT NULL,
  PRIMARY KEY (`id`),
  KEY `index_showroom_masters_on_branch_id` (`branch_id`),
  CONSTRAINT `fk_rails_8ec42039cd` FOREIGN KEY (`branch_id`) REFERENCES `branches` (`id`)
) ENGINE=InnoDB AUTO_INCREMENT=18 DEFAULT CHARSET=utf8 COLLATE=utf8_unicode_ci;
/*!40101 SET character_set_client = @saved_cs_client */;

--
-- Dumping data for table `showroom_masters`
--

LOCK TABLES `showroom_masters` WRITE;
/*!40000 ALTER TABLE `showroom_masters` DISABLE KEYS */;
INSERT INTO `showroom_masters` VALUES (3,'S001','CONCORD MOTORS','TATA DEALER',123456,'PUNE','PUNE','9876543210.0','A@gmail.com','vishal',1,'2018-08-22 11:53:26','2018-08-22 11:53:26',1),(4,'S002','PANCHJANYA MOTORS',NULL,123457,'PUNE','PUNE','9876543211.0','A@gmail.com','vishal',1,'2018-08-22 11:53:27','2018-08-22 11:53:27',1),(5,'S003','RUDRA MOTOR',NULL,123458,'PUNE','PUNE','9876543212.0','A@gmail.com','vishal',1,'2018-08-22 11:53:27','2018-08-22 11:53:27',1),(6,'S004','UNITY MOTOR',NULL,123459,'KOLHAPUR','KOLHAPUR','9876543213.0','A@gmail.com','vishal',1,'2018-08-22 11:53:27','2018-08-22 11:53:27',1),(7,'S005','NATIONAL MOTOR',NULL,123460,'PUNE','PUNE','9876543214.0','A@gmail.com','vishal',1,'2018-08-22 11:53:27','2018-08-22 11:53:27',1),(8,'S006','MY CAR','MARUTI DEALER',123461,'PUNE','PUNE','9876543215.0','A@gmail.com','vishal',1,'2018-08-22 11:53:27','2018-08-22 11:53:27',1),(9,'S007','KOTHARI MOTOR',NULL,123462,'PUNE','PUNE','9876543216.0','A@gmail.com','vishal',1,'2018-08-22 11:53:27','2018-08-22 11:53:27',1),(10,'S008','CHOUGULE MOTORS',NULL,123463,'PUNE','PUNE','9876543217.0','A@gmail.com','vishal',1,'2018-08-22 11:53:27','2018-08-22 11:53:27',1),(11,'S009','S.KUDLE',NULL,123464,'PUNE','PUNE','9876543218.0','A@gmail.com','vishal',1,'2018-08-22 11:53:27','2018-08-22 11:53:27',1),(12,'S010','SAI SERVICE',NULL,123465,'PUNE','PUNE','9876543219.0','A@gmail.com','vishal',1,'2018-08-22 11:53:27','2018-08-22 11:53:27',1),(13,'S011','KUNDAN HUNDAI','HUNDAI DEALER',123466,'PUNE','PUNE','9876543220.0','A@gmail.com','vishal',1,'2018-08-22 11:53:27','2018-08-22 11:53:27',1),(14,'S012','SANJAY HUNDAI',NULL,123467,'PUNE','PUNE','9876543221.0','A@gmail.com','vishal',1,'2018-08-22 11:53:27','2018-08-22 11:53:27',1),(15,'S013','ISHANANYA HUNDAUI',NULL,123468,'PUNE','PUNE','9876543222.0','A@gmail.com','vishal',1,'2018-08-22 11:53:27','2018-08-22 11:53:27',1),(16,'S014','NEEL HUNDAI',NULL,123469,'PUNE','PUNE','9876543223.0','A@gmail.com','vishal',1,'2018-08-22 11:53:27','2018-08-22 11:53:27',1),(17,'S015','KOTHARI HUNDAI',NULL,123470,'PUNE','PUNE','9876543224.0','A@gmail.com','vishal',1,'2018-08-22 11:53:27','2018-08-22 11:53:27',1);
/*!40000 ALTER TABLE `showroom_masters` ENABLE KEYS */;
UNLOCK TABLES;

--
-- Table structure for table `users`
--

DROP TABLE IF EXISTS `users`;
/*!40101 SET @saved_cs_client     = @@character_set_client */;
/*!40101 SET character_set_client = utf8 */;
CREATE TABLE `users` (
  `id` int(11) NOT NULL AUTO_INCREMENT,
  `email` varchar(255) COLLATE utf8_unicode_ci NOT NULL DEFAULT '',
  `encrypted_password` varchar(255) COLLATE utf8_unicode_ci NOT NULL DEFAULT '',
  `reset_password_token` varchar(255) COLLATE utf8_unicode_ci DEFAULT NULL,
  `reset_password_sent_at` datetime DEFAULT NULL,
  `remember_created_at` datetime DEFAULT NULL,
  `sign_in_count` int(11) NOT NULL DEFAULT '0',
  `current_sign_in_at` datetime DEFAULT NULL,
  `last_sign_in_at` datetime DEFAULT NULL,
  `current_sign_in_ip` varchar(255) COLLATE utf8_unicode_ci DEFAULT NULL,
  `last_sign_in_ip` varchar(255) COLLATE utf8_unicode_ci DEFAULT NULL,
  `created_at` datetime NOT NULL,
  `updated_at` datetime NOT NULL,
  `employee_id` int(11) DEFAULT NULL,
  `avatar_file_name` varchar(255) COLLATE utf8_unicode_ci DEFAULT NULL,
  `avatar_content_type` varchar(255) COLLATE utf8_unicode_ci DEFAULT NULL,
  `avatar_file_size` int(11) DEFAULT NULL,
  `avatar_updated_at` datetime DEFAULT NULL,
  `role_id` int(11) DEFAULT NULL,
  `contact_no` varchar(255) COLLATE utf8_unicode_ci DEFAULT NULL,
  PRIMARY KEY (`id`),
  UNIQUE KEY `index_users_on_email` (`email`),
  UNIQUE KEY `index_users_on_reset_password_token` (`reset_password_token`),
  KEY `index_users_on_employee_id` (`employee_id`),
  KEY `index_users_on_role_id` (`role_id`),
  CONSTRAINT `fk_rails_642f17018b` FOREIGN KEY (`role_id`) REFERENCES `roles` (`id`),
  CONSTRAINT `fk_rails_bb0d626f7d` FOREIGN KEY (`employee_id`) REFERENCES `employees` (`id`)
) ENGINE=InnoDB AUTO_INCREMENT=15 DEFAULT CHARSET=utf8 COLLATE=utf8_unicode_ci;
/*!40101 SET character_set_client = @saved_cs_client */;

--
-- Dumping data for table `users`
--

LOCK TABLES `users` WRITE;
/*!40000 ALTER TABLE `users` DISABLE KEYS */;
INSERT INTO `users` VALUES (1,'admin@gmail.com','$2a$11$EKx3MBTAqj0/Ys993uirm.2l.B54CZuQWEz69QnWEh5JKSW7SE/JW',NULL,NULL,NULL,125,'2018-11-03 10:34:01','2018-11-03 05:12:24','223.229.179.124','114.143.205.226','2018-07-20 05:58:19','2018-11-03 10:34:01',1,NULL,NULL,NULL,NULL,1,NULL),(2,'telecaller@gmail.com','$2a$11$YAGmibdTZ.7.vi7.Qll69.TWq6rvP/5t14xLqjr6ycJezOdvP.3qO',NULL,NULL,NULL,9,'2018-10-23 13:01:47','2018-10-11 10:46:16','114.143.205.226','157.33.208.163','2018-07-20 11:45:17','2018-10-31 08:52:44',2,NULL,NULL,NULL,NULL,1,NULL),(3,'surekhakumari2018@gmail.com','$2a$11$Yz5Em9iIqM9fl4G91bitbuIL6YlbOuZaGqpxySh0f2awboT92jqlW',NULL,NULL,NULL,138,'2018-11-12 04:51:21','2018-11-04 05:43:34','122.179.172.98','223.229.217.31','2018-08-22 09:49:26','2018-11-12 04:51:21',4,NULL,NULL,NULL,NULL,9,NULL),(4,'ktejaswita28@gmail.com','$2a$11$Gqn3ysJ726k9gOnq.DH4A.nVDWGVtoTRBHXFHUbfI7T0ZGcdKkynm',NULL,NULL,NULL,76,'2018-10-31 09:38:11','2018-10-24 09:57:12','223.229.137.23','223.229.169.28','2018-08-30 06:01:18','2018-10-31 10:03:35',3,NULL,NULL,NULL,NULL,9,NULL),(9,'abcd@gmail.com','$2a$11$51GSKpGyJQIH8.SYkraPBe3Vnfn1n2HlHRxn1G481iENvC5NwDnfG',NULL,NULL,NULL,0,NULL,NULL,NULL,NULL,'2018-08-30 07:39:12','2018-10-30 05:51:07',NULL,NULL,NULL,NULL,NULL,9,NULL),(10,'pangerkarkalpesh888@gmail.com','$2a$11$LRg1X863MXMVlFIoeuRbsO9DUGOR1cLgvp9XwpHthXeSNPkjJWYiy',NULL,NULL,NULL,49,'2018-10-31 09:39:43','2018-10-30 04:59:53','223.229.137.23','223.229.137.23','2018-09-07 09:52:06','2018-10-31 09:39:43',9,NULL,NULL,NULL,NULL,5,NULL),(11,'swapnilp.sfm@gmail.com','$2a$11$/.rR3Qm3OXXPiHQ6pAXshOSp5YJQjW09TU6VhNuc/FhZgx0L8Cj9O',NULL,NULL,NULL,0,NULL,NULL,NULL,NULL,'2018-10-09 05:11:56','2018-10-09 05:11:56',10,NULL,NULL,NULL,NULL,9,NULL),(12,'vijayraje922@gmail.com','$2a$11$ibXOFZL2Bk5rrbOiikWlZOJJHnhyuQYa76YquZ.HfU0CWzaifChay',NULL,NULL,NULL,15,'2018-11-06 06:50:33','2018-11-05 05:57:11','122.179.172.98','223.229.207.18','2018-10-09 05:15:21','2018-11-06 06:50:33',11,NULL,NULL,NULL,NULL,9,NULL),(13,'akashtilekar35@gmail.com','$2a$11$FZ5Ec3lygwZv.rPmPGntn.wKKmu1ogLNBlqMns1QMcorBqE7rSY9u',NULL,NULL,NULL,29,'2018-11-12 08:28:00','2018-11-12 06:06:35','122.179.172.98','122.179.172.98','2018-10-24 10:00:24','2018-11-12 08:28:00',12,NULL,NULL,NULL,NULL,9,'9527070742'),(14,'sidshilpa88@gmail.com','$2a$11$gvGd982zgeyMzzjGf.UWTeaXEQe0L3IDoiT4cFajm/EIOrvHfhkhu',NULL,NULL,NULL,10,'2018-11-07 06:45:44','2018-11-06 05:59:10','122.179.172.98','122.179.172.98','2018-10-24 10:02:50','2018-11-07 06:45:44',13,NULL,NULL,NULL,NULL,9,'9764926937');
/*!40000 ALTER TABLE `users` ENABLE KEYS */;
UNLOCK TABLES;

--
-- Table structure for table `vehicle_bookings`
--

DROP TABLE IF EXISTS `vehicle_bookings`;
/*!40101 SET @saved_cs_client     = @@character_set_client */;
/*!40101 SET character_set_client = utf8 */;
CREATE TABLE `vehicle_bookings` (
  `id` int(11) NOT NULL AUTO_INCREMENT,
  `pan` varchar(255) COLLATE utf8_unicode_ci DEFAULT NULL,
  `adhar` varchar(255) COLLATE utf8_unicode_ci DEFAULT NULL,
  `licence` varchar(255) COLLATE utf8_unicode_ci DEFAULT NULL,
  `light_bill` varchar(255) COLLATE utf8_unicode_ci DEFAULT NULL,
  `rent_agr` varchar(255) COLLATE utf8_unicode_ci DEFAULT NULL,
  `bs` varchar(255) COLLATE utf8_unicode_ci DEFAULT NULL,
  `itr` varchar(255) COLLATE utf8_unicode_ci DEFAULT NULL,
  `native_light_bill` varchar(255) COLLATE utf8_unicode_ci DEFAULT NULL,
  `pan_guarantor` varchar(255) COLLATE utf8_unicode_ci DEFAULT NULL,
  `adhar_guarantor` varchar(255) COLLATE utf8_unicode_ci DEFAULT NULL,
  `light_bill_guarantor` varchar(255) COLLATE utf8_unicode_ci DEFAULT NULL,
  `rent_agr_guarantor` varchar(255) COLLATE utf8_unicode_ci DEFAULT NULL,
  `bs_guarantor` varchar(255) COLLATE utf8_unicode_ci DEFAULT NULL,
  `itr_guarantor` varchar(255) COLLATE utf8_unicode_ci DEFAULT NULL,
  `pan_guarantor1` varchar(255) COLLATE utf8_unicode_ci DEFAULT NULL,
  `adhar_guarantor1` varchar(255) COLLATE utf8_unicode_ci DEFAULT NULL,
  `light_bill_guarantor1` varchar(255) COLLATE utf8_unicode_ci DEFAULT NULL,
  `rent_agr_guarantor1` varchar(255) COLLATE utf8_unicode_ci DEFAULT NULL,
  `bs_guarantor1` varchar(255) COLLATE utf8_unicode_ci DEFAULT NULL,
  `itr_guarantor1` varchar(255) COLLATE utf8_unicode_ci DEFAULT NULL,
  `status` tinyint(1) DEFAULT NULL,
  `created_at` datetime NOT NULL,
  `updated_at` datetime NOT NULL,
  `enquiry_id` int(11) DEFAULT NULL,
  `vehicle_type_id` int(11) DEFAULT NULL,
  `user_id` int(11) DEFAULT NULL,
  `date` date DEFAULT NULL,
  `executive_id` int(11) DEFAULT NULL,
  `guarantor_unit` varchar(255) COLLATE utf8_unicode_ci DEFAULT NULL,
  `guarantor1_unit` varchar(255) COLLATE utf8_unicode_ci DEFAULT NULL,
  `agent_id` int(11) DEFAULT NULL,
  PRIMARY KEY (`id`),
  KEY `index_vehicle_bookings_on_enquiry_id` (`enquiry_id`),
  KEY `index_vehicle_bookings_on_vehicle_type_id` (`vehicle_type_id`),
  KEY `index_vehicle_bookings_on_user_id` (`user_id`),
  KEY `index_vehicle_bookings_on_agent_id` (`agent_id`),
  CONSTRAINT `fk_rails_89436ff3a8` FOREIGN KEY (`agent_id`) REFERENCES `agents` (`id`),
  CONSTRAINT `fk_rails_944ac80237` FOREIGN KEY (`user_id`) REFERENCES `users` (`id`),
  CONSTRAINT `fk_rails_ce369b12d4` FOREIGN KEY (`vehicle_type_id`) REFERENCES `vehicle_types` (`id`),
  CONSTRAINT `fk_rails_f4c959f040` FOREIGN KEY (`enquiry_id`) REFERENCES `enquiries` (`id`)
) ENGINE=InnoDB AUTO_INCREMENT=18 DEFAULT CHARSET=utf8 COLLATE=utf8_unicode_ci;
/*!40101 SET character_set_client = @saved_cs_client */;

--
-- Dumping data for table `vehicle_bookings`
--

LOCK TABLES `vehicle_bookings` WRITE;
/*!40000 ALTER TABLE `vehicle_bookings` DISABLE KEYS */;
INSERT INTO `vehicle_bookings` VALUES (10,'CCMPB3147B','436958663143','MH23 20180006640','','','','','','','','','','','','','','','','','',1,'2018-09-01 09:53:16','2018-09-01 09:53:16',38,NULL,NULL,NULL,NULL,NULL,NULL,NULL),(11,'BFYPG8981C','996498864463','','','YES','YES','NA','NO','NA','NA','NA','NA','NA ','NA','NA ','NA ','NA ','NA','NA ','NA',1,'2018-09-03 12:21:14','2018-09-03 12:21:14',78,NULL,NULL,NULL,NULL,NULL,NULL,NULL),(12,'ALJPA1928K','392914816477','MH1220040575704','NO','YES','YES','YES','NO','NA','NA','NA','NA','NA','NA','NA','NA','NA','NA','NA','NA',1,'2018-09-03 12:23:56','2018-09-03 12:23:56',24,NULL,NULL,NULL,NULL,NULL,NULL,NULL),(13,'BACPL6970L','12345647890','MH1420130033666','','','','','','','','','','','','','','','','','',1,'2018-09-18 11:36:09','2018-09-18 11:36:09',18,NULL,NULL,NULL,NULL,NULL,NULL,NULL),(14,'AAAA10888Djhjjh','11111111111111','MH142013003366612','','','','','','','','','','','','','','','','','',1,'2018-09-18 12:03:17','2018-09-18 12:03:17',20,NULL,NULL,NULL,NULL,NULL,NULL,NULL),(15,'AAAA10888D','65987431','MH1420130033666','12358998798','','','','','','','','','','','','','','','','',1,'2018-09-19 05:43:10','2018-09-19 05:43:10',390,NULL,9,NULL,9,NULL,NULL,NULL),(16,'BASL21000','3214569870','MH1245698','','','','','','','','','','',NULL,'','','','','',NULL,1,'2018-10-27 06:52:58','2018-10-27 06:52:58',64,NULL,1,'2018-10-27',2,NULL,NULL,2),(17,'BACPH0192L','333422567541','','','','','','','','','','','',NULL,'','','','','',NULL,0,'2018-10-31 11:48:46','2018-10-31 11:48:46',1177,NULL,1,NULL,1,'','',7);
/*!40000 ALTER TABLE `vehicle_bookings` ENABLE KEYS */;
UNLOCK TABLES;

--
-- Table structure for table `vehicle_types`
--

DROP TABLE IF EXISTS `vehicle_types`;
/*!40101 SET @saved_cs_client     = @@character_set_client */;
/*!40101 SET character_set_client = utf8 */;
CREATE TABLE `vehicle_types` (
  `id` int(11) NOT NULL AUTO_INCREMENT,
  `code` varchar(255) COLLATE utf8_unicode_ci DEFAULT NULL,
  `name` varchar(255) COLLATE utf8_unicode_ci DEFAULT NULL,
  `description` text COLLATE utf8_unicode_ci,
  `status` tinyint(1) DEFAULT NULL,
  `created_at` datetime DEFAULT NULL,
  `updated_at` datetime DEFAULT NULL,
  `brand` varchar(255) COLLATE utf8_unicode_ci DEFAULT NULL,
  PRIMARY KEY (`id`)
) ENGINE=InnoDB AUTO_INCREMENT=13 DEFAULT CHARSET=utf8 COLLATE=utf8_unicode_ci;
/*!40101 SET character_set_client = @saved_cs_client */;

--
-- Dumping data for table `vehicle_types`
--

LOCK TABLES `vehicle_types` WRITE;
/*!40000 ALTER TABLE `vehicle_types` DISABLE KEYS */;
INSERT INTO `vehicle_types` VALUES (1,'V_101','SEDAN - TATA ZEST XE D','SEDAN - TATA ZEST XE D',1,'2018-08-09 06:42:13','2018-10-11 11:09:20','TATA'),(2,'V_102','SEDAN - TATA ZEST XE P','SEDAN - TATA ZEST XE P',1,'2018-08-09 09:34:45','2018-10-11 11:09:50','TATA'),(3,'V_103','SEDAN - TATA ZEST XM D','SEDAN - TATA ZEST XM D',1,'2018-08-22 09:51:21','2018-10-11 11:10:05','TATA'),(4,'V_104','SUV - TATA HEXA','SUV - TATA HEXA',1,'2018-08-22 09:52:27','2018-10-11 11:10:14','TATA'),(5,'V_105','HATCHBACK  - TATA BOLT XM','HATCHBACK  - TATA BOLT XM',1,'2018-08-22 09:52:53','2018-10-11 11:10:40','TATA'),(6,'V_106','SEDAN - HUNDAI XCENT D','SEDAN - HUNDAI XCENT D',1,'2018-08-22 09:53:41','2018-10-11 11:11:11','HUNDAI'),(7,'V_107','SEDAN - HYUNDAI XCENT P+CNG','SEDAN - HYUNDAI XCENT P+CNG',1,'2018-08-22 09:54:16','2018-10-11 11:11:30','HUNDAI'),(8,'V_108','SEDAN - MARUTI SWIFT DZIRE D','SEDAN - MARUTI SWIFT DZIRE D',1,'2018-08-22 09:54:46','2018-10-11 11:17:18','MARUTI'),(9,'V_109','SEDAN - MARUTI SWIFT DZIRE P+CNG','SEDAN - MARUTI SWIFT DZIRE P+CNG',1,'2018-08-22 09:55:16','2018-10-11 11:17:25','MARUTI'),(10,'V_110','SUV - MARUTI ERTIGA P+CNG','SUV - MARUTI ERTIGA P+CNG',1,'2018-08-22 09:55:45','2018-10-11 11:17:33','MARUTI'),(11,'V_111','SUV - MARUTI ERTIGA D','SUV - MARUTI ERTIGA D',1,'2018-08-22 09:56:27','2018-10-11 11:17:41','MARUTI'),(12,'V_112','HATCHBACK  - MARUTI WAGON-R CNG','HATCHBACK  - MARUTI WAGON-R CNG',1,'2018-08-22 09:56:52','2018-10-11 11:17:54','MARUTI');
/*!40000 ALTER TABLE `vehicle_types` ENABLE KEYS */;
UNLOCK TABLES;
/*!40103 SET TIME_ZONE=@OLD_TIME_ZONE */;

/*!40101 SET SQL_MODE=@OLD_SQL_MODE */;
/*!40014 SET FOREIGN_KEY_CHECKS=@OLD_FOREIGN_KEY_CHECKS */;
/*!40014 SET UNIQUE_CHECKS=@OLD_UNIQUE_CHECKS */;
/*!40101 SET CHARACTER_SET_CLIENT=@OLD_CHARACTER_SET_CLIENT */;
/*!40101 SET CHARACTER_SET_RESULTS=@OLD_CHARACTER_SET_RESULTS */;
/*!40101 SET COLLATION_CONNECTION=@OLD_COLLATION_CONNECTION */;
/*!40111 SET SQL_NOTES=@OLD_SQL_NOTES */;

-- Dump completed on 2018-11-12  8:52:03
